rank,district,loss_year,lat,lon,area_km2,in_protected,risk_tier,projected_loss_pct
1,Satkhira,2023,21.86206,89.06848,1.506,True,High,10.7
2,Khulna,2023,22.22701,89.44423,1.328,True,High,22.68
3,Khulna,2023,22.18216,89.45413,1.27,True,High,22.68
4,Satkhira,2023,21.74035,89.25829,1.159,True,High,10.7
5,Khulna,2023,22.01035,89.5271,1.04,True,High,22.68
6,Khulna,2023,22.04895,89.49948,0.982,True,High,22.68
7,Satkhira,2023,22.18092,89.22233,0.982,True,High,10.7
8,Satkhira,2023,21.74583,89.12326,0.927,True,High,10.7
9,Satkhira,2023,21.87496,89.24257,0.926,True,High,10.7
10,Satkhira,2023,21.67907,89.23383,0.812,True,High,10.7
11,Bagerhat,2023,21.76746,89.62572,0.81,True,High,11.87
12,Bagerhat,2023,22.15262,89.66967,0.808,True,High,11.87
13,Satkhira,2023,21.73707,89.13248,0.753,True,High,10.7
14,Satkhira,2023,21.92503,89.13127,0.752,True,High,10.7
15,Khulna,2023,22.28418,89.53724,0.75,True,High,22.68
16,Bagerhat,2023,21.73605,89.56428,0.695,True,High,11.87
17,Satkhira,2023,21.88558,89.21487,0.695,True,High,10.7
18,Bagerhat,2023,21.88202,89.8508,0.694,True,High,11.87
19,Satkhira,2023,21.94737,89.14667,0.637,True,High,10.7
20,Bagerhat,2023,21.90797,89.83633,0.636,True,High,11.87
21,Khulna,2023,22.06191,89.54294,0.636,True,High,22.68
22,Khulna,2023,22.32834,89.43127,0.635,True,High,22.68
23,Satkhira,2023,21.88835,89.14027,0.579,True,High,10.7
24,Satkhira,2023,22.20231,89.28715,0.578,True,High,10.7
25,Khulna,2023,22.331,89.47557,0.577,True,High,22.68
26,Khulna,2023,22.3548,89.46367,0.577,True,High,22.68
27,Tangail,2023,24.73399,90.09339,0.566,True,High,8.96
28,Satkhira,2023,21.72638,89.24725,0.522,True,High,10.7
29,Satkhira,2023,21.94771,89.27994,0.521,True,High,10.7
30,Bagerhat,2023,21.98714,89.55817,0.52,True,High,11.87
31,Satkhira,2023,22.13137,89.08755,0.52,True,High,10.7
32,Satkhira,2023,22.18726,89.18736,0.52,True,High,10.7
33,Bagerhat,2023,22.2479,89.77002,0.519,True,High,11.87
34,Satkhira,2023,21.68589,89.25464,0.464,True,High,10.7
35,Satkhira,2023,21.72491,89.27513,0.464,True,High,10.7
36,Satkhira,2023,22.07133,89.09856,0.463,True,High,10.7
37,Satkhira,2023,22.14207,89.10361,0.462,True,High,10.7
38,Bagerhat,2023,22.03792,89.82198,0.462,True,High,11.87
39,Khulna,2023,22.17519,89.43515,0.462,True,High,22.68
40,Tangail,2023,24.66633,90.03674,0.453,True,High,8.96
41,Satkhira,2023,21.76602,89.09539,0.406,True,High,10.7
42,Satkhira,2023,21.72431,89.26607,0.406,True,High,10.7
43,Satkhira,2023,21.84045,89.20768,0.405,True,High,10.7
44,Satkhira,2023,21.82633,89.26318,0.405,True,High,10.7
45,Satkhira,2023,21.91167,89.04727,0.405,True,High,10.7
46,Satkhira,2023,22.08364,89.07935,0.405,True,High,10.7
47,Bagerhat,2023,21.91841,89.85158,0.405,True,High,11.87
48,Khulna,2023,22.10513,89.29559,0.405,True,High,22.68
49,Bagerhat,2023,22.04418,89.66454,0.404,True,High,11.87
50,Bagerhat,2023,22.11444,89.66261,0.404,True,High,11.87
51,Bagerhat,2023,22.14973,89.67833,0.404,True,High,11.87
52,Khulna,2023,22.21197,89.4422,0.404,True,High,22.68
53,Khulna,2023,22.24341,89.36713,0.404,True,High,22.68
54,Satkhira,2023,21.67111,89.24613,0.348,True,High,10.7
55,Satkhira,2023,21.75832,89.10539,0.348,True,High,10.7
56,Satkhira,2023,21.77404,89.10165,0.348,True,High,10.7
57,Satkhira,2023,21.81222,89.19896,0.348,True,High,10.7
58,Bagerhat,2023,21.75233,89.58225,0.347,True,High,11.87
59,Satkhira,2023,21.86088,89.22517,0.347,True,High,10.7
60,Satkhira,2023,21.85414,89.26072,0.347,True,High,10.7
61,Satkhira,2023,21.86499,89.2611,0.347,True,High,10.7
62,Satkhira,2023,22.00348,89.15517,0.347,True,High,10.7
63,Satkhira,2023,22.04615,89.13009,0.347,True,High,10.7
64,Satkhira,2023,22.08022,89.1387,0.347,True,High,10.7
65,Khulna,2023,22.01396,89.46359,0.347,True,High,22.68
66,Bagerhat,2023,22.0076,89.5815,0.347,True,High,11.87
67,Bagerhat,2023,22.0106,89.57027,0.347,True,High,11.87
68,Satkhira,2023,22.2071,89.28206,0.346,True,High,10.7
69,Khulna,2023,22.13823,89.54781,0.346,True,High,22.68
70,Bagerhat,2023,22.11802,89.63951,0.346,True,High,11.87
71,Bagerhat,2023,22.12887,89.63614,0.346,True,High,11.87
72,Khulna,2023,22.24079,89.42167,0.346,True,High,22.68
73,Bagerhat,2023,22.17903,89.70726,0.346,True,High,11.87
74,Khulna,2023,22.22395,89.53209,0.346,True,High,22.68
75,Khulna,2023,22.23555,89.49429,0.346,True,High,22.68
76,Bagerhat,2023,22.19924,89.76415,0.346,True,High,11.87
77,Satkhira,2023,21.71295,89.25234,0.29,True,High,10.7
78,Satkhira,2023,21.73496,89.23886,0.29,True,High,10.7
79,Satkhira,2023,21.74709,89.26986,0.29,True,High,10.7
80,Satkhira,2023,21.74889,89.27614,0.29,True,High,10.7
81,Khulna,2023,21.73945,89.37855,0.29,True,High,22.68
82,Khulna,2023,21.7682,89.38978,0.29,True,High,22.68
83,Khulna,2023,21.77539,89.40775,0.29,True,High,22.68
84,Bagerhat,2023,21.78078,89.57708,0.289,True,High,11.87
85,Satkhira,2023,21.87285,89.25998,0.289,True,High,10.7
86,Satkhira,2023,21.93933,89.33948,0.289,True,High,10.7
87,Bagerhat,2023,21.90654,89.70329,0.289,True,High,11.87
88,Bagerhat,2023,21.89217,89.81783,0.289,True,High,11.87
89,Satkhira,2023,22.10552,89.07178,0.289,True,High,10.7
90,Bagerhat,2023,21.92406,89.76258,0.289,True,High,11.87
91,Bagerhat,2023,21.9829,89.60044,0.289,True,High,11.87
92,Satkhira,2023,22.10417,89.20248,0.289,True,High,10.7
93,Bagerhat,2023,21.97796,89.70015,0.289,True,High,11.87
94,Bagerhat,2023,22.01569,89.58202,0.289,True,High,11.87
95,Satkhira,2023,22.13516,89.15667,0.289,True,High,10.7
96,Bagerhat,2023,21.98874,89.71542,0.289,True,High,11.87
97,Bagerhat,2023,21.99458,89.70015,0.289,True,High,11.87
98,Satkhira,2023,22.1693,89.22359,0.289,True,High,10.7
99,Bagerhat,2023,22.01479,89.81693,0.289,True,High,11.87
100,Khulna,2023,22.08126,89.56136,0.289,True,High,22.68
101,Satkhira,2023,22.194,89.26357,0.289,True,High,10.7
102,Bagerhat,2023,22.13157,89.66332,0.289,True,High,11.87
103,Bagerhat,2023,22.12528,89.70419,0.289,True,High,11.87
104,Khulna,2023,22.19176,89.53172,0.289,True,High,22.68
105,Khulna,2023,22.21646,89.44997,0.289,True,High,22.68
106,Bagerhat,2023,22.15268,89.72979,0.289,True,High,11.87
107,Khulna,2023,22.2232,89.48455,0.289,True,High,22.68
108,Khulna,2023,22.23532,89.44593,0.289,True,High,22.68
109,Bagerhat,2023,22.20074,89.67095,0.289,True,High,11.87
110,Khulna,2023,22.28024,89.50611,0.288,True,High,22.68
111,Khulna,2023,22.33773,89.41628,0.288,True,High,22.68
112,Khulna,2023,22.34896,89.61795,0.288,True,High,22.68
113,Tangail,2023,24.72411,90.05498,0.283,True,High,8.96
114,Khulna,2022,22.05887,89.46577,2.369,True,High,22.68
115,Satkhira,2022,21.99802,89.27887,1.966,True,High,10.7
116,Khulna,2022,22.10489,89.53148,1.617,True,High,22.68
117,Gazipur,2022,24.17461,90.45128,1.477,True,Medium,1.1
118,Satkhira,2022,21.85695,89.1723,1.448,True,High,10.7
119,Satkhira,2022,21.89194,89.16986,1.389,True,High,10.7
120,Khulna,2022,21.82298,89.42308,1.389,True,High,22.68
121,Khulna,2022,22.16991,89.45556,1.27,True,High,22.68
122,Tangail,2022,24.73409,90.11674,1.245,True,High,8.96
123,Bagerhat,2022,22.01872,89.573,1.214,True,High,11.87
124,Khulna,2022,22.21582,89.41889,1.212,True,High,22.68
125,Khulna,2022,21.8258,89.39764,1.158,True,High,22.68
126,Khulna,2022,22.11854,89.52498,1.155,True,High,22.68
127,Khulna,2022,22.02249,89.52581,1.098,True,High,22.68
128,Satkhira,2022,21.87522,89.21718,1.042,True,High,10.7
129,Khulna,2022,22.13748,89.41743,1.04,True,High,22.68
130,Khulna,2022,21.89399,89.45338,0.984,True,High,22.68
131,Satkhira,2022,22.02293,89.10607,0.983,True,High,10.7
132,Khulna,2022,22.36666,89.45496,0.98,True,High,22.68
133,Khulna,2022,21.88268,89.40216,0.926,True,High,22.68
134,Khulna,2022,22.12031,89.44245,0.924,True,High,22.68
135,Satkhira,2022,22.20944,89.25394,0.924,True,High,10.7
136,Satkhira,2022,21.86731,89.25653,0.868,True,High,10.7
137,Khulna,2022,21.93918,89.42032,0.868,True,High,22.68
138,Khulna,2022,22.10941,89.40445,0.867,True,High,22.68
139,Khulna,2022,22.2488,89.43051,0.866,True,High,22.68
140,Satkhira,2022,21.91103,89.04037,0.811,True,High,10.7
141,Khulna,2022,21.89451,89.43771,0.81,True,High,22.68
142,Satkhira,2022,22.12278,89.07839,0.809,True,High,10.7
143,Khulna,2022,22.15101,89.42071,0.809,True,High,22.68
144,Khulna,2022,22.26458,89.45536,0.808,True,High,22.68
145,Satkhira,2022,21.87942,89.11244,0.753,True,High,10.7
146,Khulna,2022,21.84055,89.40301,0.752,True,High,22.68
147,Khulna,2022,22.09191,89.40941,0.751,True,High,22.68
148,Khulna,2022,22.13751,89.31215,0.751,True,High,22.68
149,Satkhira,2022,21.86855,89.11624,0.695,True,High,10.7
150,Satkhira,2022,21.90467,89.17838,0.695,True,High,10.7
151,Khulna,2022,22.01078,89.44301,0.694,True,High,22.68
152,Bagerhat,2022,21.94902,89.70071,0.694,True,High,11.87
153,Khulna,2022,22.08134,89.41868,0.693,True,High,22.68
154,Khulna,2022,22.1066,89.44694,0.693,True,High,22.68
155,Khulna,2022,22.16818,89.414,0.693,True,High,22.68
156,Satkhira,2022,21.87,89.13768,0.637,True,High,10.7
157,Satkhira,2022,22.03333,89.11032,0.636,True,High,10.7
158,Khulna,2022,22.07028,89.48231,0.636,True,High,22.68
159,Satkhira,2022,22.17665,89.19219,0.635,True,High,10.7
160,Khulna,2022,22.14541,89.56602,0.635,True,High,22.68
161,Khulna,2022,22.16256,89.52212,0.635,True,High,22.68
162,Gazipur,2022,24.15049,90.45759,0.625,True,Medium,1.1
163,Tangail,2022,24.73705,90.09908,0.623,True,High,8.96
164,Khulna,2022,21.86746,89.41785,0.579,True,High,22.68
165,Satkhira,2022,21.93416,89.18811,0.579,True,High,10.7
166,Khulna,2022,22.08531,89.39966,0.578,True,High,22.68
167,Khulna,2022,22.07789,89.48994,0.578,True,High,22.68
168,Khulna,2022,22.09564,89.49803,0.578,True,High,22.68
169,Khulna,2022,22.12079,89.41067,0.578,True,High,22.68
170,Khulna,2022,22.10058,89.56675,0.578,True,High,22.68
171,Satkhira,2022,21.67747,89.24151,0.522,True,High,10.7
172,Satkhira,2022,21.76331,89.11001,0.522,True,High,10.7
173,Satkhira,2022,21.78178,89.20508,0.521,True,High,10.7
174,Satkhira,2022,21.81821,89.14469,0.521,True,High,10.7
175,Satkhira,2022,21.87959,89.25274,0.521,True,High,10.7
176,Khulna,2022,21.87535,89.41469,0.521,True,High,22.68
177,Satkhira,2022,21.9572,89.15293,0.521,True,High,10.7
178,Khulna,2022,21.93224,89.44762,0.521,True,High,22.68
179,Satkhira,2022,22.08046,89.0853,0.52,True,High,10.7
180,Khulna,2022,22.00885,89.47258,0.52,True,High,22.68
181,Khulna,2022,22.08895,89.53895,0.52,True,High,22.68
182,Satkhira,2022,22.1678,89.25274,0.52,True,High,10.7
183,Satkhira,2022,22.20423,89.26522,0.52,True,High,10.7
184,Satkhira,2022,22.20249,89.27495,0.52,True,High,10.7
185,Bagerhat,2022,22.20623,89.76677,0.519,True,High,11.87
186,Khulna,2022,22.29232,89.52648,0.519,True,High,22.68
187,Satkhira,2022,21.78892,89.07975,0.464,True,High,10.7
188,Satkhira,2022,21.77095,89.2611,0.463,True,High,10.7
189,Khulna,2022,21.8198,89.33016,0.463,True,High,22.68
190,Khulna,2022,21.82373,89.38967,0.463,True,High,22.68
191,Satkhira,2022,21.88801,89.20916,0.463,True,High,10.7
192,Khulna,2022,21.85741,89.43908,0.463,True,High,22.68
193,Bagerhat,2022,21.98374,89.56231,0.462,True,High,11.87
194,Khulna,2022,22.03455,89.4461,0.462,True,High,22.68
195,Bagerhat,2022,22.00171,89.65944,0.462,True,High,11.87
196,Khulna,2022,22.07498,89.50084,0.462,True,High,22.68
197,Satkhira,2022,22.16846,89.17435,0.462,True,High,10.7
198,Khulna,2022,22.0935,89.56709,0.462,True,High,22.68
199,Khulna,2022,22.22881,89.54154,0.462,True,High,22.68
200,Khulna,2022,22.25688,89.44357,0.462,True,High,22.68
201,Satkhira,2022,21.77211,89.11079,0.406,True,High,10.7
202,Satkhira,2022,21.74677,89.26415,0.406,True,High,10.7
203,Bagerhat,2022,21.72046,89.58305,0.405,True,High,11.87
204,Satkhira,2022,21.86772,89.16341,0.405,True,High,10.7
205,Satkhira,2022,21.85585,89.21185,0.405,True,High,10.7
206,Satkhira,2022,21.88023,89.17303,0.405,True,High,10.7
207,Khulna,2022,21.81318,89.439,0.405,True,High,22.68
208,Bagerhat,2022,21.77789,89.59075,0.405,True,High,11.87
209,Satkhira,2022,21.91007,89.18971,0.405,True,High,10.7
210,Satkhira,2022,21.97071,89.10309,0.405,True,High,10.7
211,Satkhira,2022,21.96269,89.18201,0.405,True,High,10.7
212,Satkhira,2022,21.96493,89.25131,0.405,True,High,10.7
213,Khulna,2022,21.99477,89.34211,0.405,True,High,22.68
214,Satkhira,2022,22.06728,89.23463,0.405,True,High,10.7
215,Satkhira,2022,22.13401,89.11849,0.405,True,High,10.7
216,Satkhira,2022,22.17379,89.24425,0.404,True,High,10.7
217,Khulna,2022,22.17604,89.39119,0.404,True,High,22.68
218,Khulna,2022,22.16224,89.46145,0.404,True,High,22.68
219,Khulna,2022,22.2001,89.49546,0.404,True,High,22.68
220,Bagerhat,2022,22.19432,89.57663,0.404,True,High,11.87
221,Khulna,2022,22.34126,89.40659,0.404,True,High,22.68
222,Gazipur,2022,24.09971,90.39955,0.398,True,Medium,1.1
223,Gazipur,2022,24.15586,90.44479,0.398,True,Medium,1.1
224,Satkhira,2022,21.72875,89.12149,0.348,True,High,10.7
225,Satkhira,2022,21.7396,89.14095,0.348,True,High,10.7
226,Satkhira,2022,21.77441,89.09416,0.348,True,High,10.7
227,Satkhira,2022,21.77067,89.21394,0.348,True,High,10.7
228,Satkhira,2022,21.82719,89.22105,0.347,True,High,10.7
229,Bagerhat,2022,21.74073,89.58711,0.347,True,High,11.87
230,Satkhira,2022,21.85152,89.21506,0.347,True,High,10.7
231,Bagerhat,2022,21.76805,89.63427,0.347,True,High,11.87
232,Satkhira,2022,21.90654,89.13758,0.347,True,High,10.7
233,Satkhira,2022,21.88408,89.21993,0.347,True,High,10.7
234,Khulna,2022,21.91777,89.41082,0.347,True,High,22.68
235,Khulna,2022,21.91777,89.46921,0.347,True,High,22.68
236,Satkhira,2022,22.01471,89.1417,0.347,True,High,10.7
237,Khulna,2022,21.9421,89.41157,0.347,True,High,22.68
238,Satkhira,2022,22.00947,89.20383,0.347,True,High,10.7
239,Khulna,2022,21.95557,89.46921,0.347,True,High,22.68
240,Bagerhat,2022,21.90542,89.69229,0.347,True,High,11.87
241,Khulna,2022,21.97803,89.47333,0.347,True,High,22.68
242,Satkhira,2022,22.0892,89.10539,0.347,True,High,10.7
243,Khulna,2022,22.05776,89.2989,0.347,True,High,22.68
244,Khulna,2022,22.0237,89.44787,0.347,True,High,22.68
245,Bagerhat,2022,21.98739,89.59535,0.347,True,High,11.87
246,Bagerhat,2022,21.98514,89.60695,0.347,True,High,11.87
247,Satkhira,2022,22.13786,89.16341,0.347,True,High,10.7
248,Satkhira,2022,22.14347,89.1825,0.347,True,High,10.7
249,Satkhira,2022,22.15096,89.17314,0.347,True,High,10.7
250,Khulna,2022,22.10567,89.39061,0.347,True,High,22.68
251,Khulna,2022,22.07797,89.54257,0.347,True,High,22.68
252,Khulna,2022,22.11315,89.42916,0.347,True,High,22.68
253,Khulna,2022,22.11353,89.47782,0.347,True,High,22.68
254,Khulna,2022,22.09219,89.55679,0.347,True,High,22.68
255,Satkhira,2022,22.1708,89.28655,0.347,True,High,10.7
256,Cox's Bazar,2022,21.6771,92.06871,0.347,True,Medium,1.81
257,Khulna,2022,22.14871,89.42991,0.347,True,High,22.68
258,Khulna,2022,22.14721,89.44675,0.347,True,High,22.68
259,Khulna,2022,22.12476,89.57701,0.347,True,High,22.68
260,Khulna,2022,22.15395,89.52311,0.346,True,High,22.68
261,Khulna,2022,22.16032,89.5508,0.346,True,High,22.68
262,Bagerhat,2022,22.13935,89.64812,0.346,True,High,11.87
263,Khulna,2022,22.17529,89.54257,0.346,True,High,22.68
264,Khulna,2022,22.24341,89.49167,0.346,True,High,22.68
265,Bagerhat,2022,22.25576,89.70314,0.346,True,High,11.87
266,Khulna,2022,22.30854,89.5276,0.346,True,High,22.68
267,Bagerhat,2022,22.25127,89.80271,0.346,True,High,11.87
268,Gazipur,2022,24.14821,90.46858,0.341,True,Medium,1.1
269,Satkhira,2022,21.67478,89.27255,0.29,True,High,10.7
270,Satkhira,2022,21.75383,89.26402,0.29,True,High,10.7
271,Satkhira,2022,21.80728,89.16026,0.29,True,High,10.7
272,Satkhira,2022,21.88543,89.05471,0.29,True,High,10.7
273,Satkhira,2022,21.8504,89.26537,0.289,True,High,10.7
274,Satkhira,2022,21.87735,89.18003,0.289,True,High,10.7
275,Satkhira,2022,21.91552,89.05336,0.289,True,High,10.7
276,Khulna,2022,21.80458,89.45356,0.289,True,High,22.68
277,Khulna,2022,21.84186,89.42616,0.289,True,High,22.68
278,Bagerhat,2022,21.81357,89.58067,0.289,True,High,11.87
279,Khulna,2022,21.86477,89.44907,0.289,True,High,22.68
280,Khulna,2022,21.8742,89.44009,0.289,True,High,22.68
281,Khulna,2022,21.87824,89.432,0.289,True,High,22.68
282,Satkhira,2022,21.96044,89.16296,0.289,True,High,10.7
283,Satkhira,2022,21.91148,89.34621,0.289,True,High,10.7
284,Satkhira,2022,21.9308,89.34621,0.289,True,High,10.7
285,Khulna,2022,21.91867,89.4841,0.289,True,High,22.68
286,Bagerhat,2022,21.88094,89.64176,0.289,True,High,11.87
287,Bagerhat,2022,21.91867,89.58786,0.289,True,High,11.87
288,Khulna,2022,21.95325,89.50027,0.289,True,High,22.68
289,Satkhira,2022,22.03545,89.22314,0.289,True,High,10.7
290,Khulna,2022,21.97212,89.48006,0.289,True,High,22.68
291,Satkhira,2022,22.08576,89.1149,0.289,True,High,10.7
292,Satkhira,2022,22.09743,89.07313,0.289,True,High,10.7
293,Cox's Bazar,2022,21.53239,92.15974,0.289,True,Medium,1.81
294,Bagerhat,2022,21.91597,89.76034,0.289,True,High,11.87
295,Bagerhat,2022,21.9016,89.81963,0.289,True,High,11.87
296,Satkhira,2022,22.10597,89.0866,0.289,True,High,10.7
297,Khulna,2022,22.01703,89.46794,0.289,True,High,22.68
298,Bagerhat,2022,21.9281,89.82097,0.289,True,High,11.87
299,Khulna,2022,22.06509,89.30309,0.289,True,High,22.68
300,Bagerhat,2022,21.95415,89.72306,0.289,True,High,11.87
301,Khulna,2022,22.04533,89.39877,0.289,True,High,22.68
302,Satkhira,2022,22.12034,89.14993,0.289,True,High,10.7
303,Bagerhat,2022,21.99278,89.62784,0.289,True,High,11.87
304,Khulna,2022,22.07453,89.34352,0.289,True,High,22.68
305,Satkhira,2022,22.14639,89.12298,0.289,True,High,10.7
306,Satkhira,2022,22.14549,89.16206,0.289,True,High,10.7
307,Satkhira,2022,22.1437,89.17553,0.289,True,High,10.7
308,Khulna,2022,22.10103,89.33274,0.289,True,High,22.68
309,Satkhira,2022,22.15717,89.14724,0.289,True,High,10.7
310,Khulna,2022,22.08441,89.40685,0.289,True,High,22.68
311,Bagerhat,2022,22.03006,89.6485,0.289,True,High,11.87
312,Bagerhat,2022,22.0597,89.59729,0.289,True,High,11.87
313,Satkhira,2022,22.15448,89.26492,0.289,True,High,10.7
314,Bagerhat,2022,22.07318,89.60313,0.289,True,High,11.87
315,Khulna,2022,22.12304,89.48366,0.289,True,High,22.68
316,Satkhira,2022,22.1967,89.24964,0.289,True,High,10.7
317,Bagerhat,2022,22.10192,89.60852,0.289,True,High,11.87
318,Bagerhat,2022,22.11585,89.61032,0.289,True,High,11.87
319,Khulna,2022,22.19265,89.43739,0.289,True,High,22.68
320,Khulna,2022,22.18726,89.4576,0.289,True,High,22.68
321,Khulna,2022,22.22724,89.41134,0.289,True,High,22.68
322,Khulna,2022,22.24745,89.39742,0.289,True,High,22.68
323,Khulna,2022,22.2735,89.4621,0.289,True,High,22.68
324,Bagerhat,2022,22.2205,89.69206,0.289,True,High,11.87
325,Khulna,2022,22.28518,89.45985,0.288,True,High,22.68
326,Khulna,2022,22.31033,89.39966,0.288,True,High,22.68
327,Khulna,2022,22.36109,89.50791,0.288,True,High,22.68
328,Tangail,2022,24.6765,90.05858,0.283,True,High,8.96
329,Tangail,2022,24.7286,90.08508,0.283,True,High,8.96
330,Khulna,2021,22.13417,89.36674,2.888,True,High,22.68
331,Khulna,2021,22.08818,89.35376,1.445,True,High,22.68
332,Khulna,2021,21.82221,89.43234,1.158,True,High,22.68
333,Tangail,2021,24.74117,90.13943,1.132,True,High,8.96
334,Khulna,2021,21.86848,89.40973,1.1,True,High,22.68
335,Satkhira,2021,22.18053,89.15786,0.982,True,High,10.7
336,Satkhira,2021,22.01687,89.24285,0.925,True,High,10.7
337,Khulna,2021,21.93542,89.46803,0.81,True,High,22.68
338,Satkhira,2021,22.12534,89.09667,0.809,True,High,10.7
339,Satkhira,2021,22.05511,89.22456,0.752,True,High,10.7
340,Khulna,2021,22.0596,89.35326,0.751,True,High,22.68
341,Khulna,2021,22.08327,89.36294,0.751,True,High,22.68
342,Bagerhat,2021,22.15893,89.66387,0.75,True,High,11.87
343,Satkhira,2021,21.9945,89.19616,0.694,True,High,10.7
344,Khulna,2021,21.96343,89.45629,0.694,True,High,22.68
345,Khulna,2021,22.07217,89.42055,0.693,True,High,22.68
346,Bagerhat,2021,22.05794,89.61331,0.693,True,High,11.87
347,Khulna,2021,22.15096,89.4329,0.693,True,High,22.68
348,Khulna,2021,22.16125,89.40352,0.693,True,High,22.68
349,Khulna,2021,22.18914,89.39678,0.693,True,High,22.68
350,Gazipur,2021,24.03536,90.38306,0.683,True,Medium,1.1
351,Satkhira,2021,21.93533,89.16096,0.637,True,High,10.7
352,Khulna,2021,21.87735,89.4229,0.637,True,High,22.68
353,Khulna,2021,21.91307,89.43882,0.636,True,High,22.68
354,Khulna,2021,21.99515,89.37737,0.636,True,High,22.68
355,Bagerhat,2021,22.08212,89.72832,0.635,True,High,11.87
356,Satkhira,2021,21.88476,89.23527,0.579,True,High,10.7
357,Bagerhat,2021,21.929,89.7545,0.578,True,High,11.87
358,Khulna,2021,22.06959,89.34689,0.578,True,High,22.68
359,Satkhira,2021,22.15672,89.16565,0.578,True,High,10.7
360,Bagerhat,2021,22.06464,89.60605,0.578,True,High,11.87
361,Khulna,2021,22.14123,89.42392,0.578,True,High,22.68
362,Cox's Bazar,2021,21.08882,92.18649,0.522,True,Medium,1.81
363,Khulna,2021,21.76605,89.44089,0.521,True,High,22.68
364,Khulna,2021,21.84017,89.44787,0.521,True,High,22.68
365,Satkhira,2021,21.93673,89.31163,0.521,True,High,10.7
366,Khulna,2021,21.97891,89.4072,0.52,True,High,22.68
367,Khulna,2021,22.00161,89.40396,0.52,True,High,22.68
368,Khulna,2021,22.12987,89.39173,0.52,True,High,22.68
369,Bagerhat,2021,22.31028,89.68742,0.519,True,High,11.87
370,Gazipur,2021,24.03655,90.40508,0.512,True,Medium,1.1
371,Satkhira,2021,21.8591,89.1213,0.463,True,High,10.7
372,Khulna,2021,21.95707,89.44806,0.463,True,High,22.68
373,Satkhira,2021,22.06375,89.23303,0.463,True,High,10.7
374,Khulna,2021,22.04185,89.43655,0.462,True,High,22.68
375,Bagerhat,2021,21.96774,89.78324,0.462,True,High,11.87
376,Satkhira,2021,22.19541,89.14937,0.462,True,High,10.7
377,Khulna,2021,22.1227,89.55951,0.462,True,High,22.68
378,Bagerhat,2021,22.22629,89.63221,0.462,True,High,11.87
379,Satkhira,2021,21.852,89.20511,0.405,True,High,10.7
380,Satkhira,2021,21.9059,89.05015,0.405,True,High,10.7
381,Satkhira,2021,21.89531,89.22629,0.405,True,High,10.7
382,Satkhira,2021,21.8921,89.25228,0.405,True,High,10.7
383,Khulna,2021,21.86034,89.44862,0.405,True,High,22.68
384,Satkhira,2021,21.94761,89.29655,0.405,True,High,10.7
385,Khulna,2021,22.00247,89.39376,0.405,True,High,22.68
386,Khulna,2021,22.0291,89.41269,0.405,True,High,22.68
387,Satkhira,2021,22.12278,89.10919,0.405,True,High,10.7
388,Khulna,2021,22.06695,89.39953,0.405,True,High,22.68
389,Bagerhat,2021,22.01049,89.6639,0.405,True,High,11.87
390,Khulna,2021,22.13722,89.30585,0.404,True,High,22.68
391,Bagerhat,2021,22.05797,89.64112,0.404,True,High,11.87
392,Bagerhat,2021,22.06246,89.7287,0.404,True,High,11.87
393,Bagerhat,2021,22.12342,89.64657,0.404,True,High,11.87
394,Bagerhat,2021,22.13818,89.6193,0.404,True,High,11.87
395,Bagerhat,2021,22.13625,89.66999,0.404,True,High,11.87
396,Bagerhat,2021,22.1924,89.65523,0.404,True,High,11.87
397,Khulna,2021,22.2848,89.45375,0.404,True,High,22.68
398,Chittagong,2021,21.94761,92.064,0.404,True,Low,-1.19
399,Gazipur,2021,24.14142,90.40789,0.398,True,Medium,1.1
400,Tangail,2021,24.73238,90.05755,0.396,True,High,8.96
401,Satkhira,2021,21.92825,89.09603,0.347,True,High,10.7
402,Khulna,2021,21.88333,89.41531,0.347,True,High,22.68
403,Khulna,2021,21.98028,89.41568,0.347,True,High,22.68
404,Satkhira,2021,22.02781,89.26334,0.347,True,High,10.7
405,Khulna,2021,22.01396,89.37638,0.347,True,High,22.68
406,Satkhira,2021,22.10978,89.11624,0.347,True,High,10.7
407,Khulna,2021,22.03829,89.40071,0.347,True,High,22.68
408,Bagerhat,2021,21.95033,89.74731,0.347,True,High,11.87
409,Khulna,2021,22.04279,89.40558,0.347,True,High,22.68
410,Khulna,2021,22.03567,89.45087,0.347,True,High,22.68
411,Khulna,2021,22.07348,89.4082,0.347,True,High,22.68
412,Bagerhat,2021,22.05701,89.6339,0.347,True,High,11.87
413,Bagerhat,2021,22.07984,89.63352,0.347,True,High,11.87
414,Khulna,2021,22.17416,89.41044,0.346,True,High,22.68
415,Khulna,2021,22.18202,89.40707,0.346,True,High,22.68
416,Khulna,2021,22.22357,89.42916,0.346,True,High,22.68
417,Bagerhat,2021,22.21758,89.81468,0.346,True,High,11.87
418,Tangail,2021,24.73137,90.1261,0.34,True,High,8.96
419,Satkhira,2021,21.89935,89.27659,0.289,True,High,10.7
420,Khulna,2021,21.88902,89.39652,0.289,True,High,22.68
421,Bagerhat,2021,21.86881,89.58292,0.289,True,High,11.87
422,Khulna,2021,21.91912,89.41763,0.289,True,High,22.68
423,Satkhira,2021,21.97616,89.21506,0.289,True,High,10.7
424,Khulna,2021,21.92406,89.43919,0.289,True,High,22.68
425,Khulna,2021,21.92496,89.46838,0.289,True,High,22.68
426,Khulna,2021,22.01119,89.39023,0.289,True,High,22.68
427,Khulna,2021,21.99053,89.47512,0.289,True,High,22.68
428,Khulna,2021,22.03725,89.33723,0.289,True,High,22.68
429,Satkhira,2021,22.10956,89.10008,0.289,True,High,10.7
430,Khulna,2021,22.02781,89.39966,0.289,True,High,22.68
431,Khulna,2021,22.02332,89.41988,0.289,True,High,22.68
432,Khulna,2021,22.05072,89.34217,0.289,True,High,22.68
433,Khulna,2021,22.07767,89.34082,0.289,True,High,22.68
434,Khulna,2021,22.06779,89.4338,0.289,True,High,22.68
435,Khulna,2021,22.06869,89.47153,0.289,True,High,22.68
436,Khulna,2021,22.15268,89.34576,0.289,True,High,22.68
437,Bagerhat,2021,22.07363,89.66287,0.289,True,High,11.87
438,Satkhira,2021,22.17604,89.2757,0.289,True,High,10.7
439,Khulna,2021,22.15762,89.36643,0.289,True,High,22.68
440,Bagerhat,2021,22.07138,89.71407,0.289,True,High,11.87
441,Bagerhat,2021,22.08261,89.74147,0.289,True,High,11.87
442,Bagerhat,2021,22.14145,89.66197,0.289,True,High,11.87
443,Bagerhat,2021,22.16795,89.66512,0.289,True,High,11.87
444,Khulna,2021,22.25194,89.42437,0.289,True,High,22.68
445,Khulna,2021,22.25419,89.45581,0.289,True,High,22.68
446,Bagerhat,2021,22.19265,89.71901,0.289,True,High,11.87
447,Bagerhat,2021,22.20658,89.71228,0.289,True,High,11.87
448,Bagerhat,2021,22.23622,89.63412,0.289,True,High,11.87
449,Cox's Bazar,2021,21.89711,92.05463,0.288,True,Medium,1.81
450,Khulna,2021,22.3575,89.51195,0.288,True,High,22.68
451,Rangamati,2021,23.01102,92.26259,0.286,True,Medium,1.49
452,Gazipur,2021,24.06564,90.35412,0.284,True,Medium,1.1
453,Dinajpur,2021,25.55011,88.5521,0.282,True,High,39.31
454,Dinajpur,2021,25.89282,88.56827,0.281,True,High,39.31
455,Bagerhat,2020,21.91552,89.60707,2.718,True,High,11.87
456,Bagerhat,2020,22.05261,89.69556,1.386,True,High,11.87
457,Khulna,2020,22.26721,89.54115,1.154,True,High,22.68
458,Gazipur,2020,24.18006,90.44283,1.136,True,Medium,1.1
459,Bagerhat,2020,22.22081,89.64106,0.923,True,High,11.87
460,Khulna,2020,21.92061,89.42841,0.868,True,High,22.68
461,Bagerhat,2020,22.0633,89.71362,0.866,True,High,11.87
462,Khulna,2020,22.34552,89.52393,0.865,True,High,22.68
463,Khulna,2020,22.384,89.49803,0.865,True,High,22.68
464,Tangail,2020,24.65419,90.04361,0.85,True,High,8.96
465,Khulna,2020,22.01562,89.47557,0.809,True,High,22.68
466,Khulna,2020,22.04883,89.41558,0.809,True,High,22.68
467,Khulna,2020,22.38586,89.48343,0.807,True,High,22.68
468,Bagerhat,2020,22.34944,89.6971,0.807,True,High,11.87
469,Gazipur,2020,24.12249,90.40693,0.796,True,Medium,1.1
470,Khulna,2020,22.06271,89.51047,0.751,True,High,22.68
471,Gazipur,2020,24.04332,90.40101,0.739,True,Medium,1.1
472,Khulna,2020,22.23948,89.54051,0.693,True,High,22.68
473,Khulna,2020,21.90021,89.40738,0.636,True,High,22.68
474,Khulna,2020,21.90552,89.42494,0.636,True,High,22.68
475,Khulna,2020,22.10785,89.48455,0.635,True,High,22.68
476,Khulna,2020,22.17563,89.35246,0.635,True,High,22.68
477,Gazipur,2020,24.15029,90.41206,0.625,True,Medium,1.1
478,Satkhira,2020,22.0377,89.2748,0.578,True,High,10.7
479,Khulna,2020,22.0058,89.42235,0.578,True,High,22.68
480,Khulna,2020,22.07183,89.54811,0.578,True,High,22.68
481,Khulna,2020,22.15448,89.39809,0.578,True,High,22.68
482,Khulna,2020,22.05975,89.40046,0.52,True,High,22.68
483,Khulna,2020,22.10891,89.43565,0.52,True,High,22.68
484,Gazipur,2020,24.062,90.37938,0.512,True,Medium,1.1
485,Satkhira,2020,21.69066,89.25913,0.464,True,High,10.7
486,Khulna,2020,22.02416,89.40314,0.462,True,High,22.68
487,Bagerhat,2020,21.99272,89.76865,0.462,True,High,11.87
488,Khulna,2020,22.10922,89.45592,0.462,True,High,22.68
489,Khulna,2020,22.37226,89.51319,0.461,True,High,22.68
490,Satkhira,2020,21.80965,89.15699,0.405,True,High,10.7
491,Satkhira,2020,21.92034,89.12844,0.405,True,High,10.7
492,Satkhira,2020,21.93927,89.11143,0.405,True,High,10.7
493,Khulna,2020,21.8828,89.39119,0.405,True,High,22.68
494,Bagerhat,2020,21.87863,89.55578,0.405,True,High,11.87
495,Khulna,2020,21.96557,89.49161,0.405,True,High,22.68
496,Khulna,2020,22.0753,89.35013,0.405,True,High,22.68
497,Khulna,2020,22.05252,89.49354,0.405,True,High,22.68
498,Khulna,2020,22.14395,89.37259,0.404,True,High,22.68
499,Khulna,2020,22.13497,89.56636,0.404,True,High,22.68
500,Khulna,2020,22.40094,89.49065,0.404,True,High,22.68
501,Bagerhat,2020,22.37334,89.65363,0.403,True,High,11.87
502,Habiganj,2020,24.22837,91.59335,0.397,True,Low,-1.01
503,Satkhira,2020,21.7149,89.26709,0.348,True,High,10.7
504,Satkhira,2020,21.91253,89.22704,0.347,True,High,10.7
505,Satkhira,2020,21.92713,89.31687,0.347,True,High,10.7
506,Satkhira,2020,21.99188,89.25511,0.347,True,High,10.7
507,Satkhira,2020,22.0222,89.19709,0.347,True,High,10.7
508,Satkhira,2020,22.04279,89.25848,0.347,True,High,10.7
509,Khulna,2020,22.11465,89.449,0.347,True,High,22.68
510,Bagerhat,2020,22.04541,89.71737,0.347,True,High,11.87
511,Satkhira,2020,22.20149,89.15405,0.347,True,High,10.7
512,Khulna,2020,22.16406,89.39173,0.347,True,High,22.68
513,Bagerhat,2020,22.08583,89.88131,0.346,True,High,11.87
514,Khulna,2020,22.25576,89.35318,0.346,True,High,22.68
515,Khulna,2020,22.31303,89.36628,0.346,True,High,22.68
516,Khulna,2020,22.29619,89.44188,0.346,True,High,22.68
517,Khulna,2020,22.33249,89.53658,0.346,True,High,22.68
518,Bagerhat,2020,22.35233,89.66534,0.346,True,High,11.87
519,Dhaka,2020,23.82033,90.34769,0.342,True,Low,-5.31
520,Tangail,2020,24.74147,90.05087,0.34,True,High,8.96
521,Satkhira,2020,21.76416,89.2492,0.29,True,High,10.7
522,Khulna,2020,21.72823,89.40101,0.29,True,High,22.68
523,Bagerhat,2020,21.72373,89.58022,0.29,True,High,11.87
524,Satkhira,2020,21.88004,89.2227,0.289,True,High,10.7
525,Satkhira,2020,21.94202,89.19889,0.289,True,High,10.7
526,Bagerhat,2020,21.83872,89.71497,0.289,True,High,11.87
527,Satkhira,2020,21.98155,89.22943,0.289,True,High,10.7
528,Satkhira,2020,22.0085,89.18227,0.289,True,High,10.7
529,Satkhira,2020,21.98874,89.3022,0.289,True,High,10.7
530,Satkhira,2020,22.0067,89.23842,0.289,True,High,10.7
531,Khulna,2020,21.96897,89.38664,0.289,True,High,22.68
532,Satkhira,2020,22.02242,89.23707,0.289,True,High,10.7
533,Satkhira,2020,22.07183,89.22809,0.289,True,High,10.7
534,Khulna,2020,22.04443,89.33409,0.289,True,High,22.68
535,Khulna,2020,22.03949,89.36912,0.289,True,High,22.68
536,Khulna,2020,22.04803,89.44638,0.289,True,High,22.68
537,Bagerhat,2020,22.02332,89.61032,0.289,True,High,11.87
538,Khulna,2020,22.06689,89.45985,0.289,True,High,22.68
539,Khulna,2020,22.10282,89.41089,0.289,True,High,22.68
540,Khulna,2020,22.10776,89.41943,0.289,True,High,22.68
541,Bagerhat,2020,22.08441,89.63862,0.289,True,High,11.87
542,Bagerhat,2020,22.09159,89.62604,0.289,True,High,11.87
543,Khulna,2020,22.18367,89.35385,0.289,True,High,22.68
544,Bagerhat,2020,22.09204,89.75674,0.289,True,High,11.87
545,Khulna,2020,22.24925,89.53216,0.289,True,High,22.68
546,Khulna,2020,22.30045,89.44952,0.288,True,High,22.68
547,Khulna,2020,22.3301,89.55911,0.288,True,High,22.68
548,Khulna,2020,22.3274,89.58247,0.288,True,High,22.68
549,Khulna,2020,22.33773,89.5663,0.288,True,High,22.68
550,Khulna,2020,22.37232,89.49848,0.288,True,High,22.68
551,Gazipur,2020,24.03285,90.40084,0.284,True,Medium,1.1
552,Gazipur,2020,24.07957,90.37074,0.284,True,Medium,1.1
553,Gazipur,2020,24.10966,90.40533,0.284,True,Medium,1.1
554,Gazipur,2020,24.14784,90.43722,0.284,True,Medium,1.1
555,Tangail,2020,24.72905,90.05274,0.283,True,High,8.96
556,Tangail,2020,24.73579,90.06262,0.283,True,High,8.96
557,Tangail,2020,24.73803,90.04241,0.283,True,High,8.96
558,Satkhira,2019,21.66587,89.22311,0.696,True,High,10.7
559,Khulna,2019,22.0935,89.42167,0.693,True,High,22.68
560,Khulna,2019,22.20373,89.35542,0.693,True,High,22.68
561,Bagerhat,2019,22.02781,89.69076,0.636,True,High,11.87
562,Satkhira,2019,21.74799,89.24358,0.579,True,High,10.7
563,Satkhira,2019,21.98537,89.17598,0.579,True,High,10.7
564,Bagerhat,2019,21.9966,89.78257,0.578,True,High,11.87
565,Satkhira,2019,22.00086,89.13945,0.521,True,High,10.7
566,Khulna,2019,22.23517,89.36353,0.52,True,High,22.68
567,Khulna,2019,22.31577,89.5422,0.519,True,High,22.68
568,Satkhira,2019,21.98683,89.21646,0.463,True,High,10.7
569,Bagerhat,2019,22.06375,89.64569,0.462,True,High,11.87
570,Khulna,2019,22.2173,89.43599,0.462,True,High,22.68
571,Khulna,2019,22.28833,89.51375,0.462,True,High,22.68
572,Khulna,2019,22.44048,89.52189,0.461,True,High,22.68
573,Bagerhat,2019,21.97456,89.75501,0.405,True,High,11.87
574,Khulna,2019,22.08492,89.55417,0.404,True,High,22.68
575,Bagerhat,2019,22.05444,89.72229,0.404,True,High,11.87
576,Bagerhat,2019,22.03936,89.78324,0.404,True,High,11.87
577,Bagerhat,2019,22.08171,89.67545,0.404,True,High,11.87
578,Khulna,2019,22.19753,89.34596,0.404,True,High,22.68
579,Bagerhat,2019,22.11412,89.68315,0.404,True,High,11.87
580,Khulna,2019,22.18759,89.42296,0.404,True,High,22.68
581,Khulna,2019,22.21133,89.3928,0.404,True,High,22.68
582,Bagerhat,2019,22.14652,89.64208,0.404,True,High,11.87
583,Khulna,2019,22.26362,89.36456,0.404,True,High,22.68
584,Khulna,2019,22.34287,89.51952,0.404,True,High,22.68
585,Khulna,2019,22.37046,89.57631,0.404,True,High,22.68
586,Gazipur,2019,24.04293,90.37645,0.398,True,Medium,1.1
587,Gazipur,2019,24.05769,90.36394,0.398,True,Medium,1.1
588,Satkhira,2019,21.6887,89.22966,0.348,True,High,10.7
589,Satkhira,2019,21.71827,89.24201,0.348,True,High,10.7
590,Satkhira,2019,21.9013,89.04401,0.347,True,High,10.7
591,Khulna,2019,22.1401,89.35243,0.347,True,High,22.68
592,Bagerhat,2019,22.05139,89.70913,0.347,True,High,11.87
593,Bagerhat,2019,22.05065,89.76041,0.347,True,High,11.87
594,Bagerhat,2019,22.05963,89.75929,0.347,True,High,11.87
595,Bagerhat,2019,22.08471,89.6893,0.347,True,High,11.87
596,Khulna,2019,22.19101,89.36628,0.346,True,High,22.68
597,Khulna,2019,22.39425,89.48979,0.346,True,High,22.68
598,Cox's Bazar,2019,20.90896,92.24957,0.29,True,Medium,1.81
599,Satkhira,2019,21.73092,89.27839,0.29,True,High,10.7
600,Satkhira,2019,21.81222,89.06459,0.29,True,High,10.7
601,Cox's Bazar,2019,21.26245,92.08203,0.29,True,Medium,1.81
602,Satkhira,2019,21.89037,89.05157,0.29,True,High,10.7
603,Satkhira,2019,21.96763,89.19619,0.289,True,High,10.7
604,Satkhira,2019,21.99008,89.14903,0.289,True,High,10.7
605,Bagerhat,2019,21.88902,89.64086,0.289,True,High,11.87
606,Satkhira,2019,22.04353,89.20203,0.289,True,High,10.7
607,Satkhira,2019,22.04533,89.26537,0.289,True,High,10.7
608,Satkhira,2019,22.08306,89.15936,0.289,True,High,10.7
609,Bagerhat,2019,21.97347,89.61167,0.289,True,High,11.87
610,Bagerhat,2019,21.96852,89.63008,0.289,True,High,11.87
611,Bagerhat,2019,21.93933,89.74821,0.289,True,High,11.87
612,Khulna,2019,22.07722,89.43066,0.289,True,High,22.68
613,Khulna,2019,22.14729,89.30669,0.289,True,High,22.68
614,Bagerhat,2019,22.08126,89.71857,0.289,True,High,11.87
615,Khulna,2019,22.18322,89.42796,0.289,True,High,22.68
616,Khulna,2019,22.23398,89.38574,0.289,True,High,22.68
617,Bagerhat,2019,22.1976,89.65434,0.289,True,High,11.87
618,Bagerhat,2019,22.18187,89.71497,0.289,True,High,11.87
619,Khulna,2019,22.23712,89.50881,0.289,True,High,22.68
620,Khulna,2019,22.25554,89.49713,0.289,True,High,22.68
621,Khulna,2019,22.29866,89.37631,0.289,True,High,22.68
622,Bagerhat,2019,22.19221,89.81379,0.289,True,High,11.87
623,Bagerhat,2019,22.31977,89.67545,0.288,True,High,11.87
624,Bagerhat,2019,22.34761,89.65344,0.288,True,High,11.87
625,Khulna,2019,22.42038,89.50522,0.288,True,High,22.68
626,Satkhira,2018,21.85449,89.11761,1.621,True,High,10.7
627,Khulna,2018,22.22559,89.3823,0.866,True,High,22.68
628,Bagerhat,2018,22.00536,89.6136,0.751,True,High,11.87
629,Khulna,2018,22.30891,89.50046,0.692,True,High,22.68
630,Khulna,2018,21.78915,89.4084,0.637,True,High,22.68
631,Khulna,2018,21.98759,89.44658,0.636,True,High,22.68
632,Bagerhat,2018,21.94942,89.64258,0.636,True,High,11.87
633,Khulna,2018,22.09784,89.33837,0.636,True,High,22.68
634,Bagerhat,2018,22.09702,89.65993,0.635,True,High,11.87
635,Bagerhat,2018,21.93259,89.7152,0.578,True,High,11.87
636,Satkhira,2018,21.96368,89.18936,0.521,True,High,10.7
637,Satkhira,2018,21.95046,89.30514,0.521,True,High,10.7
638,Satkhira,2018,21.72856,89.12916,0.464,True,High,10.7
639,Satkhira,2018,21.90626,89.08986,0.463,True,High,10.7
640,Bagerhat,2018,21.84871,89.62042,0.463,True,High,11.87
641,Bagerhat,2018,21.9158,89.62127,0.463,True,High,11.87
642,Khulna,2018,22.08424,89.46659,0.462,True,High,22.68
643,Khulna,2018,22.31387,89.52189,0.461,True,High,22.68
644,Satkhira,2018,21.7195,89.23784,0.406,True,High,10.7
645,Khulna,2018,21.8058,89.38446,0.405,True,High,22.68
646,Bagerhat,2018,21.81478,89.62219,0.405,True,High,11.87
647,Satkhira,2018,21.946,89.18201,0.405,True,High,10.7
648,Khulna,2018,21.96654,89.47172,0.405,True,High,22.68
649,Satkhira,2018,22.0785,89.12523,0.405,True,High,10.7
650,Bagerhat,2018,21.94857,89.67577,0.405,True,High,11.87
651,Khulna,2018,22.09422,89.34917,0.405,True,High,22.68
652,Bagerhat,2018,22.02653,89.63983,0.404,True,High,11.87
653,Bagerhat,2018,22.05284,89.71555,0.404,True,High,11.87
654,Bagerhat,2018,22.1093,89.62796,0.404,True,High,11.87
655,Bagerhat,2018,22.12502,89.61288,0.404,True,High,11.87
656,Bagerhat,2018,22.17379,89.5808,0.404,True,High,11.87
657,Cox's Bazar,2018,21.01309,92.22891,0.348,True,Medium,1.81
658,Satkhira,2018,21.81072,89.2072,0.348,True,High,10.7
659,Satkhira,2018,21.89868,89.14095,0.347,True,High,10.7
660,Satkhira,2018,21.90579,89.18848,0.347,True,High,10.7
661,Bagerhat,2018,21.82944,89.6324,0.347,True,High,11.87
662,Satkhira,2018,21.96231,89.17239,0.347,True,High,10.7
663,Satkhira,2018,21.96605,89.16041,0.347,True,High,10.7
664,Khulna,2018,21.8998,89.40258,0.347,True,High,22.68
665,Satkhira,2018,21.97279,89.1649,0.347,True,High,10.7
666,Satkhira,2018,21.95595,89.31275,0.347,True,High,10.7
667,Satkhira,2018,22.02182,89.27308,0.347,True,High,10.7
668,Satkhira,2018,22.03043,89.2742,0.347,True,High,10.7
669,Bagerhat,2018,21.93199,89.69528,0.347,True,High,11.87
670,Bagerhat,2018,21.93911,89.73721,0.347,True,High,11.87
671,Bagerhat,2018,21.94659,89.70913,0.347,True,High,11.87
672,Bagerhat,2018,21.99937,89.81206,0.347,True,High,11.87
673,Khulna,2018,22.09706,89.43926,0.347,True,High,22.68
674,Khulna,2018,22.1038,89.43852,0.347,True,High,22.68
675,Khulna,2018,22.21908,89.36702,0.346,True,High,22.68
676,Khulna,2018,22.22058,89.37414,0.346,True,High,22.68
677,Khulna,2018,22.22844,89.43103,0.346,True,High,22.68
678,Khulna,2018,22.24566,89.41905,0.346,True,High,22.68
679,Khulna,2018,22.31116,89.54968,0.346,True,High,22.68
680,Satkhira,2018,21.78796,89.06459,0.29,True,High,10.7
681,Satkhira,2018,21.89756,89.05246,0.29,True,High,10.7
682,Khulna,2018,21.84366,89.41044,0.289,True,High,22.68
683,Bagerhat,2018,21.81267,89.64221,0.289,True,High,11.87
684,Satkhira,2018,21.92541,89.23392,0.289,True,High,10.7
685,Bagerhat,2018,21.82659,89.61571,0.289,True,High,11.87
686,Satkhira,2018,21.95685,89.23572,0.289,True,High,10.7
687,Satkhira,2018,22.00042,89.17958,0.289,True,High,10.7
688,Satkhira,2018,21.9802,89.30309,0.289,True,High,10.7
689,Satkhira,2018,22.03096,89.1661,0.289,True,High,10.7
690,Satkhira,2018,22.0642,89.10232,0.289,True,High,10.7
691,Bagerhat,2018,21.93394,89.6202,0.289,True,High,11.87
692,Khulna,2018,22.05656,89.30983,0.289,True,High,22.68
693,Bagerhat,2018,22.00491,89.66691,0.289,True,High,11.87
694,Khulna,2018,22.0862,89.41044,0.289,True,High,22.68
695,Khulna,2018,22.10058,89.45985,0.289,True,High,22.68
696,Khulna,2018,22.14639,89.29815,0.289,True,High,22.68
697,Khulna,2018,22.19355,89.34172,0.289,True,High,22.68
698,Khulna,2018,22.20703,89.41314,0.289,True,High,22.68
699,Khulna,2018,22.20658,89.44009,0.289,True,High,22.68
700,Khulna,2018,22.21691,89.4311,0.289,True,High,22.68
701,Khulna,2018,22.27171,89.37721,0.289,True,High,22.68
702,Khulna,2018,22.28653,89.38484,0.289,True,High,22.68
703,Bagerhat,2017,21.96418,89.66081,1.908,True,High,11.87
704,Satkhira,2017,22.08863,89.06738,1.446,True,High,10.7
705,Satkhira,2017,21.94782,89.24885,1.215,True,High,10.7
706,Satkhira,2017,22.02739,89.20276,1.214,True,High,10.7
707,Bagerhat,2017,21.79369,89.58258,1.158,True,High,11.87
708,Satkhira,2017,21.91117,89.12565,0.926,True,High,10.7
709,Bagerhat,2017,21.99258,89.65706,0.925,True,High,11.87
710,Khulna,2017,22.20397,89.37297,0.924,True,High,22.68
711,Khulna,2017,22.35149,89.49115,0.923,True,High,22.68
712,Bagerhat,2017,21.93509,89.5946,0.81,True,High,11.87
713,Khulna,2017,22.3565,89.47974,0.807,True,High,22.68
714,Khulna,2017,22.02436,89.32078,0.752,True,High,22.68
715,Satkhira,2017,22.07123,89.19316,0.694,True,High,10.7
716,Khulna,2017,22.38059,89.38593,0.692,True,High,22.68
717,Satkhira,2017,21.84203,89.12645,0.637,True,High,10.7
718,Satkhira,2017,22.06742,89.20138,0.636,True,High,10.7
719,Cox's Bazar,2017,20.94826,92.25451,0.58,True,Medium,1.81
720,Khulna,2017,21.82816,89.4174,0.579,True,High,22.68
721,Satkhira,2017,21.92877,89.12253,0.579,True,High,10.7
722,Bagerhat,2017,22.01322,89.64423,0.578,True,High,11.87
723,Satkhira,2017,21.88184,89.16915,0.521,True,High,10.7
724,Khulna,2017,21.82844,89.38624,0.521,True,High,22.68
725,Khulna,2017,21.91003,89.42292,0.521,True,High,22.68
726,Bagerhat,2017,22.02133,89.63477,0.52,True,High,11.87
727,Bagerhat,2017,22.16481,89.73483,0.519,True,High,11.87
728,Bagerhat,2017,21.79032,89.55361,0.463,True,High,11.87
729,Khulna,2017,21.83552,89.38855,0.463,True,High,22.68
730,Khulna,2017,21.8431,89.39248,0.463,True,High,22.68
731,Bagerhat,2017,21.89728,89.56568,0.463,True,High,11.87
732,Bagerhat,2017,21.9217,89.57326,0.463,True,High,11.87
733,Satkhira,2017,22.05869,89.13421,0.463,True,High,10.7
734,Bagerhat,2017,21.91889,89.6878,0.463,True,High,11.87
735,Bagerhat,2017,22.01069,89.62042,0.462,True,High,11.87
736,Bagerhat,2017,21.99132,89.79475,0.462,True,High,11.87
737,Bagerhat,2017,22.17351,89.59909,0.462,True,High,11.87
738,Bagerhat,2017,22.19063,89.57354,0.462,True,High,11.87
739,Bagerhat,2017,22.17379,89.72148,0.462,True,High,11.87
740,Bagerhat,2017,22.17126,89.74984,0.462,True,High,11.87
741,Khulna,2017,22.31022,89.55867,0.461,True,High,22.68
742,Khulna,2017,21.81767,89.41012,0.405,True,High,22.68
743,Khulna,2017,21.84013,89.32959,0.405,True,High,22.68
744,Khulna,2017,21.85425,89.38446,0.405,True,High,22.68
745,Satkhira,2017,21.98258,89.27698,0.405,True,High,10.7
746,Bagerhat,2017,21.93028,89.58594,0.405,True,High,11.87
747,Khulna,2017,22.02621,89.33473,0.405,True,High,22.68
748,Khulna,2017,22.08492,89.33794,0.405,True,High,22.68
749,Bagerhat,2017,21.99252,89.72261,0.405,True,High,11.87
750,Khulna,2017,22.11476,89.32125,0.404,True,High,22.68
751,Bagerhat,2017,22.01723,89.73544,0.404,True,High,11.87
752,Bagerhat,2017,22.06054,89.65459,0.404,True,High,11.87
753,Bagerhat,2017,22.07754,89.71812,0.404,True,High,11.87
754,Bagerhat,2017,22.13529,89.78356,0.404,True,High,11.87
755,Bagerhat,2017,22.14299,89.82976,0.404,True,High,11.87
756,Bagerhat,2017,22.16288,89.8657,0.404,True,High,11.87
757,Bagerhat,2017,22.20363,89.76014,0.404,True,High,11.87
758,Khulna,2017,21.78901,89.39098,0.347,True,High,22.68
759,Khulna,2017,21.82232,89.40221,0.347,True,High,22.68
760,Khulna,2017,21.83131,89.4082,0.347,True,High,22.68
761,Satkhira,2017,21.87847,89.30152,0.347,True,High,10.7
762,Satkhira,2017,21.94771,89.17651,0.347,True,High,10.7
763,Satkhira,2017,21.93536,89.26334,0.347,True,High,10.7
764,Satkhira,2017,22.05065,89.11774,0.347,True,High,10.7
765,Satkhira,2017,22.05065,89.17613,0.347,True,High,10.7
766,Satkhira,2017,22.02594,89.2727,0.347,True,High,10.7
767,Bagerhat,2017,21.9144,89.69341,0.347,True,High,11.87
768,Khulna,2017,22.02819,89.38462,0.347,True,High,22.68
769,Satkhira,2017,22.0892,89.20346,0.347,True,High,10.7
770,Khulna,2017,22.07348,89.31911,0.347,True,High,22.68
771,Bagerhat,2017,22.07872,89.69641,0.347,True,High,11.87
772,Bagerhat,2017,22.1401,89.63914,0.346,True,High,11.87
773,Bagerhat,2017,22.12625,89.84313,0.346,True,High,11.87
774,Khulna,2017,22.34934,89.46359,0.346,True,High,22.68
775,Khulna,2017,22.31902,89.60021,0.346,True,High,22.68
776,Bagerhat,2017,22.3572,89.71699,0.346,True,High,11.87
777,Khulna,2017,21.80279,89.41673,0.289,True,High,22.68
778,Khulna,2017,21.81851,89.37945,0.289,True,High,22.68
779,Satkhira,2017,21.9025,89.09469,0.289,True,High,10.7
780,Khulna,2017,21.84411,89.33723,0.289,True,High,22.68
781,Satkhira,2017,21.90385,89.1414,0.289,True,High,10.7
782,Khulna,2017,21.88813,89.41898,0.289,True,High,22.68
783,Cox's Bazar,2017,21.43537,92.00343,0.289,True,Medium,1.81
784,Satkhira,2017,21.96942,89.17104,0.289,True,High,10.7
785,Khulna,2017,21.90564,89.4347,0.289,True,High,22.68
786,Satkhira,2017,22.02647,89.21596,0.289,True,High,10.7
787,Bagerhat,2017,21.89172,89.79852,0.289,True,High,11.87
788,Bagerhat,2017,21.94202,89.63862,0.289,True,High,11.87
789,Khulna,2017,22.03904,89.31432,0.289,True,High,22.68
790,Khulna,2017,22.02602,89.39562,0.289,True,High,22.68
791,Bagerhat,2017,21.93439,89.76213,0.289,True,High,11.87
792,Bagerhat,2017,21.96763,89.67545,0.289,True,High,11.87
793,Bagerhat,2017,21.95236,89.74192,0.289,True,High,11.87
794,Bagerhat,2017,22.04937,89.58337,0.289,True,High,11.87
795,Bagerhat,2017,22.09474,89.63547,0.289,True,High,11.87
796,Bagerhat,2017,22.10642,89.67545,0.289,True,High,11.87
797,Khulna,2017,22.14325,89.56136,0.289,True,High,22.68
798,Bagerhat,2017,22.15133,89.6193,0.289,True,High,11.87
799,Bagerhat,2017,22.18098,89.63457,0.289,True,High,11.87
800,Bagerhat,2017,22.19265,89.60628,0.289,True,High,11.87
801,Khulna,2017,22.29551,89.51824,0.288,True,High,22.68
802,Khulna,2017,22.31303,89.49399,0.288,True,High,22.68
803,Bagerhat,2017,22.29327,89.65074,0.288,True,High,11.87
804,Feni,2023,22.97841,91.37006,3.493,False,Low,-4.77
805,Noakhali,2023,22.88685,91.25219,3.267,False,High,17.85
806,Lalmonirhat,2023,25.8699,89.46388,2.47,False,High,33.32
807,Sylhet,2023,24.74222,91.96572,2.372,False,High,13.59
808,Lalmonirhat,2023,25.87685,89.49285,2.021,False,High,33.32
809,Noakhali,2023,22.82568,91.19898,1.892,False,High,17.85
810,Chuadanga,2023,23.5342,88.91954,1.66,False,Low,-14.74
811,Noakhali,2023,22.87645,91.2245,1.433,False,High,17.85
812,Noakhali,2023,22.89011,91.23241,1.433,False,High,17.85
813,Munshiganj,2023,23.44113,90.49067,1.428,False,High,11.83
814,Kushtia,2023,23.98145,89.212,1.254,False,High,18.8
815,Barisal,2023,22.7763,90.30566,1.206,False,High,9.66
816,Munshiganj,2023,23.54853,90.42458,1.199,False,High,11.83
817,Rangpur,2023,25.68781,89.46744,1.181,False,High,75.35
818,Nawabganj,2023,24.76049,88.2789,1.136,False,High,38.19
819,Thakurgaon,2023,25.78277,88.33392,1.126,False,High,14.28
820,Rangpur,2023,25.72708,89.44503,1.124,False,High,75.35
821,Bhola,2023,22.72313,90.61543,1.033,False,Low,-6.7
822,Noakhali,2023,22.93574,91.09678,1.031,False,High,17.85
823,Chandpur,2023,23.10567,90.6596,1.031,False,High,15.78
824,Comilla,2023,23.10941,91.32785,1.03,False,High,10.87
825,Narayanganj,2023,23.71415,90.6052,1.026,False,High,31.57
826,Noakhali,2023,22.52215,91.13058,0.977,False,High,17.85
827,Barisal,2023,22.64276,90.45685,0.977,False,High,9.66
828,Noakhali,2023,22.86457,91.13983,0.975,False,High,17.85
829,Munshiganj,2023,23.50198,90.49172,0.971,False,High,11.83
830,Lalmonirhat,2023,25.84988,89.51322,0.954,False,High,33.32
831,Lalmonirhat,2023,26.10247,89.23342,0.953,False,High,33.32
832,Bhola,2023,22.28425,90.71511,0.921,False,Low,-6.7
833,Bhola,2023,22.68036,90.59131,0.919,False,Low,-6.7
834,Noakhali,2023,22.87055,91.20286,0.917,False,High,17.85
835,Comilla,2023,23.08993,91.29943,0.916,False,High,10.87
836,Nilphamari,2023,25.95542,88.77418,0.899,False,High,14.39
837,Barguna,2023,22.44089,90.22911,0.863,False,High,63.87
838,Barisal,2023,22.53506,90.3405,0.863,False,High,9.66
839,Noakhali,2023,22.85411,91.28328,0.86,False,High,17.85
840,Sylhet,2023,24.73773,91.92737,0.847,False,High,13.59
841,Pirojpur,2023,22.46253,90.11145,0.806,False,High,9.18
842,Narail,2023,23.2322,89.64705,0.802,False,Low,-8.78
843,Feni,2023,23.02366,91.33139,0.801,False,Low,-4.77
844,Feni,2023,23.21535,91.43262,0.8,False,Low,-4.77
845,Munshiganj,2023,23.53041,90.49323,0.799,False,High,11.83
846,Kishoreganj,2023,24.11062,90.98137,0.795,False,High,12.02
847,Bogra,2023,24.79238,89.40018,0.793,False,High,39.64
848,Gaibandha,2023,25.28228,89.41125,0.79,False,High,42.66
849,Khulna,2023,22.73455,89.42582,0.748,False,High,22.68
850,Lakshmipur,2023,22.96189,90.97351,0.745,False,Low,-1.16
851,Feni,2023,22.95463,91.36082,0.745,False,Low,-4.77
852,Feni,2023,22.97035,91.46897,0.744,False,Low,-4.77
853,Feni,2023,23.03306,91.42664,0.744,False,Low,-4.77
854,Comilla,2023,23.0785,91.31435,0.744,False,High,10.87
855,Comilla,2023,23.11115,91.25164,0.744,False,High,10.87
856,Comilla,2023,23.1146,91.33647,0.744,False,High,10.87
857,Feni,2023,23.2148,91.42198,0.743,False,Low,-4.77
858,Meherpur,2023,23.8526,88.63236,0.743,False,Low,-27.64
859,Comilla,2023,23.40431,91.12623,0.742,False,High,10.87
860,Chandpur,2023,23.48896,90.63353,0.742,False,High,15.78
861,Comilla,2023,23.70645,90.78573,0.741,False,High,10.87
862,Brahamanbaria,2023,23.84241,91.08546,0.74,False,High,11.9
863,Narsingdi,2023,23.92067,90.88351,0.74,False,Low,-4.09
864,Tangail,2023,24.091,89.99469,0.74,False,High,8.96
865,Brahamanbaria,2023,24.02501,91.03985,0.739,False,High,11.9
866,Sirajganj,2023,24.27274,89.64694,0.739,False,High,48.62
867,Nawabganj,2023,24.81466,88.20808,0.738,False,High,38.19
868,Bogra,2023,24.93576,89.33098,0.735,False,High,39.64
869,Jamalpur,2023,25.26641,89.8247,0.733,False,High,16.99
870,Rangpur,2023,25.71298,89.35516,0.731,False,High,75.35
871,Rangpur,2023,25.73682,89.43567,0.731,False,High,75.35
872,Barisal,2023,22.55988,90.32448,0.69,False,High,9.66
873,Bhola,2023,22.62575,90.66341,0.689,False,Low,-6.7
874,Chittagong,2023,22.89544,91.54244,0.688,False,Low,-1.19
875,Noakhali,2023,22.98489,91.24656,0.687,False,High,17.85
876,Feni,2023,23.0212,91.38075,0.687,False,Low,-4.77
877,Feni,2023,23.03056,91.46777,0.687,False,Low,-4.77
878,Chuadanga,2023,23.58995,88.90308,0.687,False,Low,-14.74
879,Comilla,2023,23.14154,91.14662,0.687,False,High,10.87
880,Chandpur,2023,23.21827,90.77251,0.686,False,High,15.78
881,Comilla,2023,23.24466,91.15954,0.686,False,High,10.87
882,Meherpur,2023,23.95245,88.75449,0.685,False,Low,-27.64
883,Pabna,2023,23.99213,89.16341,0.684,False,High,13.38
884,Dhaka,2023,23.86637,90.46091,0.683,False,Low,-5.31
885,Brahamanbaria,2023,24.02694,91.01918,0.682,False,High,11.9
886,Nawabganj,2023,24.67597,88.28624,0.682,False,High,38.19
887,Kishoreganj,2023,24.17142,90.89322,0.681,False,High,12.02
888,Kishoreganj,2023,24.25601,90.70271,0.681,False,High,12.02
889,Bogra,2023,24.70779,89.43178,0.68,False,High,39.64
890,Joypurhat,2023,25.1547,88.97326,0.678,False,High,30.07
891,Rangpur,2023,25.66412,89.06085,0.675,False,High,75.35
892,Nilphamari,2023,26.20835,88.8926,0.672,False,High,14.39
893,Barguna,2023,22.34529,90.17034,0.634,False,High,63.87
894,Noakhali,2023,22.84548,91.17339,0.631,False,High,17.85
895,Chuadanga,2023,23.59272,88.71241,0.63,False,Low,-14.74
896,Feni,2023,23.03066,91.48657,0.63,False,Low,-4.77
897,Feni,2023,23.03168,91.5172,0.63,False,Low,-4.77
898,Comilla,2023,23.10722,91.29813,0.629,False,High,10.87
899,Faridpur,2023,23.39632,89.68443,0.629,False,High,8.19
900,Feni,2023,23.16622,91.42471,0.629,False,Low,-4.77
901,Comilla,2023,23.19317,91.23484,0.629,False,High,10.87
902,Comilla,2023,23.36324,91.06559,0.628,False,High,10.87
903,Chandpur,2023,23.46818,90.59765,0.628,False,High,15.78
904,Dhaka,2023,24.02044,90.2569,0.626,False,Low,-5.31
905,Sylhet,2023,24.81565,92.09845,0.621,False,High,13.59
906,Gaibandha,2023,25.43815,89.38431,0.62,False,High,42.66
907,Kurigram,2023,25.55084,89.83449,0.619,False,High,35.15
908,Rangpur,2023,25.69988,89.46924,0.618,False,High,75.35
909,Rangpur,2023,25.77603,89.35205,0.618,False,High,75.35
910,Kurigram,2023,25.83626,89.54601,0.618,False,High,35.15
911,Kurigram,2023,25.8477,89.54846,0.617,False,High,35.15
912,Lalmonirhat,2023,25.89118,89.49435,0.617,False,High,33.32
913,Lalmonirhat,2023,26.25725,89.07847,0.616,False,High,33.32
914,Kurigram,2023,26.1225,89.7518,0.616,False,High,35.15
915,Kurigram,2023,26.12903,89.742,0.616,False,High,35.15
916,Chittagong,2023,21.98425,92.14379,0.576,False,Low,-1.19
917,Jhalokati,2023,22.53806,90.07722,0.575,False,High,15.14
918,Jessore,2023,23.06357,89.31387,0.574,False,High,7.75
919,Noakhali,2023,22.88256,91.0456,0.573,False,High,17.85
920,Gopalganj,2023,23.19203,89.97279,0.573,False,Low,-0.76
921,Feni,2023,23.0072,91.43525,0.573,False,Low,-4.77
922,Feni,2023,23.04718,91.35305,0.572,False,Low,-4.77
923,Feni,2023,23.06514,91.46062,0.572,False,Low,-4.77
924,Comilla,2023,23.10444,91.31779,0.572,False,High,10.87
925,Chandpur,2023,23.19203,90.74062,0.572,False,High,15.78
926,Madaripur,2023,23.34519,90.15268,0.572,False,High,3.68
927,Faridpur,2023,23.4631,89.951,0.572,False,High,8.19
928,Meherpur,2023,23.80783,88.63699,0.572,False,Low,-27.64
929,Feni,2023,23.25626,91.41122,0.571,False,Low,-4.77
930,Chuadanga,2023,23.77683,88.88987,0.571,False,Low,-14.74
931,Munshiganj,2023,23.53856,90.30314,0.571,False,High,11.83
932,Munshiganj,2023,23.56573,90.40286,0.571,False,High,11.83
933,Kushtia,2023,23.91113,88.95814,0.571,False,High,18.8
934,Manikganj,2023,23.77459,90.21915,0.57,False,High,10.22
935,Narayanganj,2023,23.89564,90.47742,0.569,False,High,31.57
936,Narsingdi,2023,23.93449,90.88278,0.569,False,Low,-4.09
937,Natore,2023,24.29539,89.13511,0.569,False,High,9.57
938,Gazipur,2023,24.18647,90.52435,0.568,False,Medium,1.1
939,Gazipur,2023,24.22644,90.58364,0.568,False,Medium,1.1
940,Kishoreganj,2023,24.19725,90.97441,0.568,False,High,12.02
941,Tangail,2023,24.36141,90.06284,0.568,False,High,8.96
942,Naogaon,2023,24.74073,88.8079,0.567,False,High,22.41
943,Sirajganj,2023,24.60688,89.58786,0.567,False,High,48.62
944,Maulvibazar,2023,24.32907,91.74135,0.567,False,Medium,1.33
945,Bogra,2023,24.74679,89.38102,0.567,False,High,39.64
946,Sunamganj,2023,24.82,91.66117,0.565,False,High,31.03
947,Sunamganj,2023,24.85504,91.61873,0.564,False,High,31.03
948,Rangpur,2023,25.54562,89.39585,0.563,False,High,75.35
949,Dinajpur,2023,25.794,88.55367,0.563,False,High,39.31
950,Rangpur,2023,25.71158,89.3817,0.562,False,High,75.35
951,Kurigram,2023,25.78142,89.52296,0.562,False,High,35.15
952,Nilphamari,2023,25.88518,89.08301,0.562,False,High,14.39
953,Lalmonirhat,2023,25.82387,89.5023,0.561,False,High,33.32
954,Kurigram,2023,25.83734,89.56136,0.561,False,High,35.15
955,Kurigram,2023,25.847,89.53082,0.561,False,High,35.15
956,Kurigram,2023,26.11537,89.68376,0.56,False,High,35.15
957,Barguna,2023,22.3532,90.11936,0.518,False,High,63.87
958,Jhalokati,2023,22.51016,90.10115,0.518,False,High,15.14
959,Jhalokati,2023,22.55408,90.23115,0.518,False,High,15.14
960,Jhalokati,2023,22.5668,90.17925,0.518,False,High,15.14
961,Jessore,2023,23.06786,89.35629,0.516,False,High,7.75
962,Barisal,2023,22.86749,90.33421,0.516,False,High,9.66
963,Noakhali,2023,22.83131,91.16041,0.516,False,High,17.85
964,Barisal,2023,22.96531,90.43203,0.516,False,High,9.66
965,Noakhali,2023,22.90143,91.2208,0.516,False,High,17.85
966,Noakhali,2023,22.92563,91.20707,0.516,False,High,17.85
967,Narail,2023,23.262,89.44213,0.516,False,Low,-8.78
968,Lakshmipur,2023,22.96805,90.95754,0.516,False,Low,-1.16
969,Gopalganj,2023,23.22557,89.92148,0.515,False,Low,-0.76
970,Noakhali,2023,23.01122,91.17314,0.515,False,High,17.85
971,Feni,2023,23.00548,91.45785,0.515,False,Low,-4.77
972,Madaripur,2023,23.19363,90.23041,0.515,False,High,3.68
973,Chandpur,2023,23.13174,90.74195,0.515,False,High,15.78
974,Feni,2023,23.05713,91.45186,0.515,False,Low,-4.77
975,Chuadanga,2023,23.64054,88.87919,0.515,False,Low,-14.74
976,Chuadanga,2023,23.66849,88.80882,0.515,False,Low,-14.74
977,Feni,2023,23.17416,91.41743,0.515,False,Low,-4.77
978,Meherpur,2023,23.72663,88.75717,0.515,False,Low,-27.64
979,Chuadanga,2023,23.82519,88.8762,0.514,False,Low,-14.74
980,Kushtia,2023,23.75932,89.13421,0.514,False,High,18.8
981,Munshiganj,2023,23.51053,90.49441,0.514,False,High,11.83
982,Munshiganj,2023,23.52326,90.47445,0.514,False,High,11.83
983,Dhaka,2023,23.62108,90.10963,0.514,False,Low,-5.31
984,Comilla,2023,23.47161,91.00021,0.514,False,High,10.87
985,Comilla,2023,23.63655,90.67158,0.513,False,High,10.87
986,Dhaka,2023,23.7139,90.28605,0.513,False,Low,-5.31
987,Dhaka,2023,23.72064,90.30576,0.513,False,Low,-5.31
988,Comilla,2023,23.67947,90.77638,0.513,False,High,10.87
989,Comilla,2023,23.663,90.90913,0.513,False,High,10.87
990,Brahamanbaria,2023,23.72887,90.75168,0.513,False,High,11.9
991,Narayanganj,2023,23.75258,90.6087,0.513,False,High,31.57
992,Narayanganj,2023,23.77803,90.59597,0.513,False,High,31.57
993,Pabna,2023,24.16381,89.07707,0.513,False,High,13.38
994,Brahamanbaria,2023,23.83692,91.05735,0.512,False,High,11.9
995,Sirajganj,2023,24.13287,89.65673,0.512,False,High,48.62
996,Narsingdi,2023,23.9572,90.8994,0.512,False,Low,-4.09
997,Sirajganj,2023,24.34123,89.63128,0.511,False,High,48.62
998,Habiganj,2023,24.13112,91.32984,0.511,False,Low,-1.01
999,Tangail,2023,24.36618,89.96191,0.511,False,High,8.96
1000,Kishoreganj,2023,24.22769,90.79684,0.511,False,High,12.02
1001,Kishoreganj,2023,24.27934,91.12173,0.511,False,High,12.02
1002,Sirajganj,2023,24.5436,89.62579,0.51,False,High,48.62
1003,Maulvibazar,2023,24.32151,91.73009,0.51,False,Medium,1.33
1004,Naogaon,2023,24.81184,88.96178,0.51,False,High,22.41
1005,Jamalpur,2023,24.70529,89.81968,0.51,False,High,16.99
1006,Bogra,2023,24.90592,89.47981,0.509,False,High,39.64
1007,Jamalpur,2023,24.97279,89.83964,0.509,False,High,16.99
1008,Sylhet,2023,24.75994,91.6979,0.508,False,High,13.59
1009,Sylhet,2023,24.88021,92.12336,0.508,False,High,13.59
1010,Rangpur,2023,25.81321,89.24276,0.506,False,High,75.35
1011,Lalmonirhat,2023,25.86861,89.52947,0.505,False,High,33.32
1012,Lalmonirhat,2023,25.98988,89.26122,0.505,False,High,33.32
1013,Kurigram,2023,26.13935,89.74057,0.504,False,High,35.15
1014,Kurigram,2023,26.15532,89.74132,0.504,False,High,35.15
1015,Satkhira,2023,22.41381,89.07301,0.462,False,High,10.7
1016,Barguna,2023,22.1867,90.10299,0.461,False,High,63.87
1017,Patuakhali,2023,22.459,90.28321,0.46,False,High,12.98
1018,Jhalokati,2023,22.59066,90.1058,0.46,False,High,15.14
1019,Patuakhali,2023,22.52891,90.51032,0.46,False,High,12.98
1020,Patuakhali,2023,22.53592,90.49488,0.46,False,High,12.98
1021,Pirojpur,2023,22.67067,90.05302,0.46,False,High,9.18
1022,Noakhali,2023,22.56877,91.04903,0.46,False,High,17.85
1023,Noakhali,2023,22.6193,91.21662,0.459,False,High,17.85
1024,Bhola,2023,22.72232,90.63412,0.459,False,Low,-6.7
1025,Barisal,2023,22.7751,90.37108,0.459,False,High,9.66
1026,Barisal,2023,22.79335,90.29444,0.459,False,High,9.66
1027,Jessore,2023,23.24391,88.9742,0.459,False,High,7.75
1028,Noakhali,2023,22.85847,91.11275,0.459,False,High,17.85
1029,Noakhali,2023,22.89609,91.18602,0.458,False,High,17.85
1030,Lakshmipur,2023,22.94073,90.97183,0.458,False,Low,-1.16
1031,Lakshmipur,2023,22.95224,90.9752,0.458,False,Low,-1.16
1032,Gopalganj,2023,23.20826,89.95477,0.458,False,Low,-0.76
1033,Magura,2023,23.32672,89.4649,0.458,False,High,12.28
1034,Gopalganj,2023,23.263,89.91518,0.458,False,Low,-0.76
1035,Feni,2023,23.02635,91.34379,0.458,False,Low,-4.77
1036,Feni,2023,23.02242,91.43081,0.458,False,Low,-4.77
1037,Chuadanga,2023,23.59116,88.7499,0.458,False,Low,-14.74
1038,Feni,2023,23.06846,91.33536,0.458,False,Low,-4.77
1039,Chandpur,2023,23.18243,90.66668,0.458,False,High,15.78
1040,Comilla,2023,23.09541,91.31459,0.458,False,High,10.87
1041,Feni,2023,23.12488,91.41284,0.458,False,Low,-4.77
1042,Feni,2023,23.14762,91.43137,0.458,False,Low,-4.77
1043,Chandpur,2023,23.24924,90.82866,0.457,False,High,15.78
1044,Meherpur,2023,23.75539,88.71481,0.457,False,Low,-27.64
1045,Chandpur,2023,23.43171,90.7683,0.457,False,High,15.78
1046,Chandpur,2023,23.46512,90.63468,0.457,False,High,15.78
1047,Comilla,2023,23.49179,90.74304,0.457,False,High,10.87
1048,Munshiganj,2023,23.53249,90.5033,0.457,False,High,11.83
1049,Comilla,2023,23.43003,91.24637,0.457,False,High,10.87
1050,Comilla,2023,23.49319,90.89098,0.457,False,High,10.87
1051,Kushtia,2023,23.89996,89.00929,0.457,False,High,18.8
1052,Kushtia,2023,23.92354,88.96044,0.457,False,High,18.8
1053,Manikganj,2023,23.78879,90.18524,0.456,False,High,10.22
1054,Narayanganj,2023,23.71861,90.64282,0.456,False,High,31.57
1055,Narayanganj,2023,23.72591,90.60576,0.456,False,High,31.57
1056,Narayanganj,2023,23.75398,90.60043,0.456,False,High,31.57
1057,Narayanganj,2023,23.76886,90.58078,0.456,False,High,31.57
1058,Pabna,2023,24.10264,89.08789,0.456,False,High,13.38
1059,Dhaka,2023,23.92494,90.11478,0.456,False,Low,-5.31
1060,Gazipur,2023,24.03443,90.14903,0.455,False,Medium,1.1
1061,Brahamanbaria,2023,23.8761,91.16272,0.455,False,High,11.9
1062,Sirajganj,2023,24.16159,89.63306,0.455,False,High,48.62
1063,Gazipur,2023,24.08327,90.1757,0.455,False,Medium,1.1
1064,Tangail,2023,24.12622,89.97891,0.455,False,High,8.96
1065,Gazipur,2023,24.07485,90.3009,0.455,False,Medium,1.1
1066,Natore,2023,24.31487,89.25745,0.455,False,High,9.57
1067,Sirajganj,2023,24.23318,89.63109,0.455,False,High,48.62
1068,Sirajganj,2023,24.28174,89.56793,0.455,False,High,48.62
1069,Nawabganj,2023,24.65791,88.17049,0.455,False,High,38.19
1070,Sirajganj,2023,24.259,89.67994,0.455,False,High,48.62
1071,Natore,2023,24.36652,89.23499,0.455,False,High,9.57
1072,Nawabganj,2023,24.71967,88.14466,0.455,False,High,38.19
1073,Tangail,2023,24.2969,90.07913,0.454,False,High,8.96
1074,Tangail,2023,24.30336,90.07295,0.454,False,High,8.96
1075,Naogaon,2023,24.5751,88.99834,0.454,False,High,22.41
1076,Rajshahi,2023,24.63124,88.89419,0.454,False,Low,-20.24
1077,Naogaon,2023,24.62844,88.94669,0.454,False,High,22.41
1078,Kishoreganj,2023,24.29494,90.76578,0.454,False,High,12.02
1079,Habiganj,2023,24.39909,91.41369,0.453,False,Low,-1.01
1080,Maulvibazar,2023,24.42688,91.71238,0.453,False,Medium,1.33
1081,Bogra,2023,24.85554,89.41269,0.453,False,High,39.64
1082,Naogaon,2023,25.02089,88.96044,0.453,False,High,22.41
1083,Joypurhat,2023,25.1284,88.96634,0.452,False,High,30.07
1084,Bogra,2023,25.04784,89.33044,0.452,False,High,39.64
1085,Sylhet,2023,24.70564,91.88614,0.452,False,High,13.59
1086,Sunamganj,2023,24.7382,91.59728,0.452,False,High,31.03
1087,Gaibandha,2023,25.10707,89.35318,0.452,False,High,42.66
1088,Gaibandha,2023,25.22975,89.39556,0.451,False,High,42.66
1089,Sherpur,2023,25.14497,89.96599,0.451,False,High,31.78
1090,Thakurgaon,2023,25.78923,88.2825,0.45,False,High,14.28
1091,Thakurgaon,2023,25.78193,88.3524,0.45,False,High,14.28
1092,Rangpur,2023,25.59665,89.14769,0.45,False,High,75.35
1093,Rangpur,2023,25.60086,89.31837,0.45,False,High,75.35
1094,Rangpur,2023,25.62304,89.42251,0.45,False,High,75.35
1095,Kurigram,2023,25.58458,89.82704,0.45,False,High,35.15
1096,Rangpur,2023,25.7314,89.42476,0.45,False,High,75.35
1097,Nilphamari,2023,25.95008,89.03652,0.449,False,High,14.39
1098,Lalmonirhat,2023,25.91471,89.34953,0.449,False,High,33.32
1099,Bandarban,2023,21.93927,92.52246,0.404,False,Medium,1.48
1100,Bhola,2023,22.15582,90.69407,0.403,False,Low,-6.7
1101,Barguna,2023,22.33709,90.13423,0.403,False,High,63.87
1102,Barguna,2023,22.36661,90.14417,0.403,False,High,63.87
1103,Patuakhali,2023,22.4112,90.55676,0.403,False,High,12.98
1104,Khulna,2023,22.70348,89.42231,0.403,False,High,22.68
1105,Jhalokati,2023,22.56167,90.21187,0.403,False,High,15.14
1106,Patuakhali,2023,22.50905,90.5019,0.403,False,High,12.98
1107,Barisal,2023,22.68487,90.3957,0.402,False,High,9.66
1108,Barisal,2023,22.68487,90.45056,0.402,False,High,9.66
1109,Bhola,2023,22.69064,90.57986,0.402,False,Low,-6.7
1110,Bhola,2023,22.75128,90.5821,0.402,False,Low,-6.7
1111,Gopalganj,2023,22.8857,90.00365,0.402,False,Low,-0.76
1112,Noakhali,2023,22.70059,91.19039,0.402,False,High,17.85
1113,Barisal,2023,22.91298,90.0906,0.402,False,High,9.66
1114,Noakhali,2023,22.784,90.99148,0.402,False,High,17.85
1115,Lakshmipur,2023,22.84656,90.82465,0.401,False,Low,-1.16
1116,Barisal,2023,22.91586,90.50446,0.401,False,High,9.66
1117,Noakhali,2023,22.85266,91.15253,0.401,False,High,17.85
1118,Noakhali,2023,22.86742,91.0842,0.401,False,High,17.85
1119,Noakhali,2023,22.86613,91.25776,0.401,False,High,17.85
1120,Chittagong,2023,22.83886,91.51795,0.401,False,Low,-1.19
1121,Chittagong,2023,22.85362,91.52405,0.401,False,Low,-1.19
1122,Lakshmipur,2023,22.9396,90.98282,0.401,False,Low,-1.16
1123,Chittagong,2023,22.89244,91.51924,0.401,False,Low,-1.19
1124,Noakhali,2023,22.96334,91.00784,0.401,False,High,17.85
1125,Chandpur,2023,23.08718,90.66584,0.401,False,High,15.78
1126,Feni,2023,23.00986,91.44416,0.401,False,Low,-4.77
1127,Chuadanga,2023,23.50843,88.93305,0.401,False,Low,-14.74
1128,Feni,2023,23.04323,91.363,0.401,False,Low,-4.77
1129,Feni,2023,23.0381,91.45892,0.401,False,Low,-4.77
1130,Madaripur,2023,23.25466,90.09669,0.401,False,High,3.68
1131,Feni,2023,23.06184,91.35177,0.401,False,Low,-4.77
1132,Feni,2023,23.06826,91.36332,0.401,False,Low,-4.77
1133,Comilla,2023,23.12248,91.31872,0.4,False,High,10.87
1134,Chandpur,2023,23.21936,90.67963,0.4,False,High,15.78
1135,Shariatpur,2023,23.27262,90.43484,0.4,False,High,11.14
1136,Comilla,2023,23.15456,91.22312,0.4,False,High,10.87
1137,Chuadanga,2023,23.6682,88.79478,0.4,False,Low,-14.74
1138,Comilla,2023,23.18119,91.1721,0.4,False,High,10.87
1139,Chuadanga,2023,23.65665,88.88846,0.4,False,Low,-14.74
1140,Comilla,2023,23.18568,91.19649,0.4,False,High,10.87
1141,Faridpur,2023,23.39389,90.05242,0.4,False,High,8.19
1142,Faridpur,2023,23.52415,89.516,0.4,False,High,8.19
1143,Faridpur,2023,23.40929,90.05819,0.4,False,High,8.19
1144,Chuadanga,2023,23.69836,88.89391,0.4,False,Low,-14.74
1145,Chuadanga,2023,23.7452,88.81499,0.4,False,Low,-14.74
1146,Chuadanga,2023,23.75643,88.79927,0.4,False,Low,-14.74
1147,Comilla,2023,23.27679,91.08356,0.4,False,High,10.87
1148,Meherpur,2023,23.81835,88.62089,0.4,False,Low,-27.64
1149,Comilla,2023,23.33326,91.02131,0.4,False,High,10.87
1150,Khagrachhari,2023,23.29187,91.78585,0.4,False,Low,0.68
1151,Khagrachhari,2023,23.31016,91.91161,0.4,False,Low,0.68
1152,Comilla,2023,23.47442,90.73899,0.4,False,High,10.87
1153,Khagrachhari,2023,23.35732,91.88626,0.4,False,Low,0.68
1154,Meherpur,2023,23.93545,88.75949,0.4,False,Low,-27.64
1155,Dhaka,2023,23.61013,90.12492,0.4,False,Low,-5.31
1156,Kushtia,2023,23.87834,88.9985,0.4,False,High,18.8
1157,Munshiganj,2023,23.54597,90.50671,0.4,False,High,11.83
1158,Meherpur,2023,23.97202,88.79093,0.399,False,Low,-27.64
1159,Comilla,2023,23.5758,90.72455,0.399,False,High,10.87
1160,Dhaka,2023,23.73397,90.26705,0.399,False,Low,-5.31
1161,Manikganj,2023,23.79429,90.03413,0.399,False,High,10.22
1162,Narayanganj,2023,23.72531,90.63632,0.399,False,High,31.57
1163,Comilla,2023,23.71633,90.78102,0.399,False,High,10.87
1164,Comilla,2023,23.71665,90.81278,0.399,False,High,10.87
1165,Brahamanbaria,2023,23.7683,90.76658,0.399,False,High,11.9
1166,Manikganj,2023,23.91588,89.97638,0.399,False,High,10.22
1167,Pabna,2023,24.05512,89.49803,0.399,False,High,13.38
1168,Brahamanbaria,2023,23.7622,91.12943,0.399,False,High,11.9
1169,Narayanganj,2023,23.92037,90.48746,0.398,False,High,31.57
1170,Gazipur,2023,23.94347,90.44351,0.398,False,Medium,1.1
1171,Pabna,2023,24.2736,89.3174,0.398,False,High,13.38
1172,Tangail,2023,24.1642,89.8689,0.398,False,High,8.96
1173,Tangail,2023,24.14367,89.99531,0.398,False,High,8.96
1174,Sirajganj,2023,24.24056,89.64721,0.398,False,High,48.62
1175,Sirajganj,2023,24.23671,89.68571,0.398,False,High,48.62
1176,Sirajganj,2023,24.26237,89.58882,0.398,False,High,48.62
1177,Sirajganj,2023,24.26173,89.60936,0.398,False,High,48.62
1178,Sirajganj,2023,24.27296,89.62315,0.398,False,High,48.62
1179,Sirajganj,2023,24.27745,89.63213,0.398,False,High,48.62
1180,Gazipur,2023,24.11223,90.55098,0.398,False,Medium,1.1
1181,Sirajganj,2023,24.29542,89.66582,0.398,False,High,48.62
1182,Sirajganj,2023,24.30151,89.6578,0.398,False,High,48.62
1183,Tangail,2023,24.25788,89.93371,0.398,False,High,8.96
1184,Nawabganj,2023,24.70319,88.27055,0.398,False,High,38.19
1185,Tangail,2023,24.32397,90.03028,0.397,False,High,8.96
1186,Tangail,2023,24.3875,89.86473,0.397,False,High,8.96
1187,Tangail,2023,24.36825,89.97767,0.397,False,High,8.96
1188,Mymensingh,2023,24.3644,90.24363,0.397,False,Low,-5.83
1189,Naogaon,2023,24.73752,88.76526,0.397,False,High,22.41
1190,Tangail,2023,24.43209,90.12332,0.397,False,High,8.96
1191,Naogaon,2023,24.76639,88.81531,0.397,False,High,22.41
1192,Sirajganj,2023,24.65346,89.55931,0.397,False,High,48.62
1193,Bogra,2023,24.67816,89.47333,0.397,False,High,39.64
1194,Kishoreganj,2023,24.443,90.73738,0.397,False,High,12.02
1195,Bogra,2023,24.69324,89.42552,0.397,False,High,39.64
1196,Habiganj,2023,24.51326,91.54362,0.396,False,Low,-1.01
1197,Bogra,2023,24.84371,89.51086,0.396,False,High,39.64
1198,Naogaon,2023,25.0083,88.943,0.396,False,High,22.41
1199,Mymensingh,2023,24.73303,90.47751,0.396,False,Low,-5.83
1200,Bogra,2023,24.94862,89.38895,0.396,False,High,39.64
1201,Maulvibazar,2023,24.6124,91.67965,0.396,False,Medium,1.33
1202,Sunamganj,2023,24.73271,91.53881,0.396,False,High,31.03
1203,Netrakona,2023,24.83312,90.81021,0.395,False,High,50.49
1204,Mymensingh,2023,24.88221,90.50478,0.395,False,Low,-5.83
1205,Sunamganj,2023,24.87034,91.55774,0.395,False,High,31.03
1206,Dinajpur,2023,25.25116,89.23784,0.395,False,High,39.31
1207,Sunamganj,2023,24.87611,91.61196,0.395,False,High,31.03
1208,Sunamganj,2023,24.87772,91.67035,0.395,False,High,31.03
1209,Dinajpur,2023,25.36666,88.97155,0.395,False,High,39.31
1210,Dinajpur,2023,25.34324,89.19709,0.395,False,High,39.31
1211,Rangpur,2023,25.35062,89.32286,0.395,False,High,75.35
1212,Thakurgaon,2023,25.8402,88.12746,0.394,False,High,14.28
1213,Sylhet,2023,25.14753,92.12656,0.394,False,High,13.59
1214,Thakurgaon,2023,25.80715,88.3453,0.394,False,High,14.28
1215,Dinajpur,2023,25.74716,88.69211,0.394,False,High,39.31
1216,Rangpur,2023,25.60086,89.30553,0.394,False,High,75.35
1217,Kurigram,2023,25.56493,89.83137,0.394,False,High,35.15
1218,Dinajpur,2023,25.93869,88.59105,0.393,False,High,39.31
1219,Lalmonirhat,2023,25.8726,89.43354,0.393,False,High,33.32
1220,Lalmonirhat,2023,25.87998,89.53589,0.393,False,High,33.32
1221,Lalmonirhat,2023,25.99644,89.27473,0.393,False,High,33.32
1222,Kurigram,2023,25.93773,89.58337,0.393,False,High,35.15
1223,Lalmonirhat,2023,26.1976,89.12523,0.392,False,High,33.32
1224,Lalmonirhat,2023,26.20723,89.11464,0.392,False,High,33.32
1225,Lalmonirhat,2023,26.24701,89.07069,0.392,False,High,33.32
1226,Panchagarh,2023,26.4918,88.33792,0.392,False,High,16.31
1227,Satkhira,2023,22.50355,88.99086,0.346,False,High,10.7
1228,Pirojpur,2023,22.28608,89.98424,0.346,False,High,9.18
1229,Pirojpur,2023,22.32501,90.00183,0.346,False,High,9.18
1230,Jhalokati,2023,22.35495,90.08418,0.346,False,High,15.14
1231,Chittagong,2023,22.06674,92.12822,0.346,False,Low,-1.19
1232,Jhalokati,2023,22.36768,90.05087,0.346,False,High,15.14
1233,Jhalokati,2023,22.37816,90.04937,0.346,False,High,15.14
1234,Barguna,2023,22.37329,90.13059,0.346,False,High,63.87
1235,Khulna,2023,22.61097,89.25511,0.346,False,High,22.68
1236,Patuakhali,2023,22.39425,90.33047,0.345,False,High,12.98
1237,Bhola,2023,22.35607,90.73958,0.345,False,Low,-6.7
1238,Patuakhali,2023,22.39725,90.57301,0.345,False,High,12.98
1239,Patuakhali,2023,22.40698,90.56702,0.345,False,High,12.98
1240,Barisal,2023,22.48521,90.25673,0.345,False,High,9.66
1241,Barisal,2023,22.52451,90.29566,0.345,False,High,9.66
1242,Barisal,2023,22.56718,90.32897,0.345,False,High,9.66
1243,Jhalokati,2023,22.65626,90.18075,0.345,False,High,15.14
1244,Bagerhat,2023,22.73449,89.87195,0.345,False,High,11.87
1245,Pirojpur,2023,22.69369,90.06621,0.345,False,High,9.18
1246,Barisal,2023,22.70642,90.44725,0.345,False,High,9.66
1247,Jessore,2023,23.03655,89.14956,0.345,False,High,7.75
1248,Noakhali,2023,22.63567,91.12286,0.345,False,High,17.85
1249,Barisal,2023,22.88271,90.08605,0.344,False,High,9.66
1250,Barisal,2023,22.8857,90.14145,0.344,False,High,9.66
1251,Barisal,2023,22.9003,90.12198,0.344,False,High,9.66
1252,Gopalganj,2023,22.97853,89.82779,0.344,False,Low,-0.76
1253,Gopalganj,2023,23.01783,90.02991,0.344,False,Low,-0.76
1254,Jhenaidah,2023,23.29182,88.94407,0.344,False,High,15.44
1255,Noakhali,2023,22.83929,91.25723,0.344,False,High,17.85
1256,Noakhali,2023,22.8595,91.20108,0.344,False,High,17.85
1257,Gopalganj,2023,23.1391,89.79485,0.344,False,Low,-0.76
1258,Narail,2023,23.16156,89.71999,0.344,False,Low,-8.78
1259,Noakhali,2023,22.90217,91.1805,0.344,False,High,17.85
1260,Narail,2023,23.2237,89.61406,0.344,False,Low,-8.78
1261,Rangamati,2023,22.84191,92.37713,0.344,False,Medium,1.49
1262,Noakhali,2023,22.98302,90.97538,0.344,False,High,17.85
1263,Noakhali,2023,22.9804,91.00944,0.344,False,High,17.85
1264,Noakhali,2023,22.96244,91.14606,0.344,False,High,17.85
1265,Gopalganj,2023,23.20124,89.81244,0.344,False,Low,-0.76
1266,Feni,2023,22.9426,91.30289,0.344,False,Low,-4.77
1267,Feni,2023,22.95607,91.26659,0.344,False,Low,-4.77
1268,Feni,2023,22.94297,91.43764,0.344,False,Low,-4.77
1269,Chandpur,2023,23.06424,90.65611,0.344,False,High,15.78
1270,Chandpur,2023,23.06162,90.66621,0.344,False,High,15.78
1271,Feni,2023,22.95233,91.47807,0.344,False,Low,-4.77
1272,Noakhali,2023,23.00548,91.04575,0.344,False,High,17.85
1273,Feni,2023,22.96992,91.35642,0.344,False,Low,-4.77
1274,Madaripur,2023,23.17279,90.10813,0.344,False,High,3.68
1275,Feni,2023,22.96131,91.51961,0.344,False,Low,-4.77
1276,Magura,2023,23.32026,89.53958,0.344,False,High,12.28
1277,Gopalganj,2023,23.25401,89.91762,0.344,False,Low,-0.76
1278,Feni,2023,23.01184,91.47844,0.343,False,Low,-4.77
1279,Noakhali,2023,23.05302,91.1689,0.343,False,High,17.85
1280,Feni,2023,23.02831,91.38599,0.343,False,Low,-4.77
1281,Feni,2023,23.03318,91.35006,0.343,False,Low,-4.77
1282,Jhenaidah,2023,23.51677,88.95417,0.343,False,High,15.44
1283,Feni,2023,23.04066,91.38262,0.343,False,Low,-4.77
1284,Magura,2023,23.37866,89.55342,0.343,False,High,12.28
1285,Madaripur,2023,23.23904,90.2178,0.343,False,High,3.68
1286,Chuadanga,2023,23.61858,88.71949,0.343,False,Low,-14.74
1287,Comilla,2023,23.08708,91.34519,0.343,False,High,10.87
1288,Chandpur,2023,23.16343,90.80059,0.343,False,High,15.78
1289,Faridpur,2023,23.38839,89.75405,0.343,False,High,8.19
1290,Faridpur,2023,23.39288,89.80645,0.343,False,High,8.19
1291,Magura,2023,23.48832,89.51637,0.343,False,High,12.28
1292,Chuadanga,2023,23.68932,88.7659,0.343,False,Low,-14.74
1293,Chuadanga,2023,23.69606,88.76328,0.343,False,Low,-14.74
1294,Shariatpur,2023,23.34572,90.27807,0.343,False,High,11.14
1295,Chandpur,2023,23.25888,90.83802,0.343,False,High,15.78
1296,Feni,2023,23.18627,91.44887,0.343,False,Low,-4.77
1297,Meherpur,2023,23.73686,88.7251,0.343,False,Low,-27.64
1298,Feni,2023,23.19076,91.43727,0.343,False,Low,-4.77
1299,Comilla,2023,23.2237,91.17676,0.343,False,High,10.87
1300,Chandpur,2023,23.3008,90.66883,0.343,False,High,15.78
1301,Faridpur,2023,23.44004,89.9558,0.343,False,High,8.19
1302,Chuadanga,2023,23.726,88.81344,0.343,False,Low,-14.74
1303,Comilla,2023,23.2323,91.20146,0.343,False,High,10.87
1304,Chandpur,2023,23.32139,90.65087,0.343,False,High,15.78
1305,Faridpur,2023,23.46624,89.92248,0.343,False,High,8.19
1306,Comilla,2023,23.28396,91.03452,0.343,False,High,10.87
1307,Feni,2023,23.23754,91.45336,0.343,False,Low,-4.77
1308,Faridpur,2023,23.48496,90.00857,0.343,False,High,8.19
1309,Chandpur,2023,23.38539,90.56515,0.343,False,High,15.78
1310,Chuadanga,2023,23.76568,88.89017,0.343,False,Low,-14.74
1311,Faridpur,2023,23.57853,89.62716,0.343,False,High,8.19
1312,Chandpur,2023,23.42095,90.80246,0.343,False,High,15.78
1313,Chandpur,2023,23.42507,90.78936,0.343,False,High,15.78
1314,Chandpur,2023,23.44229,90.68156,0.343,False,High,15.78
1315,Rajbari,2023,23.69494,89.48119,0.343,False,High,4.82
1316,Meherpur,2023,23.8877,88.77751,0.343,False,Low,-27.64
1317,Munshiganj,2023,23.52014,90.42779,0.343,False,High,11.83
1318,Munshiganj,2023,23.51864,90.49591,0.343,False,High,11.83
1319,Meherpur,2023,23.93411,88.80483,0.342,False,Low,-27.64
1320,Munshiganj,2023,23.54746,90.51799,0.342,False,High,11.83
1321,Kushtia,2023,23.99176,89.00732,0.342,False,High,18.8
1322,Kushtia,2023,23.99363,89.01369,0.342,False,High,18.8
1323,Dhaka,2023,23.73536,90.15866,0.342,False,Low,-5.31
1324,Manikganj,2023,23.74547,90.16615,0.342,False,High,10.22
1325,Comilla,2023,23.64927,90.7276,0.342,False,High,10.87
1326,Manikganj,2023,23.81883,89.91238,0.342,False,High,10.22
1327,Narayanganj,2023,23.69569,90.62953,0.342,False,High,31.57
1328,Dhaka,2023,23.77092,90.22941,0.342,False,Low,-5.31
1329,Comilla,2023,23.66387,90.96116,0.342,False,High,10.87
1330,Comilla,2023,23.67248,90.90876,0.342,False,High,10.87
1331,Comilla,2023,23.69905,90.79797,0.342,False,High,10.87
1332,Pabna,2023,24.02133,89.51038,0.342,False,High,13.38
1333,Dhaka,2023,23.927,90.17064,0.342,False,Low,-5.31
1334,Narayanganj,2023,23.87497,90.53446,0.342,False,High,31.57
1335,Dhaka,2023,23.89332,90.45211,0.342,False,Low,-5.31
1336,Dhaka,2023,23.97229,90.15604,0.342,False,Low,-5.31
1337,Gazipur,2023,23.92925,90.43939,0.342,False,Medium,1.1
1338,Narayanganj,2023,23.91989,90.50077,0.342,False,High,31.57
1339,Dhaka,2023,23.99475,90.19198,0.341,False,Low,-5.31
1340,Narayanganj,2023,23.94721,90.51238,0.341,False,High,31.57
1341,Sirajganj,2023,24.11265,89.66197,0.341,False,High,48.62
1342,Narayanganj,2023,23.94759,90.52361,0.341,False,High,31.57
1343,Natore,2023,24.32975,88.9377,0.341,False,High,9.57
1344,Sirajganj,2023,24.21746,89.54594,0.341,False,High,48.62
1345,Brahamanbaria,2023,23.96069,91.00084,0.341,False,High,11.9
1346,Gazipur,2023,24.08308,90.26534,0.341,False,Medium,1.1
1347,Brahamanbaria,2023,23.96293,91.05361,0.341,False,High,11.9
1348,Sirajganj,2023,24.22644,89.66272,0.341,False,High,48.62
1349,Sirajganj,2023,24.24852,89.65449,0.341,False,High,48.62
1350,Nawabganj,2023,24.66661,88.15692,0.341,False,High,38.19
1351,Pabna,2023,24.32862,89.39622,0.341,False,High,13.38
1352,Tangail,2023,24.24628,89.84463,0.341,False,High,8.96
1353,Sirajganj,2023,24.34809,89.47258,0.341,False,High,48.62
1354,Tangail,2023,24.23131,90.04114,0.341,False,High,8.96
1355,Nawabganj,2023,24.68795,88.24039,0.341,False,High,38.19
1356,Tangail,2023,24.23992,90.05873,0.341,False,High,8.96
1357,Sirajganj,2023,24.34884,89.6223,0.341,False,High,48.62
1358,Kishoreganj,2023,24.10554,91.00346,0.341,False,High,12.02
1359,Rajshahi,2023,24.57753,88.88568,0.341,False,Low,-20.24
1360,Tangail,2023,24.27772,90.25037,0.341,False,High,8.96
1361,Nawabganj,2023,24.78901,88.19884,0.341,False,High,38.19
1362,Nawabganj,2023,24.83093,88.19547,0.341,False,High,38.19
1363,Kishoreganj,2023,24.24441,90.83652,0.341,False,High,12.02
1364,Naogaon,2023,24.68383,88.77975,0.341,False,High,22.41
1365,Tangail,2023,24.36755,90.18749,0.34,False,High,8.96
1366,Tangail,2023,24.38477,90.11113,0.34,False,High,8.96
1367,Nawabganj,2023,24.85189,88.26285,0.34,False,High,38.19
1368,Nawabganj,2023,24.9159,88.15542,0.34,False,High,38.19
1369,Tangail,2023,24.50716,89.91163,0.34,False,High,8.96
1370,Habiganj,2023,24.28521,91.35679,0.34,False,Low,-1.01
1371,Naogaon,2023,24.73025,88.96091,0.34,False,High,22.41
1372,Naogaon,2023,24.8721,88.73334,0.34,False,High,22.41
1373,Bogra,2023,24.73474,89.449,0.34,False,High,39.64
1374,Kishoreganj,2023,24.50005,90.75193,0.34,False,High,12.02
1375,Naogaon,2023,25.01621,88.93546,0.339,False,High,22.41
1376,Naogaon,2023,25.03343,88.95717,0.339,False,High,22.41
1377,Joypurhat,2023,25.0585,89.03278,0.339,False,High,30.07
1378,Bogra,2023,24.98252,89.46247,0.339,False,High,39.64
1379,Bogra,2023,24.99225,89.46434,0.339,False,High,39.64
1380,Netrakona,2023,24.74035,90.95517,0.339,False,High,50.49
1381,Sunamganj,2023,24.69656,91.61618,0.339,False,High,31.03
1382,Jamalpur,2023,24.94322,89.93296,0.339,False,High,16.99
1383,Sherpur,2023,24.90879,90.16503,0.339,False,High,31.78
1384,Joypurhat,2023,25.16593,89.01706,0.339,False,High,30.07
1385,Sunamganj,2023,24.73062,91.56303,0.339,False,High,31.03
1386,Mymensingh,2023,24.88109,90.5513,0.339,False,Low,-5.83
1387,Sylhet,2023,24.74634,91.69965,0.339,False,High,13.59
1388,Sylhet,2023,24.73361,92.0571,0.339,False,High,13.59
1389,Netrakona,2023,24.84066,90.98699,0.339,False,High,50.49
1390,Sunamganj,2023,24.79575,91.65174,0.339,False,High,31.03
1391,Sunamganj,2023,24.84253,91.63415,0.339,False,High,31.03
1392,Sunamganj,2023,24.86312,91.58998,0.339,False,High,31.03
1393,Dinajpur,2023,25.38377,88.95417,0.338,False,High,39.31
1394,Rangpur,2023,25.38152,89.33671,0.338,False,High,75.35
1395,Gaibandha,2023,25.40623,89.38986,0.338,False,High,42.66
1396,Thakurgaon,2023,25.70829,88.41256,0.338,False,High,14.28
1397,Sylhet,2023,25.13374,91.95941,0.338,False,High,13.59
1398,Thakurgaon,2023,25.77117,88.32573,0.338,False,High,14.28
1399,Sylhet,2023,25.15957,91.91674,0.338,False,High,13.59
1400,Thakurgaon,2023,25.83779,88.27857,0.338,False,High,14.28
1401,Thakurgaon,2023,25.87709,88.15842,0.338,False,High,14.28
1402,Rangpur,2023,25.61733,89.16079,0.338,False,High,75.35
1403,Dinajpur,2023,25.78202,88.56603,0.338,False,High,39.31
1404,Dinajpur,2023,25.85801,88.46646,0.337,False,High,39.31
1405,Rangpur,2023,25.69556,89.25998,0.337,False,High,75.35
1406,Kurigram,2023,25.57728,89.82704,0.337,False,High,35.15
1407,Dinajpur,2023,25.82132,88.74494,0.337,False,High,39.31
1408,Rangpur,2023,25.80036,89.10277,0.337,False,High,75.35
1409,Kurigram,2023,25.78165,89.50776,0.337,False,High,35.15
1410,Lalmonirhat,2023,25.86362,89.43365,0.337,False,High,33.32
1411,Lalmonirhat,2023,25.89955,89.32548,0.337,False,High,33.32
1412,Lalmonirhat,2023,25.87934,89.46472,0.337,False,High,33.32
1413,Kurigram,2023,25.86175,89.55155,0.337,False,High,35.15
1414,Lalmonirhat,2023,25.8988,89.43852,0.337,False,High,33.32
1415,Lalmonirhat,2023,25.87747,89.52049,0.337,False,High,33.32
1416,Lalmonirhat,2023,26.03467,89.25548,0.336,False,High,33.32
1417,Lalmonirhat,2023,26.0867,89.22891,0.336,False,High,33.32
1418,Lalmonirhat,2023,26.11253,89.16378,0.336,False,High,33.32
1419,Kurigram,2023,26.02943,89.70764,0.336,False,High,35.15
1420,Kurigram,2023,26.04104,89.76266,0.336,False,High,35.15
1421,Kurigram,2023,26.0766,89.66272,0.336,False,High,35.15
1422,Kurigram,2023,26.09681,89.69042,0.336,False,High,35.15
1423,Lalmonirhat,2023,26.24016,89.13384,0.336,False,High,33.32
1424,Lalmonirhat,2023,26.27385,89.07844,0.336,False,High,33.32
1425,Lalmonirhat,2023,26.36406,88.92386,0.336,False,High,33.32
1426,Lalmonirhat,2023,26.41459,89.01556,0.336,False,High,33.32
1427,Barguna,2023,22.00266,89.95213,0.289,False,High,63.87
1428,Cox's Bazar,2023,21.74844,92.10584,0.289,False,Medium,1.81
1429,Satkhira,2023,22.3822,89.15847,0.288,False,High,10.7
1430,Satkhira,2023,22.41948,89.03629,0.288,False,High,10.7
1431,Pirojpur,2023,22.2726,89.9692,0.288,False,High,9.18
1432,Pirojpur,2023,22.29506,89.96785,0.288,False,High,9.18
1433,Pirojpur,2023,22.29461,90.01052,0.288,False,High,9.18
1434,Jhalokati,2023,22.36423,90.07834,0.288,False,High,15.14
1435,Jhalokati,2023,22.37232,90.05768,0.288,False,High,15.14
1436,Pirojpur,2023,22.40061,90.03926,0.288,False,High,9.18
1437,Pirojpur,2023,22.44059,90.07969,0.288,False,High,9.18
1438,Patuakhali,2023,22.45406,90.37838,0.288,False,High,12.98
1439,Barisal,2023,22.47967,90.2625,0.288,False,High,9.66
1440,Chittagong,2023,22.25464,91.84892,0.288,False,Low,-1.19
1441,Patuakhali,2023,22.42981,90.56253,0.288,False,High,12.98
1442,Barisal,2023,22.50617,90.23689,0.288,False,High,9.66
1443,Barisal,2023,22.50392,90.24947,0.288,False,High,9.66
1444,Pirojpur,2023,22.57848,89.98851,0.288,False,High,9.18
1445,Jhalokati,2023,22.58118,90.07699,0.288,False,High,15.14
1446,Patuakhali,2023,22.52099,90.49336,0.288,False,High,12.98
1447,Pirojpur,2023,22.61352,90.09047,0.288,False,High,9.18
1448,Patuakhali,2023,22.53087,90.53558,0.288,False,High,12.98
1449,Jhalokati,2023,22.61127,90.18928,0.287,False,High,15.14
1450,Khulna,2023,22.82866,89.31792,0.287,False,High,22.68
1451,Jhalokati,2023,22.61441,90.24318,0.287,False,High,15.14
1452,Barisal,2023,22.60992,90.42015,0.287,False,High,9.66
1453,Pirojpur,2023,22.7038,90.07699,0.287,False,High,9.18
1454,Barisal,2023,22.65574,90.45114,0.287,False,High,9.66
1455,Chittagong,2023,22.45451,92.09416,0.287,False,Low,-1.19
1456,Bhola,2023,22.63328,90.62901,0.287,False,Low,-6.7
1457,Khulna,2023,22.87582,89.49623,0.287,False,High,22.68
1458,Barisal,2023,22.68583,90.45923,0.287,False,High,9.66
1459,Barisal,2023,22.69526,90.42689,0.287,False,High,9.66
1460,Barisal,2023,22.69391,90.44755,0.287,False,High,9.66
1461,Jessore,2023,22.98182,89.31747,0.287,False,High,7.75
1462,Bhola,2023,22.70604,90.61643,0.287,False,Low,-6.7
1463,Noakhali,2023,22.66427,91.04672,0.287,False,High,17.85
1464,Barisal,2023,22.8354,90.12415,0.287,False,High,9.66
1465,Barisal,2023,22.81743,90.26744,0.287,False,High,9.66
1466,Bhola,2023,22.76129,90.58813,0.287,False,Low,-6.7
1467,Gopalganj,2023,22.91445,89.84702,0.287,False,Low,-0.76
1468,Jessore,2023,23.06986,89.32061,0.287,False,High,7.75
1469,Barisal,2023,22.92209,90.03702,0.287,False,High,9.66
1470,Narail,2023,23.03168,89.60897,0.287,False,Low,-8.78
1471,Barisal,2023,22.92029,90.13179,0.287,False,High,9.66
1472,Noakhali,2023,22.7833,91.04583,0.287,False,High,17.85
1473,Barisal,2023,22.89963,90.43452,0.287,False,High,9.66
1474,Gopalganj,2023,23.05773,89.86364,0.287,False,Low,-0.76
1475,Lakshmipur,2023,22.8893,90.83697,0.287,False,Low,-1.16
1476,Noakhali,2023,22.85157,91.11859,0.287,False,High,17.85
1477,Noakhali,2023,22.85516,91.08984,0.287,False,High,17.85
1478,Madaripur,2023,23.00428,90.28855,0.287,False,High,3.68
1479,Lakshmipur,2023,22.89334,90.94432,0.287,False,Low,-1.16
1480,Noakhali,2023,22.87582,91.07322,0.287,False,High,17.85
1481,Noakhali,2023,22.86998,91.24076,0.287,False,High,17.85
1482,Noakhali,2023,22.87942,91.19809,0.287,False,High,17.85
1483,Jessore,2023,23.31735,89.05291,0.287,False,High,7.75
1484,Noakhali,2023,22.90726,91.04358,0.287,False,High,17.85
1485,Jessore,2023,23.3416,88.98779,0.287,False,High,7.75
1486,Noakhali,2023,22.9131,91.02202,0.287,False,High,17.85
1487,Gopalganj,2023,23.09097,90.0222,0.287,False,Low,-0.76
1488,Gopalganj,2023,23.0995,90.02489,0.287,False,Low,-0.76
1489,Gopalganj,2023,23.10669,89.99255,0.287,False,Low,-0.76
1490,Jhenaidah,2023,23.35822,88.97746,0.287,False,High,15.44
1491,Jhenaidah,2023,23.36855,88.99138,0.287,False,High,15.44
1492,Noakhali,2023,22.92254,91.221,0.286,False,High,17.85
1493,Narail,2023,23.21045,89.65703,0.286,False,Low,-8.78
1494,Feni,2023,22.91759,91.29466,0.286,False,Low,-4.77
1495,Noakhali,2023,22.93287,91.18282,0.286,False,High,17.85
1496,Noakhali,2023,22.9423,91.17384,0.286,False,High,17.85
1497,Gopalganj,2023,23.22482,89.73743,0.286,False,Low,-0.76
1498,Lakshmipur,2023,23.02988,90.76151,0.286,False,Low,-1.16
1499,Gopalganj,2023,23.22527,89.75225,0.286,False,Low,-0.76
1500,Chuadanga,2023,23.47096,88.81261,0.286,False,Low,-14.74
1501,Feni,2023,22.94769,91.36832,0.286,False,Low,-4.77
1502,Feni,2023,22.96341,91.35485,0.286,False,Low,-4.77
1503,Chuadanga,2023,23.4741,88.85259,0.286,False,Low,-14.74
1504,Gopalganj,2023,23.20191,89.96515,0.286,False,Low,-0.76
1505,Chittagong,2023,22.95308,91.52508,0.286,False,Low,-1.19
1506,Noakhali,2023,23.01866,91.05032,0.286,False,High,17.85
1507,Feni,2023,22.99395,91.30724,0.286,False,Low,-4.77
1508,Faridpur,2023,23.27333,89.72755,0.286,False,High,8.19
1509,Gopalganj,2023,23.23784,89.9108,0.286,False,Low,-0.76
1510,Faridpur,2023,23.28231,89.72081,0.286,False,High,8.19
1511,Chuadanga,2023,23.48713,88.93523,0.286,False,Low,-14.74
1512,Faridpur,2023,23.29713,89.68982,0.286,False,High,8.19
1513,Gopalganj,2023,23.27018,89.81379,0.286,False,Low,-0.76
1514,Jhenaidah,2023,23.49342,88.9541,0.286,False,High,15.44
1515,Noakhali,2023,23.03078,91.23043,0.286,False,High,17.85
1516,Feni,2023,23.00338,91.52867,0.286,False,Low,-4.77
1517,Feni,2023,23.0236,91.36338,0.286,False,Low,-4.77
1518,Feni,2023,23.01821,91.51924,0.286,False,Low,-4.77
1519,Feni,2023,23.04111,91.3252,0.286,False,Low,-4.77
1520,Noakhali,2023,23.06672,91.15677,0.286,False,High,17.85
1521,Noakhali,2023,23.06088,91.21157,0.286,False,High,17.85
1522,Shariatpur,2023,23.21943,90.28585,0.286,False,High,11.14
1523,Faridpur,2023,23.35777,89.6467,0.286,False,High,8.19
1524,Chandpur,2023,23.13633,90.81631,0.286,False,High,15.78
1525,Chuadanga,2023,23.57606,88.9011,0.286,False,Low,-14.74
1526,Comilla,2023,23.09501,91.28837,0.286,False,High,10.87
1527,Feni,2023,23.08109,91.44692,0.286,False,Low,-4.77
1528,Chuadanga,2023,23.60076,88.8454,0.286,False,Low,-14.74
1529,Jhenaidah,2023,23.49342,89.29501,0.286,False,High,15.44
1530,Magura,2023,23.48982,89.31477,0.286,False,High,12.28
1531,Chuadanga,2023,23.64972,88.73266,0.286,False,Low,-14.74
1532,Chandpur,2023,23.18619,90.80822,0.286,False,High,15.78
1533,Chuadanga,2023,23.61783,88.85349,0.286,False,Low,-14.74
1534,Meherpur,2023,23.68476,88.62442,0.286,False,Low,-27.64
1535,Chuadanga,2023,23.58819,88.96308,0.286,False,Low,-14.74
1536,Jhenaidah,2023,23.56663,89.04483,0.286,False,High,15.44
1537,Shariatpur,2023,23.23021,90.57646,0.286,False,High,11.14
1538,Chuadanga,2023,23.64254,88.80588,0.286,False,Low,-14.74
1539,Faridpur,2023,23.40493,89.75046,0.286,False,High,8.19
1540,Chandpur,2023,23.21898,90.74354,0.286,False,High,15.78
1541,Madaripur,2023,23.33217,90.13943,0.286,False,High,3.68
1542,Meherpur,2023,23.68386,88.72278,0.286,False,Low,-27.64
1543,Chuadanga,2023,23.65556,88.83238,0.286,False,Low,-14.74
1544,Comilla,2023,23.18305,91.18012,0.286,False,High,10.87
1545,Chandpur,2023,23.20955,90.99956,0.286,False,High,15.78
1546,Comilla,2023,23.18934,91.22414,0.286,False,High,10.87
1547,Comilla,2023,23.1808,91.30499,0.286,False,High,10.87
1548,Chuadanga,2023,23.66365,88.91233,0.286,False,Low,-14.74
1549,Shariatpur,2023,23.34564,90.29169,0.286,False,High,11.14
1550,Faridpur,2023,23.46287,89.77246,0.286,False,High,8.19
1551,Faridpur,2023,23.42963,89.92922,0.286,False,High,8.19
1552,Meherpur,2023,23.72473,88.76455,0.286,False,Low,-27.64
1553,Faridpur,2023,23.44895,89.94404,0.286,False,High,8.19
1554,Chandpur,2023,23.31061,90.68875,0.286,False,High,15.78
1555,Jhenaidah,2023,23.60705,89.27704,0.286,False,High,15.44
1556,Chuadanga,2023,23.7436,88.79689,0.286,False,Low,-14.74
1557,Chuadanga,2023,23.73731,88.81845,0.286,False,Low,-14.74
1558,Meherpur,2023,23.75932,88.75602,0.286,False,Low,-27.64
1559,Chuadanga,2023,23.75168,88.81037,0.286,False,Low,-14.74
1560,Comilla,2023,23.27737,91.04493,0.286,False,High,10.87
1561,Meherpur,2023,23.80648,88.62352,0.286,False,Low,-27.64
1562,Faridpur,2023,23.46018,90.0222,0.286,False,High,8.19
1563,Chandpur,2023,23.33666,90.7669,0.286,False,High,15.78
1564,Faridpur,2023,23.48892,90.05858,0.286,False,High,8.19
1565,Chuadanga,2023,23.7939,88.82609,0.286,False,Low,-14.74
1566,Chandpur,2023,23.35507,90.8455,0.286,False,High,15.78
1567,Chuadanga,2023,23.7939,88.83732,0.286,False,Low,-14.74
1568,Faridpur,2023,23.53609,89.89194,0.286,False,High,8.19
1569,Chandpur,2023,23.40942,90.64203,0.286,False,High,15.78
1570,Comilla,2023,23.34699,91.05481,0.286,False,High,10.87
1571,Khagrachhari,2023,23.28096,92.04565,0.286,False,Low,0.68
1572,Munshiganj,2023,23.48713,90.42554,0.286,False,High,11.83
1573,Meherpur,2023,23.89182,88.72997,0.286,False,Low,-27.64
1574,Khagrachhari,2023,23.31555,91.79592,0.286,False,Low,0.68
1575,Comilla,2023,23.38966,91.11365,0.286,False,High,10.87
1576,Kushtia,2023,23.83972,88.93164,0.286,False,High,18.8
1577,Meherpur,2023,23.90305,88.72548,0.286,False,Low,-27.64
1578,Meherpur,2023,23.86172,88.88089,0.286,False,Low,-27.64
1579,Meherpur,2023,23.9035,88.73446,0.286,False,Low,-27.64
1580,Chandpur,2023,23.48084,90.60341,0.286,False,High,15.78
1581,Munshiganj,2023,23.5307,90.31684,0.286,False,High,11.83
1582,Comilla,2023,23.46961,90.72423,0.285,False,High,10.87
1583,Munshiganj,2023,23.55854,90.289,0.285,False,High,11.83
1584,Kushtia,2023,23.80378,89.2492,0.285,False,High,18.8
1585,Munshiganj,2023,23.56483,90.342,0.285,False,High,11.83
1586,Kushtia,2023,23.90664,88.87999,0.285,False,High,18.8
1587,Munshiganj,2023,23.53609,90.53289,0.285,False,High,11.83
1588,Munshiganj,2023,23.58414,90.29259,0.285,False,High,11.83
1589,Comilla,2023,23.51902,90.72917,0.285,False,High,10.87
1590,Meherpur,2023,23.93449,88.83462,0.285,False,Low,-27.64
1591,Meherpur,2023,23.95335,88.77399,0.285,False,Low,-27.64
1592,Kushtia,2023,23.91697,88.98913,0.285,False,High,18.8
1593,Kushtia,2023,23.96099,88.91143,0.285,False,High,18.8
1594,Comilla,2023,23.59358,90.69728,0.285,False,High,10.87
1595,Comilla,2023,23.581,90.84101,0.285,False,High,10.87
1596,Kushtia,2023,24.01803,88.82025,0.285,False,High,18.8
1597,Kushtia,2023,23.99243,88.92221,0.285,False,High,18.8
1598,Comilla,2023,23.5819,90.88143,0.285,False,High,10.87
1599,Comilla,2023,23.59537,90.80732,0.285,False,High,10.87
1600,Comilla,2023,23.61424,90.68336,0.285,False,High,10.87
1601,Dhaka,2023,23.69509,90.29708,0.285,False,Low,-5.31
1602,Pabna,2023,23.85993,89.53127,0.285,False,High,13.38
1603,Comilla,2023,23.62187,90.74624,0.285,False,High,10.87
1604,Dhaka,2023,23.73057,90.26205,0.285,False,Low,-5.31
1605,Manikganj,2023,23.74,90.21848,0.285,False,High,10.22
1606,Dhaka,2023,23.7418,90.25666,0.285,False,Low,-5.31
1607,Comilla,2023,23.6596,90.77274,0.285,False,High,10.87
1608,Narayanganj,2023,23.69194,90.61868,0.285,False,High,31.57
1609,Comilla,2023,23.66634,90.77948,0.285,False,High,10.87
1610,Comilla,2023,23.66859,90.77004,0.285,False,High,10.87
1611,Narayanganj,2023,23.69149,90.72288,0.285,False,High,31.57
1612,Pabna,2023,23.97401,89.32959,0.285,False,High,13.38
1613,Pabna,2023,24.03016,89.10951,0.285,False,High,13.38
1614,Narayanganj,2023,23.74,90.62092,0.285,False,High,31.57
1615,Dhaka,2023,23.80872,90.26609,0.285,False,Low,-5.31
1616,Narayanganj,2023,23.7391,90.69638,0.285,False,High,31.57
1617,Manikganj,2023,23.85499,90.08014,0.285,False,High,10.22
1618,Pabna,2023,23.983,89.52588,0.285,False,High,13.38
1619,Narayanganj,2023,23.7701,90.61733,0.285,False,High,31.57
1620,Pabna,2023,24.09933,89.07088,0.285,False,High,13.38
1621,Pabna,2023,23.99468,89.50207,0.285,False,High,13.38
1622,Pabna,2023,24.08226,89.14409,0.285,False,High,13.38
1623,Narayanganj,2023,23.78177,90.62541,0.285,False,High,31.57
1624,Dhaka,2023,23.86217,90.28944,0.285,False,Low,-5.31
1625,Dhaka,2023,23.92191,90.07475,0.285,False,Low,-5.31
1626,Narayanganj,2023,23.87205,90.4727,0.285,False,High,31.57
1627,Dhaka,2023,23.93763,90.10888,0.285,False,Low,-5.31
1628,Dhaka,2023,23.93628,90.17221,0.285,False,Low,-5.31
1629,Manikganj,2023,23.98434,89.92877,0.285,False,High,10.22
1630,Rajshahi,2023,24.38275,88.41286,0.285,False,Low,-20.24
1631,Narayanganj,2023,23.88373,90.56433,0.285,False,High,31.57
1632,Dhaka,2023,23.98614,90.03926,0.285,False,Low,-5.31
1633,Narayanganj,2023,23.88912,90.60655,0.285,False,High,31.57
1634,Dhaka,2023,23.9565,90.28181,0.285,False,Low,-5.31
1635,Sirajganj,2023,24.09843,89.66601,0.285,False,High,48.62
1636,Gazipur,2023,23.94212,90.47135,0.285,False,Medium,1.1
1637,Narayanganj,2023,23.93404,90.53154,0.285,False,High,31.57
1638,Brahamanbaria,2023,23.85364,91.0858,0.285,False,High,11.9
1639,Pabna,2023,24.15413,89.46524,0.285,False,High,13.38
1640,Brahamanbaria,2023,23.87161,91.02921,0.285,False,High,11.9
1641,Pabna,2023,24.18647,89.46704,0.284,False,High,13.38
1642,Pabna,2023,24.23677,89.34172,0.284,False,High,13.38
1643,Tangail,2023,24.09124,90.01456,0.284,False,High,8.96
1644,Pabna,2023,24.25564,89.35205,0.284,False,High,13.38
1645,Tangail,2023,24.09169,90.1246,0.284,False,High,8.96
1646,Tangail,2023,24.12044,90.01321,0.284,False,High,8.96
1647,Narsingdi,2023,23.9794,90.90614,0.284,False,Low,-4.09
1648,Natore,2023,24.30953,89.26671,0.284,False,High,9.57
1649,Tangail,2023,24.15997,89.97414,0.284,False,High,8.96
1650,Gazipur,2023,24.06519,90.58948,0.284,False,Medium,1.1
1651,Natore,2023,24.34008,89.25503,0.284,False,High,9.57
1652,Sirajganj,2023,24.26866,89.57663,0.284,False,High,48.62
1653,Gazipur,2023,24.089,90.5019,0.284,False,Medium,1.1
1654,Natore,2023,24.35086,89.25414,0.284,False,High,9.57
1655,Tangail,2023,24.23048,89.8358,0.284,False,High,8.96
1656,Sirajganj,2023,24.28079,89.61391,0.284,False,High,48.62
1657,Sirajganj,2023,24.2992,89.56316,0.284,False,High,48.62
1658,Pabna,2023,24.33873,89.40371,0.284,False,High,13.38
1659,Nawabganj,2023,24.68189,88.16942,0.284,False,High,38.19
1660,Sirajganj,2023,24.3266,89.49893,0.284,False,High,48.62
1661,Nawabganj,2023,24.71827,88.06971,0.284,False,High,38.19
1662,Sirajganj,2023,24.37826,89.31208,0.284,False,High,48.62
1663,Narsingdi,2023,24.06879,90.94656,0.284,False,Low,-4.09
1664,Kishoreganj,2023,24.07283,90.97037,0.284,False,High,12.02
1665,Sirajganj,2023,24.32166,89.60044,0.284,False,High,48.62
1666,Natore,2023,24.41868,89.20653,0.284,False,High,9.57
1667,Sirajganj,2023,24.34951,89.5151,0.284,False,High,48.62
1668,Tangail,2023,24.25698,89.97369,0.284,False,High,8.96
1669,Kishoreganj,2023,24.10696,90.93039,0.284,False,High,12.02
1670,Gazipur,2023,24.17479,90.49516,0.284,False,Medium,1.1
1671,Nawabganj,2023,24.69761,88.27407,0.284,False,High,38.19
1672,Kishoreganj,2023,24.11505,90.89446,0.284,False,High,12.02
1673,Tangail,2023,24.27495,89.9665,0.284,False,High,8.96
1674,Narsingdi,2023,24.15817,90.7148,0.284,False,Low,-4.09
1675,Tangail,2023,24.32526,89.93371,0.284,False,High,8.96
1676,Tangail,2023,24.31627,90.05498,0.284,False,High,8.96
1677,Rajshahi,2023,24.59071,88.87056,0.284,False,Low,-20.24
1678,Narsingdi,2023,24.22285,90.75747,0.284,False,Low,-4.09
1679,Nawabganj,2023,24.75151,88.3922,0.284,False,High,38.19
1680,Gazipur,2023,24.25608,90.62497,0.284,False,Medium,1.1
1681,Rajshahi,2023,24.65224,88.78656,0.284,False,Low,-20.24
1682,Kishoreganj,2023,24.22419,90.86257,0.284,False,High,12.02
1683,Mymensingh,2023,24.3257,90.25351,0.284,False,Low,-5.83
1684,Nawabganj,2023,24.80765,88.27497,0.284,False,High,38.19
1685,Tangail,2023,24.3522,90.13583,0.284,False,High,8.96
1686,Kishoreganj,2023,24.26058,90.75118,0.284,False,High,12.02
1687,Naogaon,2023,24.67829,88.85798,0.284,False,High,22.41
1688,Tangail,2023,24.37242,90.2342,0.284,False,High,8.96
1689,Tangail,2023,24.3796,90.22207,0.284,False,High,8.96
1690,Naogaon,2023,24.72635,88.75737,0.284,False,High,22.41
1691,Nawabganj,2023,24.86829,88.27363,0.284,False,High,38.19
1692,Tangail,2023,24.44249,90.0716,0.284,False,High,8.96
1693,Sirajganj,2023,24.54444,89.5955,0.284,False,High,48.62
1694,Naogaon,2023,24.75555,88.77533,0.284,False,High,22.41
1695,Bogra,2023,24.56286,89.5681,0.284,False,High,39.64
1696,Habiganj,2023,24.25339,91.50352,0.284,False,Low,-1.01
1697,Naogaon,2023,24.79687,88.67158,0.284,False,High,22.41
1698,Naogaon,2023,24.77711,88.77489,0.284,False,High,22.41
1699,Kishoreganj,2023,24.37197,90.70132,0.284,False,High,12.02
1700,Habiganj,2023,24.28303,91.41234,0.284,False,Low,-1.01
1701,Kishoreganj,2023,24.37287,90.74085,0.284,False,High,12.02
1702,Naogaon,2023,24.79507,88.75377,0.284,False,High,22.41
1703,Bogra,2023,24.59116,89.5919,0.284,False,High,39.64
1704,Bogra,2023,24.61451,89.57439,0.283,False,High,39.64
1705,Bogra,2023,24.6482,89.44188,0.283,False,High,39.64
1706,Sirajganj,2023,24.62889,89.55911,0.283,False,High,48.62
1707,Naogaon,2023,24.78834,88.92625,0.283,False,High,22.41
1708,Habiganj,2023,24.34142,91.4321,0.283,False,Low,-1.01
1709,Habiganj,2023,24.34951,91.41728,0.283,False,Low,-1.01
1710,Sirajganj,2023,24.60867,89.76124,0.283,False,High,48.62
1711,Habiganj,2023,24.3549,91.41458,0.283,False,Low,-1.01
1712,Maulvibazar,2023,24.32481,91.74831,0.283,False,Medium,1.33
1713,Sirajganj,2023,24.69446,89.57663,0.283,False,High,48.62
1714,Mymensingh,2023,24.5413,90.37703,0.283,False,Low,-5.83
1715,Bogra,2023,24.75734,89.38484,0.283,False,High,39.64
1716,Bogra,2023,24.72186,89.54744,0.283,False,High,39.64
1717,Mymensingh,2023,24.55882,90.45114,0.283,False,Low,-5.83
1718,Maulvibazar,2023,24.40341,91.70878,0.283,False,Medium,1.33
1719,Maulvibazar,2023,24.41239,91.7537,0.283,False,Medium,1.33
1720,Maulvibazar,2023,24.40161,91.9154,0.283,False,Medium,1.33
1721,Kishoreganj,2023,24.51974,90.86302,0.283,False,High,12.02
1722,Tangail,2023,24.6464,90.09765,0.283,False,High,8.96
1723,Joypurhat,2023,24.91185,89.00755,0.283,False,High,30.07
1724,Mymensingh,2023,24.59565,90.69324,0.283,False,Low,-5.83
1725,Bogra,2023,24.84763,89.43694,0.283,False,High,39.64
1726,Tangail,2023,24.74387,90.07026,0.283,False,High,8.96
1727,Mymensingh,2023,24.73938,90.10394,0.283,False,Low,-5.83
1728,Tangail,2023,24.75195,90.07744,0.283,False,High,8.96
1729,Bogra,2023,24.91275,89.35924,0.283,False,High,39.64
1730,Naogaon,2023,25.04975,88.8993,0.283,False,High,22.41
1731,Bogra,2023,24.94285,89.48051,0.283,False,High,39.64
1732,Jamalpur,2023,24.87233,89.87397,0.283,False,High,16.99
1733,Bogra,2023,24.96665,89.44682,0.283,False,High,39.64
1734,Jamalpur,2023,24.84673,90.0222,0.283,False,High,16.99
1735,Sylhet,2023,24.62978,91.6998,0.283,False,High,13.59
1736,Bogra,2023,24.98776,89.42392,0.283,False,High,39.64
1737,Joypurhat,2023,25.13015,88.99452,0.283,False,High,30.07
1738,Sherpur,2023,24.92802,90.01726,0.283,False,High,31.78
1739,Bogra,2023,25.0466,89.43649,0.283,False,High,39.64
1740,Bogra,2023,25.06906,89.34981,0.283,False,High,39.64
1741,Bogra,2023,25.08433,89.34307,0.283,False,High,39.64
1742,Sylhet,2023,24.703,91.90641,0.283,False,High,13.59
1743,Gaibandha,2023,25.05648,89.49983,0.283,False,High,42.66
1744,Maulvibazar,2023,24.69356,92.10045,0.283,False,Medium,1.33
1745,Sunamganj,2023,24.73129,91.6486,0.283,False,High,31.03
1746,Mymensingh,2023,24.91994,90.25396,0.282,False,Low,-5.83
1747,Sylhet,2023,24.71917,91.89923,0.282,False,High,13.59
1748,Sunamganj,2023,24.75914,91.67016,0.282,False,High,31.03
1749,Mymensingh,2023,24.90826,90.52031,0.282,False,Low,-5.83
1750,Jamalpur,2023,25.02998,89.86589,0.282,False,High,16.99
1751,Sylhet,2023,24.77621,91.69082,0.282,False,High,13.59
1752,Jamalpur,2023,25.03447,89.87173,0.282,False,High,16.99
1753,Netrakona,2023,24.8867,90.91288,0.282,False,High,50.49
1754,Sunamganj,2023,24.83909,91.3279,0.282,False,High,31.03
1755,Sylhet,2023,24.78968,91.9648,0.282,False,High,13.59
1756,Sylhet,2023,24.80271,92.09641,0.282,False,High,13.59
1757,Netrakona,2023,24.94015,90.93848,0.282,False,High,50.49
1758,Sylhet,2023,24.83325,92.09955,0.282,False,High,13.59
1759,Sylhet,2023,24.8355,92.22442,0.282,False,High,13.59
1760,Netrakona,2023,24.97159,90.85808,0.282,False,High,50.49
1761,Sunamganj,2023,24.90332,91.50756,0.282,False,High,31.03
1762,Sylhet,2023,24.88895,91.69486,0.282,False,High,13.59
1763,Gaibandha,2023,25.27073,89.3242,0.282,False,High,42.66
1764,Dinajpur,2023,25.36191,88.94287,0.282,False,High,39.31
1765,Gaibandha,2023,25.27612,89.31792,0.282,False,High,42.66
1766,Sherpur,2023,25.15081,89.92742,0.282,False,High,31.78
1767,Gaibandha,2023,25.27522,89.34082,0.282,False,High,42.66
1768,Sylhet,2023,24.91859,92.21184,0.282,False,High,13.59
1769,Dinajpur,2023,25.40997,88.95679,0.282,False,High,39.31
1770,Dinajpur,2023,25.43153,89.10367,0.282,False,High,39.31
1771,Gaibandha,2023,25.36056,89.41449,0.282,False,High,42.66
1772,Rangpur,2023,25.45713,89.3826,0.282,False,High,75.35
1773,Gaibandha,2023,25.43333,89.51195,0.282,False,High,42.66
1774,Jamalpur,2023,25.38212,89.77246,0.282,False,High,16.99
1775,Rangpur,2023,25.53933,89.21596,0.282,False,High,75.35
1776,Sylhet,2023,25.13733,91.9118,0.282,False,High,13.59
1777,Thakurgaon,2023,25.77963,88.29069,0.282,False,High,14.28
1778,Thakurgaon,2023,25.7967,88.34055,0.281,False,High,14.28
1779,Rangpur,2023,25.60131,89.14005,0.281,False,High,75.35
1780,Thakurgaon,2023,25.87081,88.15415,0.281,False,High,14.28
1781,Rangpur,2023,25.63769,89.10097,0.281,False,High,75.35
1782,Rangpur,2023,25.6359,89.1414,0.281,False,High,75.35
1783,Kurigram,2023,25.57481,89.61975,0.281,False,High,35.15
1784,Thakurgaon,2023,25.90315,88.40972,0.281,False,High,14.28
1785,Rangpur,2023,25.73741,89.13915,0.281,False,High,75.35
1786,Kurigram,2023,25.61119,89.87128,0.281,False,High,35.15
1787,Thakurgaon,2023,25.99298,88.38816,0.281,False,High,14.28
1788,Dinajpur,2023,25.9,88.74749,0.281,False,High,39.31
1789,Thakurgaon,2023,25.96513,88.52066,0.281,False,High,14.28
1790,Rangpur,2023,25.78861,89.273,0.281,False,High,75.35
1791,Kurigram,2023,25.71989,89.5937,0.281,False,High,35.15
1792,Rangpur,2023,25.7693,89.4082,0.281,False,High,75.35
1793,Dinajpur,2023,25.9292,88.7412,0.281,False,High,39.31
1794,Rangpur,2023,25.79265,89.32376,0.281,False,High,75.35
1795,Kurigram,2023,25.76615,89.50881,0.281,False,High,35.15
1796,Nilphamari,2023,25.95121,88.79285,0.281,False,High,14.39
1797,Kurigram,2023,25.80343,89.49219,0.281,False,High,35.15
1798,Lalmonirhat,2023,25.89596,89.33364,0.281,False,High,33.32
1799,Nilphamari,2023,25.96738,89.0327,0.281,False,High,14.39
1800,Lalmonirhat,2023,25.89012,89.39472,0.281,False,High,33.32
1801,Lalmonirhat,2023,25.93144,89.45716,0.281,False,High,33.32
1802,Kurigram,2023,25.90315,89.59999,0.281,False,High,35.15
1803,Kurigram,2023,25.91258,89.64131,0.28,False,High,35.15
1804,Kurigram,2023,25.93144,89.6184,0.28,False,High,35.15
1805,Lalmonirhat,2023,26.01319,89.41224,0.28,False,High,33.32
1806,Kurigram,2023,25.95794,89.68443,0.28,False,High,35.15
1807,Lalmonirhat,2023,26.13716,89.15083,0.28,False,High,33.32
1808,Nilphamari,2023,26.22609,88.86292,0.28,False,High,14.39
1809,Panchagarh,2023,26.33748,88.44925,0.28,False,High,16.31
1810,Panchagarh,2023,26.35365,88.43981,0.28,False,High,16.31
1811,Kurigram,2023,26.08416,89.65973,0.28,False,High,35.15
1812,Lalmonirhat,2023,26.22295,89.14319,0.28,False,High,33.32
1813,Lalmonirhat,2023,26.25484,89.0592,0.28,False,High,33.32
1814,Kurigram,2023,26.14389,89.64895,0.28,False,High,35.15
1815,Kurigram,2023,26.1385,89.72081,0.28,False,High,35.15
1816,Lalmonirhat,2023,26.36892,89.04258,0.28,False,High,33.32
1817,Panchagarh,2023,26.5688,88.4196,0.28,False,High,16.31
1818,Rangpur,2022,25.59922,89.32552,2.701,False,High,75.35
1819,Dhaka,2022,23.76671,90.2857,2.337,False,Low,-5.31
1820,Chuadanga,2022,23.7354,88.86174,2.286,False,Low,-14.74
1821,Sylhet,2022,24.74656,91.98153,2.259,False,High,13.59
1822,Kurigram,2022,25.79795,89.47952,2.078,False,High,35.15
1823,Chittagong,2022,22.3301,91.89324,1.725,False,Low,-1.19
1824,Narayanganj,2022,23.60084,90.53004,1.712,False,High,31.57
1825,Kurigram,2022,26.14127,89.70838,1.679,False,High,35.15
1826,Sylhet,2022,24.95779,92.27979,1.635,False,High,13.59
1827,Rangpur,2022,25.84201,89.25788,1.629,False,High,75.35
1828,Munshiganj,2022,23.54019,90.47118,1.598,False,High,11.83
1829,Kishoreganj,2022,24.34314,90.64659,1.588,False,High,12.02
1830,Jamalpur,2022,25.10992,89.8519,1.58,False,High,16.99
1831,Barisal,2022,22.98277,90.1014,1.548,False,High,9.66
1832,Chandpur,2022,23.4054,90.73255,1.542,False,High,15.78
1833,Kurigram,2022,26.15249,89.72111,1.511,False,High,35.15
1834,Dhaka,2022,24.01084,90.23283,1.479,False,Low,-5.31
1835,Gopalganj,2022,23.23362,89.92329,1.432,False,Low,-0.76
1836,Barisal,2022,22.89038,90.09569,1.377,False,High,9.66
1837,Noakhali,2022,23.01446,91.18565,1.374,False,High,17.85
1838,Feni,2022,23.05685,91.50661,1.373,False,Low,-4.77
1839,Noakhali,2022,22.54923,91.07301,1.322,False,High,17.85
1840,Barisal,2022,22.83825,90.31882,1.32,False,High,9.66
1841,Feni,2022,22.97817,91.47198,1.317,False,Low,-4.77
1842,Feni,2022,23.03354,91.40285,1.317,False,Low,-4.77
1843,Comilla,2022,23.17619,91.19467,1.315,False,High,10.87
1844,Jamalpur,2022,25.02204,89.87474,1.299,False,High,16.99
1845,Maulvibazar,2022,24.59037,92.17849,1.131,False,Medium,1.33
1846,Dinajpur,2022,25.3527,89.16857,1.128,False,High,39.31
1847,Kurigram,2022,26.15299,89.63311,1.12,False,High,35.15
1848,Barisal,2022,22.91478,90.11042,1.09,False,High,9.66
1849,Dhaka,2022,23.90246,90.20616,1.082,False,Low,-5.31
1850,Rajshahi,2022,24.31544,88.75054,1.081,False,Low,-20.24
1851,Maulvibazar,2022,24.59203,92.12903,1.074,False,Medium,1.33
1852,Chittagong,2022,22.90854,91.55305,1.031,False,Low,-1.19
1853,Feni,2022,23.00111,91.34881,1.031,False,Low,-4.77
1854,Dhaka,2022,23.93187,90.32261,1.025,False,Low,-5.31
1855,Bogra,2022,24.98552,89.39397,1.018,False,High,39.64
1856,Jamalpur,2022,25.09544,89.83664,1.016,False,High,16.99
1857,Sherpur,2022,25.10404,89.92835,1.016,False,High,31.78
1858,Sylhet,2022,24.89282,92.18624,1.015,False,High,13.59
1859,Feni,2022,23.02085,91.27313,0.973,False,Low,-4.77
1860,Feni,2022,22.99086,91.54526,0.973,False,Low,-4.77
1861,Narayanganj,2022,23.69723,90.56874,0.969,False,High,31.57
1862,Tangail,2022,24.62989,90.12579,0.963,False,High,8.96
1863,Sunamganj,2022,24.71127,91.6166,0.961,False,High,31.03
1864,Satkhira,2022,22.41858,89.22601,0.923,False,High,10.7
1865,Noakhali,2022,22.51726,91.1244,0.919,False,High,17.85
1866,Chandpur,2022,23.23338,90.84817,0.915,False,High,15.78
1867,Dhaka,2022,23.71651,90.32125,0.912,False,Low,-5.31
1868,Gazipur,2022,24.24244,90.33795,0.909,False,Medium,1.1
1869,Bogra,2022,24.89484,89.40651,0.905,False,High,39.64
1870,Joypurhat,2022,25.16883,88.97869,0.904,False,High,30.07
1871,Lalmonirhat,2022,25.83906,89.49564,0.898,False,High,33.32
1872,Kurigram,2022,26.07164,89.71447,0.896,False,High,35.15
1873,Pirojpur,2022,22.32126,89.99165,0.864,False,High,9.18
1874,Barguna,2022,22.4096,90.16024,0.864,False,High,63.87
1875,Patuakhali,2022,22.42592,90.26489,0.863,False,High,12.98
1876,Bhola,2022,22.33594,90.76091,0.863,False,Low,-6.7
1877,Noakhali,2022,22.50946,91.11574,0.862,False,High,17.85
1878,Noakhali,2022,22.57923,91.03385,0.862,False,High,17.85
1879,Jessore,2022,22.96416,89.37586,0.861,False,High,7.75
1880,Feni,2022,23.06207,91.26816,0.859,False,Low,-4.77
1881,Comilla,2022,23.07675,91.24944,0.858,False,High,10.87
1882,Comilla,2022,23.10175,91.24001,0.858,False,High,10.87
1883,Feni,2022,23.08378,91.49588,0.858,False,Low,-4.77
1884,Comilla,2022,23.1269,91.19555,0.858,False,High,10.87
1885,Meherpur,2022,23.81007,88.80947,0.857,False,Low,-27.64
1886,Pabna,2022,24.16521,89.02207,0.854,False,High,13.38
1887,Dhaka,2022,23.85783,90.45713,0.854,False,Low,-5.31
1888,Gazipur,2022,24.15158,90.48198,0.852,False,Medium,1.1
1889,Tangail,2022,24.39143,90.07609,0.851,False,High,8.96
1890,Panchagarh,2022,26.34392,88.43892,0.84,False,High,16.31
1891,Noakhali,2022,22.11909,91.05693,0.807,False,High,17.85
1892,Gopalganj,2022,23.08478,90.02707,0.802,False,Low,-0.76
1893,Feni,2022,22.9157,91.5133,0.802,False,Low,-4.77
1894,Chuadanga,2022,23.59553,88.72259,0.801,False,Low,-14.74
1895,Chuadanga,2022,23.74793,88.88076,0.8,False,Low,-14.74
1896,Munshiganj,2022,23.53618,90.50783,0.799,False,High,11.83
1897,Narayanganj,2022,23.74344,90.5651,0.798,False,High,31.57
1898,Pabna,2022,24.08528,89.08176,0.798,False,High,13.38
1899,Mymensingh,2022,24.31932,90.28405,0.795,False,Low,-5.83
1900,Mymensingh,2022,24.85077,90.23272,0.791,False,Low,-5.83
1901,Sherpur,2022,24.92103,90.13455,0.791,False,High,31.78
1902,Sylhet,2022,24.77923,92.0555,0.791,False,High,13.59
1903,Nilphamari,2022,25.84485,89.07454,0.787,False,High,14.39
1904,Kurigram,2022,25.80234,89.49739,0.786,False,High,35.15
1905,Nilphamari,2022,25.98874,89.09635,0.786,False,High,14.39
1906,Pirojpur,2022,22.31441,90.02095,0.749,False,High,9.18
1907,Barisal,2022,22.70241,90.43141,0.747,False,High,9.66
1908,Barisal,2022,22.73455,90.37112,0.747,False,High,9.66
1909,Gopalganj,2022,22.88519,89.98139,0.746,False,Low,-0.76
1910,Barisal,2022,22.89296,90.04462,0.746,False,High,9.66
1911,Gopalganj,2022,22.9415,89.96636,0.746,False,Low,-0.76
1912,Gopalganj,2022,23.02823,90.01076,0.745,False,Low,-0.76
1913,Feni,2022,22.9422,91.49453,0.745,False,Low,-4.77
1914,Feni,2022,22.94651,91.50784,0.745,False,Low,-4.77
1915,Feni,2022,23.05103,91.40125,0.744,False,Low,-4.77
1916,Comilla,2022,23.06226,91.31401,0.744,False,High,10.87
1917,Shariatpur,2022,23.25781,90.52176,0.744,False,High,11.14
1918,Meherpur,2022,23.75223,88.74914,0.743,False,Low,-27.64
1919,Munshiganj,2022,23.56462,90.41587,0.742,False,High,11.83
1920,Pabna,2022,23.96697,89.28105,0.741,False,High,13.38
1921,Narayanganj,2022,23.87869,90.50069,0.74,False,High,31.57
1922,Tangail,2022,24.43253,89.96412,0.738,False,High,8.96
1923,Mymensingh,2022,24.70186,90.1887,0.736,False,Low,-5.83
1924,Sylhet,2022,24.72811,91.98584,0.734,False,High,13.59
1925,Jamalpur,2022,25.1885,89.84924,0.733,False,High,16.99
1926,Jamalpur,2022,25.29699,89.93682,0.733,False,High,16.99
1927,Lalmonirhat,2022,25.83097,89.44638,0.73,False,High,33.32
1928,Pirojpur,2022,22.29375,89.95748,0.692,False,High,9.18
1929,Jhalokati,2022,22.43468,90.15773,0.691,False,High,15.14
1930,Barguna,2022,22.45564,90.215,0.691,False,High,63.87
1931,Noakhali,2022,22.52488,91.13839,0.69,False,High,17.85
1932,Chittagong,2022,22.56718,91.67307,0.689,False,Low,-1.19
1933,Chuadanga,2022,23.46605,88.86528,0.687,False,Low,-14.74
1934,Feni,2022,23.05021,91.27201,0.687,False,Low,-4.77
1935,Chuadanga,2022,23.60642,88.71575,0.687,False,Low,-14.74
1936,Chuadanga,2022,23.54784,88.92442,0.687,False,Low,-14.74
1937,Feni,2022,23.07828,91.42548,0.687,False,Low,-4.77
1938,Feni,2022,23.11534,91.43221,0.686,False,Low,-4.77
1939,Meherpur,2022,23.87254,88.72791,0.685,False,Low,-27.64
1940,Comilla,2022,23.46306,91.01244,0.685,False,High,10.87
1941,Sirajganj,2022,24.19182,89.57476,0.683,False,High,48.62
1942,Rajshahi,2022,24.63068,88.67289,0.681,False,Low,-20.24
1943,Tangail,2022,24.41153,90.08474,0.681,False,High,8.96
1944,Sylhet,2022,24.71696,91.97888,0.678,False,High,13.59
1945,Jamalpur,2022,25.09257,89.85024,0.677,False,High,16.99
1946,Sunamganj,2022,24.86275,91.63003,0.677,False,High,31.03
1947,Dinajpur,2022,25.24809,89.27925,0.677,False,High,39.31
1948,Sylhet,2022,24.94584,92.25361,0.677,False,High,13.59
1949,Thakurgaon,2022,25.80186,88.34164,0.676,False,High,14.28
1950,Rangpur,2022,25.65757,89.1941,0.675,False,High,75.35
1951,Thakurgaon,2022,26.00641,88.41032,0.674,False,High,14.28
1952,Kurigram,2022,25.81571,89.48717,0.674,False,High,35.15
1953,Kurigram,2022,26.14247,89.66291,0.672,False,High,35.15
1954,Cox's Bazar,2022,21.52251,91.9588,0.636,False,Medium,1.81
1955,Bhola,2022,22.06028,90.6787,0.634,False,Low,-6.7
1956,Chittagong,2022,22.47554,91.81058,0.632,False,Low,-1.19
1957,Barisal,2022,22.80057,90.31162,0.631,False,High,9.66
1958,Noakhali,2022,22.95104,91.05171,0.63,False,High,17.85
1959,Feni,2022,23.00636,91.3357,0.63,False,Low,-4.77
1960,Feni,2022,22.99657,91.43329,0.63,False,Low,-4.77
1961,Feni,2022,23.02066,91.30997,0.63,False,Low,-4.77
1962,Feni,2022,23.02249,91.44839,0.63,False,Low,-4.77
1963,Comilla,2022,23.11968,91.21014,0.629,False,High,10.87
1964,Comilla,2022,23.12233,91.29384,0.629,False,High,10.87
1965,Feni,2022,23.12151,91.50229,0.629,False,Low,-4.77
1966,Magura,2022,23.59599,89.3839,0.629,False,High,12.28
1967,Meherpur,2022,23.81934,88.64973,0.629,False,Low,-27.64
1968,Chuadanga,2022,23.76054,88.89759,0.629,False,Low,-14.74
1969,Munshiganj,2022,23.57047,90.37572,0.628,False,High,11.83
1970,Dhaka,2022,23.68521,90.31611,0.627,False,Low,-5.31
1971,Rajshahi,2022,24.27442,88.75161,0.626,False,Low,-20.24
1972,Tangail,2022,24.37303,89.98414,0.624,False,High,8.96
1973,Kishoreganj,2022,24.2736,90.74505,0.624,False,High,12.02
1974,Bogra,2022,25.07678,89.31183,0.622,False,High,39.64
1975,Sylhet,2022,24.70581,91.68053,0.622,False,High,13.59
1976,Sylhet,2022,24.90549,92.17235,0.62,False,High,13.59
1977,Dinajpur,2022,25.80237,88.40658,0.619,False,High,39.31
1978,Kurigram,2022,25.77154,89.52702,0.618,False,High,35.15
1979,Kurigram,2022,25.80421,89.45781,0.618,False,High,35.15
1980,Lalmonirhat,2022,25.87893,89.42759,0.617,False,High,33.32
1981,Kurigram,2022,25.93936,89.60317,0.617,False,High,35.15
1982,Nilphamari,2022,26.11351,88.99987,0.617,False,High,14.39
1983,Satkhira,2022,22.43767,89.12613,0.577,False,High,10.7
1984,Patuakhali,2022,22.41634,90.33526,0.576,False,High,12.98
1985,Patuakhali,2022,22.42509,90.5284,0.575,False,High,12.98
1986,Patuakhali,2022,22.43969,90.50818,0.575,False,High,12.98
1987,Jhalokati,2022,22.61172,90.15941,0.575,False,High,15.14
1988,Patuakhali,2022,22.53896,90.53424,0.575,False,High,12.98
1989,Noakhali,2022,22.73164,91.16665,0.574,False,High,17.85
1990,Gopalganj,2022,23.0775,89.97481,0.573,False,Low,-0.76
1991,Madaripur,2022,23.01349,90.30067,0.573,False,High,3.68
1992,Chittagong,2022,22.8372,91.54821,0.573,False,Low,-1.19
1993,Gopalganj,2022,23.14419,89.79425,0.573,False,Low,-0.76
1994,Gopalganj,2022,23.09861,90.06195,0.573,False,Low,-0.76
1995,Feni,2022,23.04066,91.31352,0.572,False,Low,-4.77
1996,Feni,2022,23.04538,91.41593,0.572,False,Low,-4.77
1997,Chandpur,2022,23.27243,90.69211,0.572,False,High,15.78
1998,Comilla,2022,23.24256,91.19921,0.572,False,High,10.87
1999,Comilla,2022,23.27265,91.08221,0.572,False,High,10.87
2000,Chandpur,2022,23.41459,90.74197,0.571,False,High,15.78
2001,Chandpur,2022,23.45232,90.671,0.571,False,High,15.78
2002,Munshiganj,2022,23.50397,90.46664,0.571,False,High,11.83
2003,Comilla,2022,23.43929,91.03235,0.571,False,High,10.87
2004,Munshiganj,2022,23.57045,90.3932,0.571,False,High,11.83
2005,Comilla,2022,23.64523,90.67415,0.57,False,High,10.87
2006,Narayanganj,2022,23.729,90.56298,0.57,False,High,31.57
2007,Manikganj,2022,23.94684,90.00827,0.569,False,High,10.22
2008,Dhaka,2022,23.86487,90.45047,0.569,False,Low,-5.31
2009,Dhaka,2022,24.01781,90.0332,0.569,False,Low,-5.31
2010,Kishoreganj,2022,24.04768,90.96767,0.568,False,High,12.02
2011,Kishoreganj,2022,24.34951,90.77723,0.567,False,High,12.02
2012,Bogra,2022,24.96283,89.40977,0.566,False,High,39.64
2013,Jamalpur,2022,25.07692,89.82502,0.565,False,High,16.99
2014,Sylhet,2022,24.86582,91.84196,0.564,False,High,13.59
2015,Dinajpur,2022,25.62894,88.51819,0.564,False,High,39.31
2016,Gaibandha,2022,25.42457,89.39899,0.563,False,High,42.66
2017,Dinajpur,2022,25.9831,88.69898,0.562,False,High,39.31
2018,Lalmonirhat,2022,25.81691,89.50275,0.562,False,High,33.32
2019,Lalmonirhat,2022,25.82477,89.49511,0.561,False,High,33.32
2020,Lalmonirhat,2022,25.86856,89.43672,0.561,False,High,33.32
2021,Thakurgaon,2022,26.14659,88.36031,0.561,False,High,14.28
2022,Lalmonirhat,2022,26.23552,89.05224,0.56,False,High,33.32
2023,Lalmonirhat,2022,26.40912,89.02484,0.559,False,High,33.32
2024,Barguna,2022,22.12987,90.00932,0.519,False,High,63.87
2025,Barguna,2022,22.24516,90.09566,0.519,False,High,63.87
2026,Pirojpur,2022,22.33998,89.96341,0.519,False,High,9.18
2027,Patuakhali,2022,22.34821,90.18624,0.518,False,High,12.98
2028,Patuakhali,2022,22.31003,90.46596,0.518,False,High,12.98
2029,Barguna,2022,22.46849,90.19372,0.518,False,High,63.87
2030,Patuakhali,2022,22.41334,90.57875,0.518,False,High,12.98
2031,Patuakhali,2022,22.46275,90.55879,0.518,False,High,12.98
2032,Satkhira,2022,22.77791,89.23677,0.518,False,High,10.7
2033,Patuakhali,2022,22.50442,90.53359,0.518,False,High,12.98
2034,Bagerhat,2022,22.75445,89.84438,0.517,False,High,11.87
2035,Noakhali,2022,22.63168,91.12697,0.517,False,High,17.85
2036,Gopalganj,2022,22.87547,89.98611,0.517,False,Low,-0.76
2037,Barisal,2022,22.82731,90.30751,0.517,False,High,9.66
2038,Gopalganj,2022,22.94509,89.92074,0.516,False,Low,-0.76
2039,Barisal,2022,22.99375,90.40682,0.516,False,High,9.66
2040,Noakhali,2022,22.94709,91.0057,0.516,False,High,17.85
2041,Feni,2022,22.92239,91.31861,0.516,False,Low,-4.77
2042,Feni,2022,22.95607,91.38823,0.515,False,Low,-4.77
2043,Feni,2022,22.96481,91.47507,0.515,False,Low,-4.77
2044,Feni,2022,22.99051,91.32011,0.515,False,Low,-4.77
2045,Jhenaidah,2022,23.49406,88.95006,0.515,False,High,15.44
2046,Gopalganj,2022,23.25152,89.95891,0.515,False,Low,-0.76
2047,Feni,2022,23.01821,91.41019,0.515,False,Low,-4.77
2048,Chuadanga,2022,23.58315,88.7155,0.515,False,Low,-14.74
2049,Feni,2022,23.03468,91.38624,0.515,False,Low,-4.77
2050,Noakhali,2022,23.07435,91.06883,0.515,False,High,17.85
2051,Comilla,2022,23.06886,91.24201,0.515,False,High,10.87
2052,Comilla,2022,23.07685,91.27794,0.515,False,High,10.87
2053,Chandpur,2022,23.25077,90.8208,0.515,False,High,15.78
2054,Chuadanga,2022,23.73411,88.80208,0.515,False,Low,-14.74
2055,Comilla,2022,23.26949,91.06684,0.514,False,High,10.87
2056,Comilla,2022,23.32139,91.02966,0.514,False,High,10.87
2057,Magura,2022,23.67448,89.37925,0.514,False,High,12.28
2058,Munshiganj,2022,23.43343,90.53508,0.514,False,High,11.83
2059,Comilla,2022,23.41571,90.94032,0.514,False,High,10.87
2060,Chandpur,2022,23.47909,90.67682,0.514,False,High,15.78
2061,Munshiganj,2022,23.52226,90.4989,0.514,False,High,11.83
2062,Meherpur,2022,23.90529,88.84201,0.514,False,Low,-27.64
2063,Munshiganj,2022,23.53149,90.48268,0.514,False,High,11.83
2064,Comilla,2022,23.47161,90.88218,0.514,False,High,10.87
2065,Munshiganj,2022,23.56219,90.42754,0.514,False,High,11.83
2066,Kushtia,2022,23.89132,88.99173,0.514,False,High,18.8
2067,Munshiganj,2022,23.60086,90.32972,0.514,False,High,11.83
2068,Comilla,2022,23.55395,90.70427,0.514,False,High,10.87
2069,Comilla,2022,23.54647,91.05935,0.513,False,High,10.87
2070,Narayanganj,2022,23.63804,90.57326,0.513,False,High,31.57
2071,Narayanganj,2022,23.6625,90.57676,0.513,False,High,31.57
2072,Manikganj,2022,23.77878,90.20171,0.513,False,High,10.22
2073,Narayanganj,2022,23.71789,90.58175,0.513,False,High,31.57
2074,Gazipur,2022,24.08246,90.18998,0.512,False,Medium,1.1
2075,Gazipur,2022,24.23967,90.43028,0.511,False,Medium,1.1
2076,Tangail,2022,24.33823,90.2324,0.511,False,High,8.96
2077,Kishoreganj,2022,24.35844,90.64363,0.51,False,High,12.02
2078,Tangail,2022,24.47348,90.10589,0.51,False,High,8.96
2079,Sirajganj,2022,24.63393,89.55467,0.51,False,High,48.62
2080,Habiganj,2022,24.33349,91.49653,0.51,False,Low,-1.01
2081,Bogra,2022,24.66786,89.53197,0.51,False,High,39.64
2082,Maulvibazar,2022,24.39962,91.7009,0.51,False,Medium,1.33
2083,Maulvibazar,2022,24.39338,92.1276,0.51,False,Medium,1.33
2084,Sherpur,2022,24.93411,89.99485,0.509,False,High,31.78
2085,Bogra,2022,25.06686,89.44488,0.509,False,High,39.64
2086,Sylhet,2022,24.7275,91.97339,0.508,False,High,13.59
2087,Sylhet,2022,24.73748,91.95592,0.508,False,High,13.59
2088,Jamalpur,2022,25.06587,89.85336,0.508,False,High,16.99
2089,Jamalpur,2022,25.13499,89.89878,0.508,False,High,16.99
2090,Rangpur,2022,25.33262,89.33508,0.508,False,High,75.35
2091,Rangpur,2022,25.61858,89.14918,0.507,False,High,75.35
2092,Rangpur,2022,25.59138,89.34781,0.506,False,High,75.35
2093,Rangpur,2022,25.69419,89.4067,0.506,False,High,75.35
2094,Lalmonirhat,2022,25.9562,89.29616,0.505,False,High,33.32
2095,Nilphamari,2022,26.01883,89.07906,0.505,False,High,14.39
2096,Kurigram,2022,25.99662,89.58611,0.505,False,High,35.15
2097,Panchagarh,2022,26.31477,88.66459,0.504,False,High,16.31
2098,Satkhira,2022,22.33436,89.10979,0.462,False,High,10.7
2099,Cox's Bazar,2022,21.79622,92.06132,0.462,False,Medium,1.81
2100,Cox's Bazar,2022,21.82092,92.0091,0.462,False,Medium,1.81
2101,Satkhira,2022,22.39135,89.03147,0.462,False,High,10.7
2102,Bagerhat,2022,22.25071,89.86072,0.461,False,High,11.87
2103,Pirojpur,2022,22.30938,89.93455,0.461,False,High,9.18
2104,Patuakhali,2022,22.34728,90.33543,0.461,False,High,12.98
2105,Bhola,2022,22.3178,90.74837,0.461,False,Low,-6.7
2106,Barguna,2022,22.43009,90.18215,0.461,False,High,63.87
2107,Chittagong,2022,22.18137,91.95745,0.461,False,Low,-1.19
2108,Jhalokati,2022,22.54378,90.13752,0.46,False,High,15.14
2109,Khulna,2022,22.72457,89.41802,0.46,False,High,22.68
2110,Jhalokati,2022,22.57045,90.07997,0.46,False,High,15.14
2111,Jhalokati,2022,22.59544,90.15969,0.46,False,High,15.14
2112,Barisal,2022,22.54856,90.41122,0.46,False,High,9.66
2113,Jessore,2022,22.94185,88.9669,0.46,False,High,7.75
2114,Rangamati,2022,22.37703,92.24687,0.46,False,Medium,1.49
2115,Jessore,2022,22.95954,88.97195,0.46,False,High,7.75
2116,Jessore,2022,22.9601,88.99666,0.46,False,High,7.75
2117,Bagerhat,2022,22.75264,89.83405,0.46,False,High,11.87
2118,Noakhali,2022,22.52133,91.28259,0.46,False,High,17.85
2119,Jessore,2022,22.9907,89.09716,0.46,False,High,7.75
2120,Jessore,2022,22.9907,89.1839,0.46,False,High,7.75
2121,Barisal,2022,22.81945,90.27086,0.459,False,High,9.66
2122,Noakhali,2022,22.71502,91.19079,0.459,False,High,17.85
2123,Barisal,2022,22.91462,90.16784,0.459,False,High,9.66
2124,Jessore,2022,23.30258,89.07891,0.459,False,High,7.75
2125,Noakhali,2022,22.93399,91.07457,0.458,False,High,17.85
2126,Jessore,2022,23.36967,89.01968,0.458,False,High,7.75
2127,Madaripur,2022,23.09653,90.3023,0.458,False,High,3.68
2128,Feni,2022,22.96824,91.34996,0.458,False,Low,-4.77
2129,Feni,2022,22.95617,91.48387,0.458,False,Low,-4.77
2130,Feni,2022,22.98059,91.32357,0.458,False,Low,-4.77
2131,Feni,2022,22.97947,91.33396,0.458,False,Low,-4.77
2132,Feni,2022,22.99013,91.46871,0.458,False,Low,-4.77
2133,Feni,2022,23.00922,91.3174,0.458,False,Low,-4.77
2134,Jhenaidah,2022,23.52407,88.95764,0.458,False,High,15.44
2135,Chandpur,2022,23.14987,90.74304,0.458,False,High,15.78
2136,Chuadanga,2022,23.61952,88.7019,0.458,False,Low,-14.74
2137,Feni,2022,23.07267,91.43755,0.458,False,Low,-4.77
2138,Chuadanga,2022,23.64759,88.66428,0.458,False,Low,-14.74
2139,Chuadanga,2022,23.63945,88.7033,0.458,False,Low,-14.74
2140,Jhenaidah,2022,23.47972,89.29591,0.458,False,High,15.44
2141,Meherpur,2022,23.68549,88.68337,0.458,False,Low,-27.64
2142,Feni,2022,23.12264,91.47601,0.458,False,Low,-4.77
2143,Comilla,2022,23.17232,91.08524,0.458,False,High,10.87
2144,Comilla,2022,23.16278,91.18434,0.458,False,High,10.87
2145,Feni,2022,23.13443,91.43474,0.458,False,Low,-4.77
2146,Chuadanga,2022,23.71608,88.78555,0.457,False,Low,-14.74
2147,Comilla,2022,23.20685,91.24974,0.457,False,High,10.87
2148,Faridpur,2022,23.50891,89.61537,0.457,False,High,8.19
2149,Meherpur,2022,23.82585,88.6567,0.457,False,Low,-27.64
2150,Comilla,2022,23.30679,91.21044,0.457,False,High,10.87
2151,Faridpur,2022,23.56562,89.83714,0.457,False,High,8.19
2152,Comilla,2022,23.35648,91.07934,0.457,False,High,10.87
2153,Faridpur,2022,23.5819,89.83714,0.457,False,High,8.19
2154,Chandpur,2022,23.44519,90.60043,0.457,False,High,15.78
2155,Munshiganj,2022,23.51031,90.70486,0.457,False,High,11.83
2156,Munshiganj,2022,23.54597,90.49797,0.457,False,High,11.83
2157,Munshiganj,2022,23.55018,90.47916,0.457,False,High,11.83
2158,Munshiganj,2022,23.62036,90.34385,0.456,False,High,11.83
2159,Comilla,2022,23.57011,90.87189,0.456,False,High,10.87
2160,Comilla,2022,23.58555,90.82782,0.456,False,High,10.87
2161,Narayanganj,2022,23.72619,90.57517,0.456,False,High,31.57
2162,Manikganj,2022,23.93336,90.00109,0.456,False,High,10.22
2163,Dhaka,2022,23.91006,90.1931,0.456,False,Low,-5.31
2164,Rajshahi,2022,24.38393,88.40686,0.455,False,Low,-20.24
2165,Pabna,2022,24.12791,89.40736,0.455,False,High,13.38
2166,Natore,2022,24.28904,88.94472,0.455,False,High,9.57
2167,Rajshahi,2022,24.42379,88.6393,0.455,False,Low,-20.24
2168,Gazipur,2022,24.05632,90.2543,0.455,False,Medium,1.1
2169,Sirajganj,2022,24.17423,89.68246,0.455,False,High,48.62
2170,Gazipur,2022,24.03386,90.49881,0.455,False,Medium,1.1
2171,Nawabganj,2022,24.64556,88.1688,0.455,False,High,38.19
2172,Gazipur,2022,24.21549,90.29528,0.454,False,Medium,1.1
2173,Rajshahi,2022,24.58801,88.85265,0.454,False,Low,-20.24
2174,Tangail,2022,24.31824,90.03337,0.454,False,High,8.96
2175,Tangail,2022,24.27922,90.25598,0.454,False,High,8.96
2176,Nawabganj,2022,24.7789,88.28923,0.454,False,High,38.19
2177,Kishoreganj,2022,24.31599,90.65377,0.454,False,High,12.02
2178,Kishoreganj,2022,24.27809,91.1077,0.454,False,High,12.02
2179,Tangail,2022,24.48583,89.92473,0.454,False,High,8.96
2180,Tangail,2022,24.50043,90.00726,0.454,False,High,8.96
2181,Habiganj,2022,24.30252,91.30645,0.454,False,Low,-1.01
2182,Tangail,2022,24.51671,90.1246,0.454,False,High,8.96
2183,Bogra,2022,24.67616,89.52049,0.453,False,High,39.64
2184,Habiganj,2022,24.39628,91.42688,0.453,False,Low,-1.01
2185,Bogra,2022,24.85638,89.40679,0.453,False,High,39.64
2186,Mymensingh,2022,24.71041,90.17092,0.453,False,Low,-5.83
2187,Bogra,2022,24.88305,89.38658,0.453,False,High,39.64
2188,Mymensingh,2022,24.71855,90.23577,0.453,False,Low,-5.83
2189,Bogra,2022,24.88867,89.47417,0.453,False,High,39.64
2190,Mymensingh,2022,24.84291,90.24307,0.452,False,Low,-5.83
2191,Mymensingh,2022,24.82579,90.42414,0.452,False,Low,-5.83
2192,Sunamganj,2022,24.67672,91.62479,0.452,False,High,31.03
2193,Mymensingh,2022,24.90972,90.25318,0.452,False,Low,-5.83
2194,Sunamganj,2022,24.72809,91.64135,0.452,False,High,31.03
2195,Sylhet,2022,24.72669,92.04307,0.452,False,High,13.59
2196,Sylhet,2022,24.76852,91.72557,0.452,False,High,13.59
2197,Sylhet,2022,24.79294,92.12841,0.452,False,High,13.59
2198,Sylhet,2022,24.90074,92.34428,0.451,False,High,13.59
2199,Sylhet,2022,24.91281,92.15423,0.451,False,High,13.59
2200,Gaibandha,2022,25.2988,89.4169,0.451,False,High,42.66
2201,Jamalpur,2022,25.20981,89.87111,0.451,False,High,16.99
2202,Jamalpur,2022,25.23845,89.84837,0.451,False,High,16.99
2203,Jamalpur,2022,25.26905,89.83658,0.451,False,High,16.99
2204,Sylhet,2022,25.00938,92.25782,0.451,False,High,13.59
2205,Gaibandha,2022,25.40576,89.395,0.451,False,High,42.66
2206,Sunamganj,2022,25.1096,91.63827,0.451,False,High,31.03
2207,Dinajpur,2022,25.577,89.05561,0.45,False,High,39.31
2208,Thakurgaon,2022,25.79849,88.31731,0.45,False,High,14.28
2209,Rangpur,2022,25.85604,89.10024,0.449,False,High,75.35
2210,Rangpur,2022,25.83358,89.23499,0.449,False,High,75.35
2211,Thakurgaon,2022,26.16203,88.33696,0.449,False,High,14.28
2212,Kurigram,2022,25.96187,89.67881,0.449,False,High,35.15
2213,Panchagarh,2022,26.31727,88.42847,0.448,False,High,16.31
2214,Kurigram,2022,26.11655,89.75489,0.448,False,High,35.15
2215,Lalmonirhat,2022,26.32204,89.11456,0.448,False,High,33.32
2216,Cox's Bazar,2022,21.44936,92.19426,0.405,False,Medium,1.81
2217,Cox's Bazar,2022,21.49588,92.05694,0.405,False,Medium,1.81
2218,Patuakhali,2022,21.84815,90.24427,0.405,False,High,12.98
2219,Barguna,2022,22.14107,89.93275,0.404,False,High,63.87
2220,Barguna,2022,22.17251,89.94205,0.404,False,High,63.87
2221,Barguna,2022,22.19144,90.04664,0.404,False,High,63.87
2222,Satkhira,2022,22.51868,89.02224,0.404,False,High,10.7
2223,Patuakhali,2022,22.23667,90.19294,0.404,False,High,12.98
2224,Pirojpur,2022,22.2848,90.00269,0.404,False,High,9.18
2225,Pirojpur,2022,22.32779,89.98119,0.403,False,High,9.18
2226,Satkhira,2022,22.55686,89.20094,0.403,False,High,10.7
2227,Pirojpur,2022,22.41634,89.97702,0.403,False,High,9.18
2228,Jhalokati,2022,22.39997,90.106,0.403,False,High,15.14
2229,Patuakhali,2022,22.38971,90.2154,0.403,False,High,12.98
2230,Jhalokati,2022,22.43398,90.13038,0.403,False,High,15.14
2231,Satkhira,2022,22.70219,89.07903,0.403,False,High,10.7
2232,Noakhali,2022,22.28961,91.0842,0.403,False,High,17.85
2233,Patuakhali,2022,22.44136,90.3633,0.403,False,High,12.98
2234,Satkhira,2022,22.78561,89.01583,0.403,False,High,10.7
2235,Patuakhali,2022,22.46093,90.37838,0.403,False,High,12.98
2236,Bhola,2022,22.41569,90.7114,0.403,False,Low,-6.7
2237,Barisal,2022,22.4898,90.32705,0.403,False,High,9.66
2238,Patuakhali,2022,22.47055,90.52339,0.403,False,High,12.98
2239,Khulna,2022,22.70508,89.58401,0.403,False,High,22.68
2240,Bagerhat,2022,22.66145,89.86602,0.403,False,High,11.87
2241,Barisal,2022,22.56873,90.33924,0.403,False,High,9.66
2242,Chittagong,2022,22.46927,91.45186,0.402,False,Low,-1.19
2243,Jessore,2022,22.99639,89.0277,0.402,False,High,7.75
2244,Noakhali,2022,22.56905,91.20451,0.402,False,High,17.85
2245,Bagerhat,2022,22.84753,89.78324,0.402,False,High,11.87
2246,Khulna,2022,22.90848,89.62764,0.402,False,High,22.68
2247,Bhola,2022,22.70765,90.59173,0.402,False,Low,-6.7
2248,Bagerhat,2022,22.83437,89.952,0.402,False,High,11.87
2249,Noakhali,2022,22.63995,91.00848,0.402,False,High,17.85
2250,Barisal,2022,22.73427,90.46564,0.402,False,High,9.66
2251,Barisal,2022,22.75641,90.38383,0.402,False,High,9.66
2252,Noakhali,2022,22.64958,91.14387,0.402,False,High,17.85
2253,Barisal,2022,22.86678,90.05466,0.402,False,High,9.66
2254,Gopalganj,2022,22.91939,89.90901,0.402,False,Low,-0.76
2255,Noakhali,2022,22.69642,91.16857,0.402,False,High,17.85
2256,Jessore,2022,23.06922,89.31355,0.402,False,High,7.75
2257,Jessore,2022,23.17188,88.9507,0.402,False,High,7.75
2258,Barisal,2022,22.89693,90.31838,0.402,False,High,9.66
2259,Noakhali,2022,22.77438,91.11211,0.402,False,High,17.85
2260,Noakhali,2022,22.78849,91.06302,0.402,False,High,17.85
2261,Barisal,2022,22.96976,90.36972,0.401,False,High,9.66
2262,Gopalganj,2022,23.0936,89.80827,0.401,False,Low,-0.76
2263,Jessore,2022,23.28674,89.09603,0.401,False,High,7.75
2264,Chittagong,2022,22.84977,91.51699,0.401,False,Low,-1.19
2265,Chittagong,2022,22.85041,91.49999,0.401,False,Low,-1.19
2266,Barisal,2022,23.03906,90.33924,0.401,False,High,9.66
2267,Noakhali,2022,22.90463,91.26161,0.401,False,High,17.85
2268,Gopalganj,2022,23.17188,89.8211,0.401,False,Low,-0.76
2269,Gopalganj,2022,23.19145,89.83008,0.401,False,Low,-0.76
2270,Madaripur,2022,23.1151,90.31389,0.401,False,High,3.68
2271,Gopalganj,2022,23.1953,89.9228,0.401,False,Low,-0.76
2272,Chittagong,2022,22.94859,91.56832,0.401,False,Low,-1.19
2273,Narail,2022,23.30374,89.55546,0.401,False,Low,-8.78
2274,Noakhali,2022,23.03008,91.10248,0.401,False,High,17.85
2275,Gopalganj,2022,23.25016,90.00654,0.401,False,Low,-0.76
2276,Noakhali,2022,23.04612,91.22825,0.401,False,High,17.85
2277,Jhenaidah,2022,23.5126,89.02449,0.401,False,High,15.44
2278,Feni,2022,23.03617,91.52598,0.401,False,Low,-4.77
2279,Comilla,2022,23.07018,91.25135,0.401,False,High,10.87
2280,Gopalganj,2022,23.31625,89.87019,0.401,False,Low,-0.76
2281,Comilla,2022,23.10066,91.2244,0.401,False,High,10.87
2282,Comilla,2022,23.11478,91.17884,0.401,False,High,10.87
2283,Comilla,2022,23.09938,91.34118,0.401,False,High,10.87
2284,Chandpur,2022,23.21359,90.60071,0.4,False,High,15.78
2285,Comilla,2022,23.13499,91.21991,0.4,False,High,10.87
2286,Faridpur,2022,23.3509,90.05563,0.4,False,High,8.19
2287,Comilla,2022,23.1722,91.2414,0.4,False,High,10.87
2288,Chandpur,2022,23.25209,90.75022,0.4,False,High,15.78
2289,Comilla,2022,23.18375,91.28471,0.4,False,High,10.87
2290,Comilla,2022,23.19498,91.24654,0.4,False,High,10.87
2291,Comilla,2022,23.21134,91.18462,0.4,False,High,10.87
2292,Comilla,2022,23.21199,91.17146,0.4,False,High,10.87
2293,Jhenaidah,2022,23.58414,89.30329,0.4,False,High,15.44
2294,Chandpur,2022,23.30342,90.65942,0.4,False,High,15.78
2295,Faridpur,2022,23.52768,89.54808,0.4,False,High,8.19
2296,Faridpur,2022,23.44106,89.94687,0.4,False,High,8.19
2297,Chuadanga,2022,23.70317,88.88942,0.4,False,Low,-14.74
2298,Chandpur,2022,23.31658,90.65557,0.4,False,High,15.78
2299,Comilla,2022,23.25626,91.25135,0.4,False,High,10.87
2300,Chandpur,2022,23.36181,90.63183,0.4,False,High,15.78
2301,Faridpur,2022,23.48469,90.02001,0.4,False,High,8.19
2302,Faridpur,2022,23.58928,89.57599,0.4,False,High,8.19
2303,Chandpur,2022,23.41924,90.60809,0.4,False,High,15.78
2304,Chandpur,2022,23.43753,90.78358,0.4,False,High,15.78
2305,Faridpur,2022,23.61206,89.86217,0.4,False,High,8.19
2306,Chandpur,2022,23.47282,90.62092,0.4,False,High,15.78
2307,Comilla,2022,23.42373,91.02292,0.4,False,High,10.87
2308,Comilla,2022,23.39807,91.26899,0.4,False,High,10.87
2309,Meherpur,2022,23.89374,88.86985,0.4,False,Low,-27.64
2310,Munshiganj,2022,23.5264,90.50543,0.4,False,High,11.83
2311,Munshiganj,2022,23.54885,90.38479,0.4,False,High,11.83
2312,Munshiganj,2022,23.51677,90.66969,0.4,False,High,11.83
2313,Comilla,2022,23.46383,91.10601,0.4,False,High,10.87
2314,Munshiganj,2022,23.56778,90.59975,0.399,False,High,11.83
2315,Munshiganj,2022,23.63484,90.29689,0.399,False,High,11.83
2316,Dhaka,2022,23.68713,90.22246,0.399,False,Low,-5.31
2317,Dhaka,2022,23.68392,90.24138,0.399,False,Low,-5.31
2318,Dhaka,2022,23.70381,90.29336,0.399,False,Low,-5.31
2319,Pabna,2022,23.99256,89.15378,0.399,False,High,13.38
2320,Pabna,2022,23.95887,89.34371,0.399,False,High,13.38
2321,Manikganj,2022,23.92133,90.01071,0.399,False,High,10.22
2322,Narayanganj,2022,23.80584,90.64466,0.399,False,High,31.57
2323,Dhaka,2022,23.88957,90.21893,0.399,False,Low,-5.31
2324,Dhaka,2022,23.87738,90.43933,0.399,False,Low,-5.31
2325,Dhaka,2022,23.98422,90.06782,0.398,False,Low,-5.31
2326,Gazipur,2022,23.93834,90.448,0.398,False,Medium,1.1
2327,Natore,2022,24.24248,89.1695,0.398,False,High,9.57
2328,Rajshahi,2022,24.42343,88.6164,0.398,False,Low,-20.24
2329,Gazipur,2022,24.05287,90.22181,0.398,False,Medium,1.1
2330,Rajshahi,2022,24.44204,88.75018,0.398,False,Low,-20.24
2331,Sirajganj,2022,24.21553,89.68475,0.398,False,High,48.62
2332,Tangail,2022,24.12763,90.12942,0.398,False,High,8.96
2333,Brahamanbaria,2022,24.00122,91.02292,0.398,False,High,11.9
2334,Narsingdi,2022,24.03266,90.96934,0.398,False,Low,-4.09
2335,Gazipur,2022,24.1196,90.50478,0.398,False,Medium,1.1
2336,Gazipur,2022,24.20751,90.53077,0.398,False,Medium,1.1
2337,Tangail,2022,24.30986,90.03734,0.398,False,High,8.96
2338,Tangail,2022,24.34964,90.05178,0.397,False,High,8.96
2339,Kishoreganj,2022,24.23671,90.81342,0.397,False,High,12.02
2340,Mymensingh,2022,24.35509,90.2539,0.397,False,Low,-5.83
2341,Nawabganj,2022,24.86745,88.2375,0.397,False,High,38.19
2342,Sirajganj,2022,24.56427,89.62315,0.397,False,High,48.62
2343,Tangail,2022,24.48727,90.12396,0.397,False,High,8.96
2344,Habiganj,2022,24.32141,91.33508,0.397,False,Low,-1.01
2345,Tangail,2022,24.49561,90.15155,0.397,False,High,8.96
2346,Maulvibazar,2022,24.30344,91.72104,0.397,False,Medium,1.33
2347,Maulvibazar,2022,24.32814,91.67709,0.397,False,Medium,1.33
2348,Bogra,2022,24.71378,89.36906,0.397,False,High,39.64
2349,Tangail,2022,24.65988,89.86281,0.397,False,High,8.96
2350,Maulvibazar,2022,24.41412,91.90776,0.396,False,Medium,1.33
2351,Maulvibazar,2022,24.40225,92.13362,0.396,False,Medium,1.33
2352,Mymensingh,2022,24.64095,90.17882,0.396,False,Low,-5.83
2353,Mymensingh,2022,24.79976,90.37742,0.396,False,Low,-5.83
2354,Joypurhat,2022,25.1039,88.97316,0.396,False,High,30.07
2355,Jamalpur,2022,24.89825,89.92056,0.396,False,High,16.99
2356,Netrakona,2022,24.76703,90.77235,0.396,False,High,50.49
2357,Jamalpur,2022,24.91526,89.88783,0.396,False,High,16.99
2358,Bogra,2022,25.0484,89.34371,0.396,False,High,39.64
2359,Sunamganj,2022,24.70543,91.4801,0.396,False,High,31.03
2360,Bogra,2022,25.08754,89.29751,0.396,False,High,39.64
2361,Sherpur,2022,24.91975,90.10567,0.396,False,High,31.78
2362,Sherpur,2022,24.93996,90.00429,0.396,False,High,31.78
2363,Jamalpur,2022,24.98038,89.83746,0.396,False,High,16.99
2364,Sylhet,2022,24.73399,92.0085,0.395,False,High,13.59
2365,Sherpur,2022,24.96049,90.16471,0.395,False,High,31.78
2366,Sylhet,2022,24.74618,91.95364,0.395,False,High,13.59
2367,Netrakona,2022,24.95215,90.60264,0.395,False,High,50.49
2368,Sunamganj,2022,24.83858,91.58148,0.395,False,High,31.03
2369,Gaibandha,2022,25.22036,89.39569,0.395,False,High,42.66
2370,Sherpur,2022,25.11321,89.93018,0.395,False,High,31.78
2371,Sherpur,2022,25.11962,89.91061,0.395,False,High,31.78
2372,Gaibandha,2022,25.27683,89.28372,0.395,False,High,42.66
2373,Sherpur,2022,25.16005,89.93885,0.395,False,High,31.78
2374,Sylhet,2022,24.88574,92.17725,0.395,False,High,13.59
2375,Sunamganj,2022,24.94894,91.55549,0.395,False,High,31.03
2376,Sylhet,2022,24.92328,91.86701,0.395,False,High,13.59
2377,Jamalpur,2022,25.21523,89.84966,0.395,False,High,16.99
2378,Gaibandha,2022,25.32046,89.41622,0.395,False,High,42.66
2379,Rangpur,2022,25.34869,89.30906,0.395,False,High,75.35
2380,Dinajpur,2022,25.65059,88.52368,0.394,False,High,39.31
2381,Thakurgaon,2022,25.74844,88.37225,0.394,False,High,14.28
2382,Rangpur,2022,25.58129,89.16501,0.394,False,High,75.35
2383,Rangpur,2022,25.6076,89.14127,0.394,False,High,75.35
2384,Rangpur,2022,25.64032,89.16565,0.394,False,High,75.35
2385,Rangpur,2022,25.61145,89.44445,0.394,False,High,75.35
2386,Thakurgaon,2022,25.8864,88.37193,0.394,False,High,14.28
2387,Rangpur,2022,25.72374,89.2834,0.394,False,High,75.35
2388,Rangpur,2022,25.71155,89.44413,0.393,False,High,75.35
2389,Rangpur,2022,25.74171,89.42296,0.393,False,High,75.35
2390,Thakurgaon,2022,26.05227,88.23108,0.393,False,High,14.28
2391,Kurigram,2022,25.77571,89.51407,0.393,False,High,35.15
2392,Rangpur,2022,25.8495,89.20479,0.393,False,High,75.35
2393,Kurigram,2022,25.79336,89.49065,0.393,False,High,35.15
2394,Kurigram,2022,25.79111,89.5269,0.393,False,High,35.15
2395,Kurigram,2022,25.98457,89.65267,0.392,False,High,35.15
2396,Nilphamari,2022,26.18669,88.93626,0.392,False,High,14.39
2397,Panchagarh,2022,26.32304,88.42005,0.392,False,High,16.31
2398,Kurigram,2022,26.08627,89.69919,0.392,False,High,35.15
2399,Kurigram,2022,26.12606,89.62315,0.392,False,High,35.15
2400,Kurigram,2022,26.10937,89.75116,0.392,False,High,35.15
2401,Kurigram,2022,26.10841,89.76624,0.392,False,High,35.15
2402,Kurigram,2022,26.11451,89.74089,0.392,False,High,35.15
2403,Panchagarh,2022,26.49854,88.34177,0.392,False,High,16.31
2404,Panchagarh,2022,26.51201,88.4223,0.392,False,High,16.31
2405,Lalmonirhat,2022,26.38079,89.06555,0.392,False,High,33.32
2406,Panchagarh,2022,26.58291,88.40401,0.391,False,High,16.31
2407,Barguna,2022,22.12663,89.93858,0.346,False,High,63.87
2408,Satkhira,2022,22.40361,89.047,0.346,False,High,10.7
2409,Barguna,2022,22.19962,89.96403,0.346,False,High,63.87
2410,Patuakhali,2022,22.15021,90.41768,0.346,False,High,12.98
2411,Barguna,2022,22.17866,90.33271,0.346,False,High,63.87
2412,Pirojpur,2022,22.29806,89.8858,0.346,False,High,9.18
2413,Pirojpur,2022,22.28383,89.98873,0.346,False,High,9.18
2414,Barguna,2022,22.21758,90.29978,0.346,False,High,63.87
2415,Pirojpur,2022,22.30217,89.97114,0.346,False,High,9.18
2416,Satkhira,2022,22.53574,89.15405,0.346,False,High,10.7
2417,Bhola,2022,22.19101,90.7553,0.346,False,Low,-6.7
2418,Patuakhali,2022,22.27934,90.56291,0.346,False,High,12.98
2419,Pirojpur,2022,22.41184,90.02579,0.346,False,High,9.18
2420,Pirojpur,2022,22.44478,89.99061,0.345,False,High,9.18
2421,Jhalokati,2022,22.43804,90.10402,0.345,False,High,15.14
2422,Noakhali,2022,22.25726,91.13783,0.345,False,High,17.85
2423,Satkhira,2022,22.70904,89.09192,0.345,False,High,10.7
2424,Patuakhali,2022,22.40885,90.35031,0.345,False,High,12.98
2425,Bhola,2022,22.33661,90.81294,0.345,False,Low,-6.7
2426,Bhola,2022,22.36206,90.79085,0.345,False,Low,-6.7
2427,Patuakhali,2022,22.41596,90.52323,0.345,False,High,12.98
2428,Bhola,2022,22.38901,90.70776,0.345,False,Low,-6.7
2429,Patuakhali,2022,22.44628,90.515,0.345,False,High,12.98
2430,Patuakhali,2022,22.46125,90.45211,0.345,False,High,12.98
2431,Jhalokati,2022,22.53274,90.23951,0.345,False,High,15.14
2432,Patuakhali,2022,22.48595,90.52772,0.345,False,High,12.98
2433,Jhalokati,2022,22.55146,90.19722,0.345,False,High,15.14
2434,Patuakhali,2022,22.48857,90.54082,0.345,False,High,12.98
2435,Patuakhali,2022,22.49831,90.53671,0.345,False,High,12.98
2436,Patuakhali,2022,22.50467,90.52061,0.345,False,High,12.98
2437,Bagerhat,2022,22.66562,89.80533,0.345,False,High,11.87
2438,Bagerhat,2022,22.67235,89.79784,0.345,False,High,11.87
2439,Barisal,2022,22.5668,90.47832,0.345,False,High,9.66
2440,Satkhira,2022,22.89993,89.08668,0.345,False,High,10.7
2441,Jessore,2022,22.97217,88.91188,0.345,False,High,7.75
2442,Pirojpur,2022,22.68358,90.05835,0.345,False,High,9.18
2443,Barisal,2022,22.61247,90.46559,0.345,False,High,9.66
2444,Noakhali,2022,22.53199,91.08917,0.345,False,High,17.85
2445,Noakhali,2022,22.53424,91.29691,0.345,False,High,17.85
2446,Khulna,2022,22.88982,89.44226,0.345,False,High,22.68
2447,Jessore,2022,23.0066,89.09753,0.345,False,High,7.75
2448,Khulna,2022,22.90891,89.46771,0.345,False,High,22.68
2449,Barisal,2022,22.69144,90.46896,0.345,False,High,9.66
2450,Jessore,2022,23.05526,89.06347,0.345,False,High,7.75
2451,Jessore,2022,23.08146,88.97401,0.345,False,High,7.75
2452,Jessore,2022,23.05302,89.09117,0.345,False,High,7.75
2453,Noakhali,2022,22.62182,91.23964,0.345,False,High,17.85
2454,Noakhali,2022,22.63567,91.13783,0.345,False,High,17.85
2455,Noakhali,2022,22.65888,91.09067,0.344,False,High,17.85
2456,Barisal,2022,22.77005,90.4173,0.344,False,High,9.66
2457,Bhola,2022,22.73299,90.62017,0.344,False,Low,-6.7
2458,Barisal,2022,22.81945,90.18112,0.344,False,High,9.66
2459,Chittagong,2022,22.65963,91.34332,0.344,False,Low,-1.19
2460,Barisal,2022,22.83293,90.27732,0.344,False,High,9.66
2461,Noakhali,2022,22.70267,91.20707,0.344,False,High,17.85
2462,Gopalganj,2022,22.92426,89.96066,0.344,False,Low,-0.76
2463,Narail,2022,22.97965,89.74357,0.344,False,Low,-8.78
2464,Jessore,2022,23.20498,88.94669,0.344,False,High,7.75
2465,Jessore,2022,23.20536,89.05149,0.344,False,High,7.75
2466,Barisal,2022,22.93511,90.19797,0.344,False,High,9.66
2467,Barisal,2022,22.91527,90.40271,0.344,False,High,9.66
2468,Noakhali,2022,22.80635,91.09965,0.344,False,High,17.85
2469,Gopalganj,2022,23.08932,89.77538,0.344,False,Low,-0.76
2470,Gopalganj,2022,23.02307,90.12273,0.344,False,Low,-0.76
2471,Lakshmipur,2022,22.88421,90.92223,0.344,False,Low,-1.16
2472,Lakshmipur,2022,22.92463,90.73471,0.344,False,Low,-1.16
2473,Barisal,2022,22.97628,90.43976,0.344,False,High,9.66
2474,Chittagong,2022,22.82544,91.54881,0.344,False,Low,-1.19
2475,Gopalganj,2022,23.12825,89.82105,0.344,False,Low,-0.76
2476,Barisal,2022,23.01746,90.3911,0.344,False,High,9.66
2477,Chittagong,2022,22.86138,91.52785,0.344,False,Low,-1.19
2478,Chittagong,2022,22.88383,91.54581,0.344,False,Low,-1.19
2479,Gopalganj,2022,23.20124,89.68555,0.344,False,Low,-0.76
2480,Noakhali,2022,22.95345,91.02329,0.344,False,High,17.85
2481,Noakhali,2022,22.94709,91.0989,0.344,False,High,17.85
2482,Chittagong,2022,22.89955,91.53084,0.344,False,Low,-1.19
2483,Chittagong,2022,22.90704,91.53608,0.344,False,Low,-1.19
2484,Madaripur,2022,23.10317,90.29528,0.344,False,High,3.68
2485,Chittagong,2022,22.91939,91.54469,0.344,False,Low,-1.19
2486,Gopalganj,2022,23.22894,89.74057,0.344,False,Low,-0.76
2487,Gopalganj,2022,23.20498,89.9004,0.344,False,Low,-0.76
2488,Feni,2022,22.96955,91.30439,0.344,False,Low,-4.77
2489,Feni,2022,22.95046,91.49266,0.344,False,Low,-4.77
2490,Jhenaidah,2022,23.4071,89.10801,0.344,False,High,15.44
2491,Feni,2022,22.95907,91.514,0.344,False,Low,-4.77
2492,Chuadanga,2022,23.4756,88.90477,0.344,False,Low,-14.74
2493,Chuadanga,2022,23.47934,88.88867,0.344,False,Low,-14.74
2494,Noakhali,2022,23.03206,91.02891,0.344,False,High,17.85
2495,Noakhali,2022,23.02195,91.17077,0.344,False,High,17.85
2496,Noakhali,2022,23.02794,91.16253,0.344,False,High,17.85
2497,Jhenaidah,2022,23.48795,88.9538,0.344,False,High,15.44
2498,Noakhali,2022,23.04516,91.06559,0.344,False,High,17.85
2499,Feni,2022,23.00548,91.53608,0.343,False,Low,-4.77
2500,Feni,2022,23.01371,91.46684,0.343,False,Low,-4.77
2501,Noakhali,2022,23.0605,91.18499,0.343,False,High,17.85
2502,Chuadanga,2022,23.53474,88.90514,0.343,False,Low,-14.74
2503,Feni,2022,23.03056,91.46047,0.343,False,Low,-4.77
2504,Shariatpur,2022,23.16718,90.51462,0.343,False,High,11.14
2505,Chuadanga,2022,23.595,88.70377,0.343,False,Low,-14.74
2506,Noakhali,2022,23.0751,91.14382,0.343,False,High,17.85
2507,Noakhali,2022,23.06387,91.2329,0.343,False,High,17.85
2508,Shariatpur,2022,23.17766,90.52548,0.343,False,High,11.14
2509,Jhenaidah,2022,23.54185,88.94107,0.343,False,High,15.44
2510,Comilla,2022,23.08034,91.23552,0.343,False,High,10.87
2511,Feni,2022,23.05975,91.4062,0.343,False,Low,-4.77
2512,Feni,2022,23.06499,91.41406,0.343,False,Low,-4.77
2513,Chandpur,2022,23.17466,90.65723,0.343,False,High,15.78
2514,Gopalganj,2022,23.29893,90.00071,0.343,False,Low,-0.76
2515,Gopalganj,2022,23.30267,89.99135,0.343,False,Low,-0.76
2516,Gopalganj,2022,23.3154,89.99435,0.343,False,Low,-0.76
2517,Chuadanga,2022,23.58826,88.91188,0.343,False,Low,-14.74
2518,Magura,2022,23.44715,89.50813,0.343,False,High,12.28
2519,Comilla,2022,23.12076,91.30926,0.343,False,High,10.87
2520,Shariatpur,2022,23.23118,90.58349,0.343,False,High,11.14
2521,Comilla,2022,23.14247,91.30926,0.343,False,High,10.87
2522,Chandpur,2022,23.21846,90.79198,0.343,False,High,15.78
2523,Feni,2022,23.13611,91.45112,0.343,False,Low,-4.77
2524,Comilla,2022,23.17803,91.20633,0.343,False,High,10.87
2525,Chuadanga,2022,23.67398,88.82317,0.343,False,Low,-14.74
2526,Comilla,2022,23.17504,91.25199,0.343,False,High,10.87
2527,Shariatpur,2022,23.30342,90.47532,0.343,False,High,11.14
2528,Chuadanga,2022,23.69494,88.83066,0.343,False,Low,-14.74
2529,Shariatpur,2022,23.34759,90.33758,0.343,False,High,11.14
2530,Comilla,2022,23.28059,91.01468,0.343,False,High,10.87
2531,Faridpur,2022,23.56805,89.5523,0.343,False,High,8.19
2532,Comilla,2022,23.30492,91.04837,0.343,False,High,10.87
2533,Faridpur,2022,23.49993,89.95093,0.343,False,High,8.19
2534,Faridpur,2022,23.50741,89.91837,0.343,False,High,8.19
2535,Comilla,2022,23.29219,91.18649,0.343,False,High,10.87
2536,Chandpur,2022,23.37903,90.68568,0.343,False,High,15.78
2537,Chandpur,2022,23.37379,90.74107,0.343,False,High,15.78
2538,Meherpur,2022,23.85364,88.64126,0.343,False,Low,-27.64
2539,Comilla,2022,23.33374,91.03976,0.343,False,High,10.87
2540,Jhenaidah,2022,23.71028,89.30265,0.343,False,High,15.44
2541,Chandpur,2022,23.41272,90.75754,0.343,False,High,15.78
2542,Kushtia,2022,23.7945,89.00134,0.343,False,High,18.8
2543,Munshiganj,2022,23.47036,90.46259,0.343,False,High,11.83
2544,Munshiganj,2022,23.49656,90.35255,0.343,False,High,11.83
2545,Chandpur,2022,23.44341,90.77401,0.343,False,High,15.78
2546,Meherpur,2022,23.89968,88.75692,0.343,False,Low,-27.64
2547,Comilla,2022,23.41534,91.07345,0.343,False,High,10.87
2548,Meherpur,2022,23.8877,88.86322,0.343,False,Low,-27.64
2549,Dhaka,2022,23.58976,90.13696,0.343,False,Low,-5.31
2550,Comilla,2022,23.50292,90.72049,0.342,False,High,10.87
2551,Comilla,2022,23.51602,90.73733,0.342,False,High,10.87
2552,Meherpur,2022,23.9401,88.83552,0.342,False,Low,-27.64
2553,Munshiganj,2022,23.58826,90.38212,0.342,False,High,11.83
2554,Narayanganj,2022,23.56019,90.56291,0.342,False,High,31.57
2555,Munshiganj,2022,23.5557,90.6475,0.342,False,High,11.83
2556,Kushtia,2022,23.91428,89.02379,0.342,False,High,18.8
2557,Kushtia,2022,23.98315,88.78387,0.342,False,High,18.8
2558,Narayanganj,2022,23.59762,90.57002,0.342,False,High,31.57
2559,Comilla,2022,23.52201,91.10302,0.342,False,High,10.87
2560,Kushtia,2022,23.96106,88.95567,0.342,False,High,18.8
2561,Kushtia,2022,23.89444,89.28805,0.342,False,High,18.8
2562,Narayanganj,2022,23.62719,90.57002,0.342,False,High,31.57
2563,Comilla,2022,23.54297,91.19697,0.342,False,High,10.87
2564,Dhaka,2022,23.70579,90.31624,0.342,False,Low,-5.31
2565,Kushtia,2022,24.04229,88.85873,0.342,False,High,18.8
2566,Dhaka,2022,23.70392,90.33159,0.342,False,Low,-5.31
2567,Comilla,2022,23.65751,90.7815,0.342,False,High,10.87
2568,Narayanganj,2022,23.68109,90.62579,0.342,False,High,31.57
2569,Dhaka,2022,23.74696,90.30764,0.342,False,Low,-5.31
2570,Manikganj,2022,23.78963,90.22679,0.342,False,High,10.22
2571,Manikganj,2022,23.80872,90.1246,0.342,False,High,10.22
2572,Dhaka,2022,23.77766,90.30427,0.342,False,Low,-5.31
2573,Dhaka,2022,23.83455,90.1931,0.342,False,Low,-5.31
2574,Kushtia,2022,24.19313,88.71425,0.342,False,High,18.8
2575,Dhaka,2022,23.83642,90.30277,0.342,False,Low,-5.31
2576,Narayanganj,2022,23.80199,90.57975,0.342,False,High,31.57
2577,Narayanganj,2022,23.80161,90.60932,0.342,False,High,31.57
2578,Pabna,2022,24.09319,89.24388,0.342,False,High,13.38
2579,Narayanganj,2022,23.86187,90.53296,0.342,False,High,31.57
2580,Dhaka,2022,23.96481,90.0853,0.342,False,Low,-5.31
2581,Narayanganj,2022,23.88658,90.56777,0.342,False,High,31.57
2582,Pabna,2022,24.07522,89.62529,0.342,False,High,13.38
2583,Narsingdi,2022,23.9038,90.57376,0.342,False,Low,-4.09
2584,Natore,2022,24.20099,89.16528,0.342,False,High,9.57
2585,Dhaka,2022,23.99438,90.08905,0.342,False,Low,-5.31
2586,Dhaka,2022,23.95208,90.32036,0.342,False,Low,-5.31
2587,Gazipur,2022,23.9562,90.30576,0.342,False,Medium,1.1
2588,Pabna,2022,24.11527,89.53958,0.342,False,High,13.38
2589,Rajshahi,2022,24.28595,88.89092,0.341,False,Low,-20.24
2590,Brahamanbaria,2022,23.85027,91.07457,0.341,False,High,11.9
2591,Rajshahi,2022,24.36792,88.65324,0.341,False,Low,-20.24
2592,Natore,2022,24.30055,88.89503,0.341,False,High,9.57
2593,Nawabganj,2022,24.50342,88.26921,0.341,False,High,38.19
2594,Rajshahi,2022,24.4338,88.50277,0.341,False,Low,-20.24
2595,Tangail,2022,24.11116,89.97975,0.341,False,High,8.96
2596,Gazipur,2022,24.05501,90.3009,0.341,False,Medium,1.1
2597,Narsingdi,2022,23.95283,90.93608,0.341,False,Low,-4.09
2598,Tangail,2022,24.08234,90.16952,0.341,False,High,8.96
2599,Brahamanbaria,2022,23.96705,91.03789,0.341,False,High,11.9
2600,Tangail,2022,24.16506,90.00071,0.341,False,High,8.96
2601,Brahamanbaria,2022,24.01534,91.04051,0.341,False,High,11.9
2602,Nawabganj,2022,24.65913,88.16366,0.341,False,High,38.19
2603,Rajshahi,2022,24.45813,88.86883,0.341,False,Low,-20.24
2604,Sirajganj,2022,24.27248,89.63427,0.341,False,High,48.62
2605,Nawabganj,2022,24.64341,88.23402,0.341,False,High,38.19
2606,Tangail,2022,24.24291,89.89815,0.341,False,High,8.96
2607,Kishoreganj,2022,24.09469,91.01431,0.341,False,High,12.02
2608,Kishoreganj,2022,24.09731,90.99709,0.341,False,High,12.02
2609,Kishoreganj,2022,24.10068,90.98586,0.341,False,High,12.02
2610,Nawabganj,2022,24.70928,88.23852,0.341,False,High,38.19
2611,Gazipur,2022,24.17479,90.51575,0.341,False,Medium,1.1
2612,Gazipur,2022,24.18938,90.4873,0.341,False,Medium,1.1
2613,Sirajganj,2022,24.37541,89.58749,0.341,False,High,48.62
2614,Tangail,2022,24.32263,90.049,0.341,False,High,8.96
2615,Gazipur,2022,24.22345,90.61493,0.341,False,Medium,1.1
2616,Gazipur,2022,24.23131,90.59472,0.341,False,Medium,1.1
2617,Kishoreganj,2022,24.1935,90.9518,0.341,False,High,12.02
2618,Tangail,2022,24.39001,89.83228,0.341,False,High,8.96
2619,Mymensingh,2022,24.25676,90.5805,0.341,False,Low,-5.83
2620,Nawabganj,2022,24.79462,88.27445,0.341,False,High,38.19
2621,Kishoreganj,2022,24.22906,90.81893,0.341,False,High,12.02
2622,Kishoreganj,2022,24.21409,90.93982,0.341,False,High,12.02
2623,Mymensingh,2022,24.33162,90.35704,0.341,False,Low,-5.83
2624,Kishoreganj,2022,24.29344,90.65386,0.34,False,High,12.02
2625,Sirajganj,2022,24.51053,89.60433,0.34,False,High,48.62
2626,Tangail,2022,24.43867,90.17102,0.34,False,High,8.96
2627,Tangail,2022,24.49369,90.05199,0.34,False,High,8.96
2628,Bogra,2022,24.75158,88.96278,0.34,False,High,39.64
2629,Tangail,2022,24.56518,89.8858,0.34,False,High,8.96
2630,Bogra,2022,24.65202,89.48568,0.34,False,High,39.64
2631,Maulvibazar,2022,24.30766,91.71275,0.34,False,Medium,1.33
2632,Maulvibazar,2022,24.32975,91.715,0.34,False,Medium,1.33
2633,Kishoreganj,2022,24.44353,90.76278,0.34,False,High,12.02
2634,Sirajganj,2022,24.66325,89.57289,0.34,False,High,48.62
2635,Naogaon,2022,24.85601,88.94444,0.34,False,High,22.41
2636,Maulvibazar,2022,24.40236,91.67981,0.34,False,Medium,1.33
2637,Maulvibazar,2022,24.38776,91.95342,0.34,False,Medium,1.33
2638,Tangail,2022,24.63106,90.06172,0.34,False,High,8.96
2639,Tangail,2022,24.62993,90.113,0.34,False,High,8.96
2640,Jamalpur,2022,24.70629,89.85099,0.34,False,High,16.99
2641,Bogra,2022,24.89232,89.38911,0.34,False,High,39.64
2642,Jamalpur,2022,24.80136,89.85623,0.34,False,High,16.99
2643,Mymensingh,2022,24.68383,90.53109,0.339,False,Low,-5.83
2644,Maulvibazar,2022,24.54385,92.01107,0.339,False,Medium,1.33
2645,Bogra,2022,24.95146,89.36553,0.339,False,High,39.64
2646,Bogra,2022,24.9421,89.43103,0.339,False,High,39.64
2647,Naogaon,2022,25.04166,89.01855,0.339,False,High,22.41
2648,Joypurhat,2022,25.11802,88.99797,0.339,False,High,30.07
2649,Joypurhat,2022,25.13224,88.97139,0.339,False,High,30.07
2650,Mymensingh,2022,24.80473,90.60408,0.339,False,Low,-5.83
2651,Sylhet,2022,24.6887,91.66634,0.339,False,High,13.59
2652,Joypurhat,2022,25.14347,88.9916,0.339,False,High,30.07
2653,Sherpur,2022,24.93312,90.11674,0.339,False,High,31.78
2654,Sherpur,2022,24.94921,90.04301,0.339,False,High,31.78
2655,Mymensingh,2022,24.9406,90.24662,0.339,False,Low,-5.83
2656,Sylhet,2022,24.76094,92.0616,0.339,False,High,13.59
2657,Sylhet,2022,24.81371,91.88418,0.339,False,High,13.59
2658,Sylhet,2022,24.8459,91.89878,0.339,False,High,13.59
2659,Sylhet,2022,24.87285,91.87407,0.339,False,High,13.59
2660,Sunamganj,2022,24.91777,91.40021,0.339,False,High,31.03
2661,Sylhet,2022,24.89045,91.81531,0.339,False,High,13.59
2662,Sylhet,2022,24.86612,92.18399,0.339,False,High,13.59
2663,Sunamganj,2022,24.92862,91.4455,0.339,False,High,31.03
2664,Sylhet,2022,24.89381,91.91749,0.339,False,High,13.59
2665,Gaibandha,2022,25.28196,89.39734,0.338,False,High,42.66
2666,Sunamganj,2022,24.94172,91.62853,0.338,False,High,31.03
2667,Sylhet,2022,24.8998,92.29179,0.338,False,High,13.59
2668,Gaibandha,2022,25.29693,89.42804,0.338,False,High,42.66
2669,Netrakona,2022,25.06599,90.74369,0.338,False,High,50.49
2670,Sherpur,2022,25.18801,90.0984,0.338,False,High,31.78
2671,Sherpur,2022,25.18988,90.11824,0.338,False,High,31.78
2672,Jamalpur,2022,25.24827,89.86896,0.338,False,High,16.99
2673,Sylhet,2022,25.06412,92.15143,0.338,False,High,13.59
2674,Rangpur,2022,25.46836,89.37114,0.338,False,High,75.35
2675,Rangpur,2022,25.4751,89.38462,0.338,False,High,75.35
2676,Gaibandha,2022,25.56605,89.40595,0.338,False,High,42.66
2677,Rangpur,2022,25.62669,89.15442,0.338,False,High,75.35
2678,Rangpur,2022,25.60086,89.29553,0.338,False,High,75.35
2679,Rangpur,2022,25.6323,89.16041,0.338,False,High,75.35
2680,Rangpur,2022,25.61434,89.30227,0.338,False,High,75.35
2681,Dinajpur,2022,25.7824,88.74082,0.338,False,High,39.31
2682,Rangpur,2022,25.65963,89.41568,0.337,False,High,75.35
2683,Rangpur,2022,25.66711,89.40333,0.337,False,High,75.35
2684,Thakurgaon,2022,25.93024,88.37738,0.337,False,High,14.28
2685,Thakurgaon,2022,25.94409,88.38187,0.337,False,High,14.28
2686,Rangpur,2022,25.71952,89.33596,0.337,False,High,75.35
2687,Thakurgaon,2022,25.93885,88.49566,0.337,False,High,14.28
2688,Dinajpur,2022,25.94784,88.60982,0.337,False,High,39.31
2689,Nilphamari,2022,25.86549,88.98786,0.337,False,High,14.39
2690,Kurigram,2022,25.76069,89.54369,0.337,False,High,35.15
2691,Rangpur,2022,25.84228,89.19709,0.337,False,High,75.35
2692,Lalmonirhat,2022,25.81608,89.44263,0.337,False,High,33.32
2693,Kurigram,2022,25.82132,89.4606,0.337,False,High,35.15
2694,Kurigram,2022,25.82656,89.55193,0.337,False,High,35.15
2695,Nilphamari,2022,25.9426,89.03577,0.337,False,High,14.39
2696,Rangpur,2022,25.89806,89.2843,0.337,False,High,75.35
2697,Nilphamari,2022,25.96056,89.02903,0.337,False,High,14.39
2698,Nilphamari,2022,25.96019,89.0747,0.337,False,High,14.39
2699,Lalmonirhat,2022,25.90854,89.39098,0.337,False,High,33.32
2700,Lalmonirhat,2022,25.90105,89.49541,0.337,False,High,33.32
2701,Lalmonirhat,2022,26.03729,89.22067,0.336,False,High,33.32
2702,Kurigram,2022,26.08146,89.7125,0.336,False,High,35.15
2703,Lalmonirhat,2022,26.20835,89.13571,0.336,False,High,33.32
2704,Kurigram,2022,26.09531,89.69491,0.336,False,High,35.15
2705,Kurigram,2022,26.09119,89.74319,0.336,False,High,35.15
2706,Kurigram,2022,26.15819,89.66197,0.336,False,High,35.15
2707,Kurigram,2022,26.16568,89.62604,0.336,False,High,35.15
2708,Lalmonirhat,2022,26.40411,88.96391,0.336,False,High,33.32
2709,Bandarban,2022,21.40348,92.19163,0.289,False,Medium,1.48
2710,Cox's Bazar,2022,21.54272,92.16198,0.289,False,Medium,1.81
2711,Cox's Bazar,2022,21.56653,91.95537,0.289,False,Medium,1.81
2712,Cox's Bazar,2022,21.6878,91.92079,0.289,False,Medium,1.81
2713,Barguna,2022,22.10462,89.98581,0.289,False,High,63.87
2714,Bhola,2022,22.05297,90.68156,0.288,False,Low,-6.7
2715,Barguna,2022,22.18996,90.05588,0.288,False,High,63.87
2716,Bhola,2022,22.08486,90.6856,0.288,False,Low,-6.7
2717,Pirojpur,2022,22.23712,90.00333,0.288,False,High,9.18
2718,Pirojpur,2022,22.25374,89.95078,0.288,False,High,9.18
2719,Bhola,2022,22.09743,90.73995,0.288,False,Low,-6.7
2720,Bagerhat,2022,22.28967,89.81289,0.288,False,High,11.87
2721,Chittagong,2022,21.9564,91.92618,0.288,False,Low,-1.19
2722,Bagerhat,2022,22.30135,89.82636,0.288,False,High,11.87
2723,Barguna,2022,22.22949,90.18838,0.288,False,High,63.87
2724,Bagerhat,2022,22.32156,89.79986,0.288,False,High,11.87
2725,Pirojpur,2022,22.31977,89.94674,0.288,False,High,9.18
2726,Patuakhali,2022,22.23128,90.46462,0.288,False,High,12.98
2727,Patuakhali,2022,22.24027,90.45294,0.288,False,High,12.98
2728,Noakhali,2022,22.15448,91.09973,0.288,False,High,17.85
2729,Pirojpur,2022,22.37232,90.00648,0.288,False,High,9.18
2730,Jhalokati,2022,22.37277,90.05229,0.288,False,High,15.14
2731,Jhalokati,2022,22.38669,90.03163,0.288,False,High,15.14
2732,Chittagong,2022,22.09204,92.11078,0.288,False,Low,-1.19
2733,Noakhali,2022,22.1949,91.13656,0.288,False,High,17.85
2734,Bhola,2022,22.24835,90.79654,0.288,False,Low,-6.7
2735,Pirojpur,2022,22.39882,90.03612,0.288,False,High,9.18
2736,Patuakhali,2022,22.3804,90.21893,0.288,False,High,12.98
2737,Patuakhali,2022,22.38759,90.364,0.288,False,High,12.98
2738,Patuakhali,2022,22.39388,90.3649,0.288,False,High,12.98
2739,Patuakhali,2022,22.42667,90.3128,0.288,False,High,12.98
2740,Noakhali,2022,22.29012,91.14195,0.288,False,High,17.85
2741,Bagerhat,2022,22.53312,89.84119,0.288,False,High,11.87
2742,Satkhira,2022,22.70559,89.18407,0.288,False,High,10.7
2743,Barguna,2022,22.46125,90.20815,0.288,False,High,63.87
2744,Jhalokati,2022,22.47203,90.17266,0.288,False,High,15.14
2745,Patuakhali,2022,22.42981,90.47315,0.288,False,High,12.98
2746,Bhola,2022,22.39208,90.74309,0.288,False,Low,-6.7
2747,Patuakhali,2022,22.44373,90.47405,0.288,False,High,12.98
2748,Pirojpur,2022,22.5412,90.00198,0.288,False,High,9.18
2749,Patuakhali,2022,22.46215,90.40667,0.288,False,High,12.98
2750,Jhalokati,2022,22.50886,90.22252,0.288,False,High,15.14
2751,Jhalokati,2022,22.54659,90.07834,0.288,False,High,15.14
2752,Satkhira,2022,22.85067,88.98958,0.288,False,High,10.7
2753,Patuakhali,2022,22.49,90.51268,0.288,False,High,12.98
2754,Satkhira,2022,22.81653,89.114,0.288,False,High,10.7
2755,Barisal,2022,22.51829,90.4179,0.288,False,High,9.66
2756,Satkhira,2022,22.88346,88.91862,0.288,False,High,10.7
2757,Patuakhali,2022,22.50976,90.49246,0.288,False,High,12.98
2758,Barisal,2022,22.53222,90.37883,0.288,False,High,9.66
2759,Patuakhali,2022,22.50527,90.56298,0.288,False,High,12.98
2760,Barisal,2022,22.53222,90.42958,0.288,False,High,9.66
2761,Barisal,2022,22.54704,90.43452,0.288,False,High,9.66
2762,Bagerhat,2022,22.66966,89.84837,0.288,False,High,11.87
2763,Barisal,2022,22.55423,90.43093,0.287,False,High,9.66
2764,Barisal,2022,22.55288,90.44126,0.287,False,High,9.66
2765,Patuakhali,2022,22.53761,90.56478,0.287,False,High,12.98
2766,Chittagong,2022,22.41993,91.81838,0.287,False,Low,-1.19
2767,Barisal,2022,22.61846,90.4489,0.287,False,High,9.66
2768,Bagerhat,2022,22.74961,89.82322,0.287,False,High,11.87
2769,Jessore,2022,22.95443,89.06594,0.287,False,High,7.75
2770,Noakhali,2022,22.53042,91.13162,0.287,False,High,17.85
2771,Noakhali,2022,22.56411,91.05616,0.287,False,High,17.85
2772,Bagerhat,2022,22.83315,89.68129,0.287,False,High,11.87
2773,Noakhali,2022,22.55602,91.18237,0.287,False,High,17.85
2774,Chittagong,2022,22.48775,91.80176,0.287,False,Low,-1.19
2775,Jessore,2022,23.05504,88.90649,0.287,False,High,7.75
2776,Barisal,2022,22.70155,90.45698,0.287,False,High,9.66
2777,Khulna,2022,22.89693,89.61346,0.287,False,High,22.68
2778,Chittagong,2022,22.55872,91.68632,0.287,False,Low,-1.19
2779,Jessore,2022,23.07076,89.07043,0.287,False,High,7.75
2780,Bagerhat,2022,22.8866,89.82412,0.287,False,High,11.87
2781,Noakhali,2022,22.66337,91.12443,0.287,False,High,17.85
2782,Chittagong,2022,22.59285,91.78739,0.287,False,Low,-1.19
2783,Jessore,2022,23.03303,89.38529,0.287,False,High,7.75
2784,Jessore,2022,23.14711,88.96623,0.287,False,High,7.75
2785,Gopalganj,2022,22.88975,90.00737,0.287,False,Low,-0.76
2786,Barisal,2022,22.88256,90.04331,0.287,False,High,9.66
2787,Narail,2022,22.97239,89.68173,0.287,False,Low,-8.78
2788,Noakhali,2022,22.69526,91.19001,0.287,False,High,17.85
2789,Lakshmipur,2022,22.76039,90.90524,0.287,False,Low,-1.16
2790,Barisal,2022,22.87537,90.25935,0.287,False,High,9.66
2791,Barisal,2022,22.88795,90.19647,0.287,False,High,9.66
2792,Lakshmipur,2022,22.76219,90.92006,0.287,False,Low,-1.16
2793,Barisal,2022,22.85786,90.3676,0.287,False,High,9.66
2794,Barisal,2022,22.85561,90.43318,0.287,False,High,9.66
2795,Barisal,2022,22.85965,90.42644,0.287,False,High,9.66
2796,Narail,2022,23.08019,89.50926,0.287,False,Low,-8.78
2797,Lakshmipur,2022,22.82552,90.7916,0.287,False,Low,-1.16
2798,Gopalganj,2022,23.02225,89.79268,0.287,False,Low,-0.76
2799,Barisal,2022,22.88975,90.49381,0.287,False,High,9.66
2800,Gopalganj,2022,23.05055,89.80076,0.287,False,Low,-0.76
2801,Barisal,2022,22.9131,90.4983,0.287,False,High,9.66
2802,Noakhali,2022,22.85022,90.94566,0.287,False,High,17.85
2803,Gopalganj,2022,23.03033,89.95886,0.287,False,Low,-0.76
2804,Chittagong,2022,22.7797,91.53406,0.287,False,Low,-1.19
2805,Lakshmipur,2022,22.87942,90.83023,0.287,False,Low,-1.16
2806,Lakshmipur,2022,22.88795,90.83203,0.287,False,Low,-1.16
2807,Barisal,2022,22.97104,90.42913,0.287,False,High,9.66
2808,Barisal,2022,22.96431,90.53558,0.287,False,High,9.66
2809,Chittagong,2022,22.82507,91.52687,0.287,False,Low,-1.19
2810,Jessore,2022,23.29803,89.09244,0.287,False,High,7.75
2811,Gopalganj,2022,23.13499,89.81469,0.287,False,Low,-0.76
2812,Noakhali,2022,22.91086,91.04852,0.287,False,High,17.85
2813,Lakshmipur,2022,22.94499,90.84191,0.287,False,Low,-1.16
2814,Noakhali,2022,22.89559,91.21696,0.287,False,High,17.85
2815,Narail,2022,23.23425,89.46704,0.287,False,Low,-8.78
2816,Noakhali,2022,22.92613,91.09703,0.287,False,High,17.85
2817,Chittagong,2022,22.87852,91.52508,0.287,False,Low,-1.19
2818,Feni,2022,22.90996,91.27939,0.286,False,Low,-4.77
2819,Noakhali,2022,22.9167,91.2174,0.286,False,High,17.85
2820,Noakhali,2022,22.95038,90.99642,0.286,False,High,17.85
2821,Chittagong,2022,22.88526,91.53271,0.286,False,Low,-1.19
2822,Chittagong,2022,22.89828,91.54754,0.286,False,Low,-1.19
2823,Feni,2022,22.92837,91.32385,0.286,False,Low,-4.77
2824,Chittagong,2022,22.90637,91.52373,0.286,False,Low,-1.19
2825,Jhenaidah,2022,23.42155,88.91592,0.286,False,High,15.44
2826,Feni,2022,22.93646,91.29286,0.286,False,Low,-4.77
2827,Noakhali,2022,22.95443,91.15587,0.286,False,High,17.85
2828,Noakhali,2022,22.98452,90.96318,0.286,False,High,17.85
2829,Jhenaidah,2022,23.4202,88.93703,0.286,False,High,15.44
2830,Noakhali,2022,22.98093,91.07322,0.286,False,High,17.85
2831,Faridpur,2022,23.24817,89.65478,0.286,False,High,8.19
2832,Feni,2022,22.93511,91.50846,0.286,False,Low,-4.77
2833,Noakhali,2022,22.99036,91.06828,0.286,False,High,17.85
2834,Lakshmipur,2022,23.03617,90.76106,0.286,False,Low,-1.16
2835,Feni,2022,22.93601,91.52642,0.286,False,Low,-4.77
2836,Gopalganj,2022,23.22572,89.80256,0.286,False,Low,-0.76
2837,Feni,2022,22.96206,91.3508,0.286,False,Low,-4.77
2838,Khagrachhari,2022,22.91265,91.93336,0.286,False,Low,0.68
2839,Chuadanga,2022,23.47994,88.86517,0.286,False,Low,-14.74
2840,Chuadanga,2022,23.50554,88.77713,0.286,False,Low,-14.74
2841,Gopalganj,2022,23.21359,89.92787,0.286,False,Low,-0.76
2842,Feni,2022,22.96386,91.45411,0.286,False,Low,-4.77
2843,Feni,2022,22.95847,91.50172,0.286,False,Low,-4.77
2844,Chuadanga,2022,23.50644,88.79689,0.286,False,Low,-14.74
2845,Feni,2022,22.97509,91.46354,0.286,False,Low,-4.77
2846,Feni,2022,22.98587,91.44378,0.286,False,Low,-4.77
2847,Feni,2022,23.00338,91.36248,0.286,False,Low,-4.77
2848,Feni,2022,23.01371,91.28388,0.286,False,Low,-4.77
2849,Chittagong,2022,22.9706,91.68588,0.286,False,Low,-1.19
2850,Noakhali,2022,23.04066,91.11769,0.286,False,High,17.85
2851,Chuadanga,2022,23.52665,88.84361,0.286,False,Low,-14.74
2852,Chittagong,2022,22.97913,91.70744,0.286,False,Low,-1.19
2853,Jhenaidah,2022,23.50285,88.94601,0.286,False,High,15.44
2854,Chuadanga,2022,23.54507,88.79959,0.286,False,Low,-14.74
2855,Feni,2022,23.03168,91.31263,0.286,False,Low,-4.77
2856,Jhenaidah,2022,23.50285,88.98509,0.286,False,High,15.44
2857,Noakhali,2022,23.05953,91.1671,0.286,False,High,17.85
2858,Madaripur,2022,23.25042,90.05723,0.286,False,High,3.68
2859,Feni,2022,23.03977,91.36158,0.286,False,Low,-4.77
2860,Feni,2022,23.02674,91.5107,0.286,False,Low,-4.77
2861,Chuadanga,2022,23.54686,88.87505,0.286,False,Low,-14.74
2862,Chuadanga,2022,23.54776,88.88852,0.286,False,Low,-14.74
2863,Comilla,2022,23.08378,91.09838,0.286,False,High,10.87
2864,Chuadanga,2022,23.60705,88.70077,0.286,False,Low,-14.74
2865,Jhenaidah,2022,23.52486,88.99183,0.286,False,High,15.44
2866,Madaripur,2022,23.27737,90.04735,0.286,False,High,3.68
2867,Chandpur,2022,23.15206,90.72648,0.286,False,High,15.78
2868,Feni,2022,23.06267,91.47612,0.286,False,Low,-4.77
2869,Chuadanga,2022,23.58594,88.84046,0.286,False,Low,-14.74
2870,Shariatpur,2022,23.19562,90.54906,0.286,False,High,11.14
2871,Comilla,2022,23.08513,91.32206,0.286,False,High,10.87
2872,Feni,2022,23.06716,91.52463,0.286,False,Low,-4.77
2873,Comilla,2022,23.12196,91.16575,0.286,False,High,10.87
2874,Meherpur,2022,23.66993,88.62981,0.286,False,Low,-27.64
2875,Shariatpur,2022,23.22302,90.56613,0.286,False,High,11.14
2876,Chuadanga,2022,23.59807,88.92401,0.286,False,Low,-14.74
2877,Chuadanga,2022,23.5828,88.9797,0.286,False,Low,-14.74
2878,Comilla,2022,23.13544,91.17204,0.286,False,High,10.87
2879,Chuadanga,2022,23.61963,88.86157,0.286,False,Low,-14.74
2880,Feni,2022,23.09995,91.48825,0.286,False,Low,-4.77
2881,Chandpur,2022,23.21404,90.69189,0.286,False,High,15.78
2882,Comilla,2022,23.14172,91.18506,0.286,False,High,10.87
2883,Shariatpur,2022,23.24189,90.53648,0.286,False,High,11.14
2884,Comilla,2022,23.15565,91.17249,0.286,False,High,10.87
2885,Chuadanga,2022,23.63625,88.88089,0.286,False,Low,-14.74
2886,Comilla,2022,23.14936,91.28298,0.286,False,High,10.87
2887,Faridpur,2022,23.35732,90.06397,0.286,False,High,8.19
2888,Feni,2022,23.15116,91.41369,0.286,False,Low,-4.77
2889,Comilla,2022,23.16643,91.28568,0.286,False,High,10.87
2890,Comilla,2022,23.18934,91.27849,0.286,False,High,10.87
2891,Chuadanga,2022,23.69284,88.86292,0.286,False,Low,-14.74
2892,Comilla,2022,23.20506,91.26187,0.286,False,High,10.87
2893,Chuadanga,2022,23.70632,88.85169,0.286,False,Low,-14.74
2894,Shariatpur,2022,23.37484,90.26878,0.286,False,High,11.14
2895,Chandpur,2022,23.26973,90.95105,0.286,False,High,15.78
2896,Chuadanga,2022,23.71934,88.85304,0.286,False,Low,-14.74
2897,Comilla,2022,23.26434,91.0337,0.286,False,High,10.87
2898,Shariatpur,2022,23.3416,90.5513,0.286,False,High,11.14
2899,Chuadanga,2022,23.72069,88.88134,0.286,False,Low,-14.74
2900,Faridpur,2022,23.46961,89.89598,0.286,False,High,8.19
2901,Faridpur,2022,23.48264,89.84613,0.286,False,High,8.19
2902,Chuadanga,2022,23.72204,88.89391,0.286,False,Low,-14.74
2903,Chuadanga,2022,23.7153,88.91502,0.286,False,Low,-14.74
2904,Comilla,2022,23.25222,91.23537,0.286,False,High,10.87
2905,Feni,2022,23.22886,91.44558,0.286,False,Low,-4.77
2906,Jhenaidah,2022,23.62277,89.29052,0.286,False,High,15.44
2907,Meherpur,2022,23.81322,88.63026,0.286,False,Low,-27.64
2908,Shariatpur,2022,23.38023,90.45069,0.286,False,High,11.14
2909,Comilla,2022,23.27962,91.14464,0.286,False,High,10.87
2910,Feni,2022,23.24728,91.41863,0.286,False,Low,-4.77
2911,Comilla,2022,23.28231,91.1909,0.286,False,High,10.87
2912,Meherpur,2022,23.82714,88.6343,0.286,False,Low,-27.64
2913,Chandpur,2022,23.35193,90.75522,0.286,False,High,15.78
2914,Chandpur,2022,23.35507,90.73681,0.286,False,High,15.78
2915,Chandpur,2022,23.38831,90.57017,0.286,False,High,15.78
2916,Chuadanga,2022,23.78177,88.88717,0.286,False,Low,-14.74
2917,Comilla,2022,23.34025,91.03145,0.286,False,High,10.87
2918,Chandpur,2022,23.39191,90.76016,0.286,False,High,15.78
2919,Rajbari,2022,23.61514,89.61795,0.286,False,High,4.82
2920,Munshiganj,2022,23.44086,90.49561,0.286,False,High,11.83
2921,Comilla,2022,23.35957,91.06783,0.286,False,High,10.87
2922,Chandpur,2022,23.38068,90.91467,0.286,False,High,15.78
2923,Faridpur,2022,23.59358,89.79807,0.286,False,High,8.19
2924,Munshiganj,2022,23.51048,90.25351,0.286,False,High,11.83
2925,Kushtia,2022,23.74809,89.2712,0.286,False,High,18.8
2926,Rajbari,2022,23.70542,89.45671,0.286,False,High,4.82
2927,Meherpur,2022,23.88822,88.81172,0.285,False,Low,-27.64
2928,Kushtia,2022,23.79166,89.17778,0.285,False,High,18.8
2929,Meherpur,2022,23.88733,88.83328,0.285,False,Low,-27.64
2930,Munshiganj,2022,23.51677,90.46147,0.285,False,High,11.83
2931,Meherpur,2022,23.89541,88.82115,0.285,False,Low,-27.64
2932,Munshiganj,2022,23.51003,90.51762,0.285,False,High,11.83
2933,Munshiganj,2022,23.54417,90.44755,0.285,False,High,11.83
2934,Munshiganj,2022,23.5545,90.43138,0.285,False,High,11.83
2935,Dhaka,2022,23.59537,90.20321,0.285,False,Low,-5.31
2936,Comilla,2022,23.45658,91.05571,0.285,False,High,10.87
2937,Munshiganj,2022,23.51992,90.63709,0.285,False,High,11.83
2938,Munshiganj,2022,23.55225,90.48977,0.285,False,High,11.83
2939,Kushtia,2022,23.88149,89.02147,0.285,False,High,18.8
2940,Munshiganj,2022,23.53788,90.61688,0.285,False,High,11.83
2941,Meherpur,2022,23.95021,88.78477,0.285,False,Low,-27.64
2942,Comilla,2022,23.48264,91.02157,0.285,False,High,10.87
2943,Comilla,2022,23.48937,91.10152,0.285,False,High,10.87
2944,Munshiganj,2022,23.56618,90.60969,0.285,False,High,11.83
2945,Kushtia,2022,23.92281,88.99497,0.285,False,High,18.8
2946,Comilla,2022,23.49925,91.11275,0.285,False,High,10.87
2947,Dhaka,2022,23.67802,90.2315,0.285,False,Low,-5.31
2948,Narayanganj,2022,23.62771,90.54277,0.285,False,High,31.57
2949,Narayanganj,2022,23.63715,90.5549,0.285,False,High,31.57
2950,Comilla,2022,23.61379,90.74534,0.285,False,High,10.87
2951,Dhaka,2022,23.72788,90.10439,0.285,False,Low,-5.31
2952,Comilla,2022,23.56214,91.11904,0.285,False,High,10.87
2953,Comilla,2022,23.56348,91.18506,0.285,False,High,10.87
2954,Kushtia,2022,24.02252,88.97251,0.285,False,High,18.8
2955,Dhaka,2022,23.73192,90.30292,0.285,False,Low,-5.31
2956,Kushtia,2022,24.02746,89.00081,0.285,False,High,18.8
2957,Kushtia,2022,23.97761,89.20069,0.285,False,High,18.8
2958,Pabna,2022,23.97851,89.21775,0.285,False,High,13.38
2959,Comilla,2022,23.66769,90.77498,0.285,False,High,10.87
2960,Pabna,2022,23.99737,89.1679,0.285,False,High,13.38
2961,Pabna,2022,23.94257,89.38933,0.285,False,High,13.38
2962,Manikganj,2022,23.85409,89.78414,0.285,False,High,10.22
2963,Pabna,2022,23.88373,89.65434,0.285,False,High,13.38
2964,Pabna,2022,24.01983,89.10951,0.285,False,High,13.38
2965,Pabna,2022,23.9821,89.29726,0.285,False,High,13.38
2966,Pabna,2022,24.04318,89.14319,0.285,False,High,13.38
2967,Manikganj,2022,23.84825,90.12191,0.285,False,High,10.22
2968,Rajshahi,2022,24.15233,88.83777,0.285,False,Low,-20.24
2969,Comilla,2022,23.73416,90.81181,0.285,False,High,10.87
2970,Pabna,2022,23.97401,89.61256,0.285,False,High,13.38
2971,Manikganj,2022,23.88553,90.04555,0.285,False,High,10.22
2972,Narayanganj,2022,23.78222,90.64338,0.285,False,High,31.57
2973,Manikganj,2022,23.90933,89.97593,0.285,False,High,10.22
2974,Pabna,2022,24.03285,89.43694,0.285,False,High,13.38
2975,Manikganj,2022,23.9035,90.03477,0.285,False,High,10.22
2976,Manikganj,2022,23.93269,90.01411,0.285,False,High,10.22
2977,Natore,2022,24.19186,88.95365,0.285,False,High,9.57
2978,Narayanganj,2022,23.8478,90.62541,0.285,False,High,31.57
2979,Narayanganj,2022,23.87655,90.49157,0.285,False,High,31.57
2980,Brahamanbaria,2022,23.78222,91.20662,0.285,False,High,11.9
2981,Narayanganj,2022,23.88059,90.55535,0.285,False,High,31.57
2982,Pabna,2022,24.13167,89.3525,0.285,False,High,13.38
2983,Rajshahi,2022,24.27046,88.81531,0.285,False,Low,-20.24
2984,Natore,2022,24.22509,89.04168,0.285,False,High,9.57
2985,Natore,2022,24.22824,89.03315,0.285,False,High,9.57
2986,Brahamanbaria,2022,23.8231,91.10467,0.285,False,High,11.9
2987,Rajshahi,2022,24.31088,88.73536,0.285,False,Low,-20.24
2988,Narsingdi,2022,23.90709,90.57915,0.285,False,Low,-4.09
2989,Dhaka,2022,24.00815,90.08014,0.285,False,Low,-5.31
2990,Pabna,2022,24.13571,89.50926,0.285,False,High,13.38
2991,Pabna,2022,24.17119,89.36283,0.285,False,High,13.38
2992,Rajshahi,2022,24.38993,88.55345,0.285,False,Low,-20.24
2993,Rajshahi,2022,24.3549,88.66978,0.285,False,Low,-20.24
2994,Narayanganj,2022,23.93988,90.50998,0.285,False,High,31.57
2995,Natore,2022,24.22375,89.18452,0.285,False,High,9.57
2996,Rajshahi,2022,24.32885,88.78656,0.285,False,Low,-20.24
2997,Brahamanbaria,2022,23.87205,91.01977,0.285,False,High,11.9
2998,Natore,2022,24.29875,88.92535,0.285,False,High,9.57
2999,Dhaka,2022,24.03061,90.08643,0.285,False,Low,-5.31
3000,Brahamanbaria,2022,23.87071,91.21426,0.284,False,High,11.9
3001,Natore,2022,24.31897,88.93793,0.284,False,High,9.57
3002,Brahamanbaria,2022,23.87924,91.18147,0.284,False,High,11.9
3003,Gazipur,2022,24.02342,90.258,0.284,False,Medium,1.1
3004,Tangail,2022,24.08001,90.04286,0.284,False,High,8.96
3005,Gazipur,2022,24.05307,90.19782,0.284,False,Medium,1.1
3006,Gazipur,2022,24.05621,90.21444,0.284,False,Medium,1.1
3007,Gazipur,2022,24.06699,90.17581,0.284,False,Medium,1.1
3008,Rajshahi,2022,24.40116,88.77758,0.284,False,Low,-20.24
3009,Tangail,2022,24.0863,90.14122,0.284,False,High,8.96
3010,Sirajganj,2022,24.21611,89.55103,0.284,False,High,48.62
3011,Sirajganj,2022,24.20219,89.63592,0.284,False,High,48.62
3012,Narsingdi,2022,23.99288,90.76151,0.284,False,Low,-4.09
3013,Brahamanbaria,2022,23.96817,91.06559,0.284,False,High,11.9
3014,Sirajganj,2022,24.2462,89.5663,0.284,False,High,48.62
3015,Brahamanbaria,2022,23.98929,91.06289,0.284,False,High,11.9
3016,Gazipur,2022,24.10517,90.48393,0.284,False,Medium,1.1
3017,Gazipur,2022,24.11056,90.501,0.284,False,Medium,1.1
3018,Nawabganj,2022,24.69042,88.10609,0.284,False,High,38.19
3019,Gazipur,2022,24.12807,90.46372,0.284,False,Medium,1.1
3020,Gazipur,2022,24.12673,90.48438,0.284,False,Medium,1.1
3021,Sirajganj,2022,24.31762,89.61167,0.284,False,High,48.62
3022,Sirajganj,2022,24.30729,89.69296,0.284,False,High,48.62
3023,Gazipur,2022,24.15098,90.51357,0.284,False,Medium,1.1
3024,Sirajganj,2022,24.36748,89.43155,0.284,False,High,48.62
3025,Nawabganj,2022,24.70659,88.1802,0.284,False,High,38.19
3026,Nawabganj,2022,24.68593,88.27587,0.284,False,High,38.19
3027,Kishoreganj,2022,24.09618,90.96273,0.284,False,High,12.02
3028,Gazipur,2022,24.14559,90.64518,0.284,False,Medium,1.1
3029,Gazipur,2022,24.19859,90.3649,0.284,False,Medium,1.1
3030,Gazipur,2022,24.20892,90.30517,0.284,False,Medium,1.1
3031,Gazipur,2022,24.19949,90.45698,0.284,False,Medium,1.1
3032,Tangail,2022,24.25519,90.16009,0.284,False,High,8.96
3033,Gazipur,2022,24.19006,90.53289,0.284,False,Medium,1.1
3034,Kishoreganj,2022,24.1393,90.94611,0.284,False,High,12.02
3035,Nawabganj,2022,24.77217,88.16223,0.284,False,High,38.19
3036,Nawabganj,2022,24.79418,88.12046,0.284,False,High,38.19
3037,Naogaon,2022,24.65,88.65226,0.284,False,High,22.41
3038,Tangail,2022,24.33963,90.01411,0.284,False,High,8.96
3039,Gazipur,2022,24.27315,90.42644,0.284,False,Medium,1.1
3040,Tangail,2022,24.35715,89.97638,0.284,False,High,8.96
3041,Gazipur,2022,24.27136,90.44351,0.284,False,Medium,1.1
3042,Kishoreganj,2022,24.21072,90.85493,0.284,False,High,12.02
3043,Tangail,2022,24.34592,90.05903,0.284,False,High,8.96
3044,Gazipur,2022,24.29786,90.44755,0.284,False,Medium,1.1
3045,Gazipur,2022,24.3028,90.43722,0.284,False,Medium,1.1
3046,Tangail,2022,24.39398,90.01501,0.284,False,High,8.96
3047,Gazipur,2022,24.31537,90.45878,0.284,False,Medium,1.1
3048,Mymensingh,2022,24.34861,90.27507,0.284,False,Low,-5.83
3049,Habiganj,2022,24.23587,91.24346,0.284,False,Low,-1.01
3050,Mymensingh,2022,24.35265,90.44036,0.284,False,Low,-5.83
3051,Mymensingh,2022,24.39892,90.26699,0.284,False,Low,-5.83
3052,Tangail,2022,24.4353,90.16054,0.284,False,High,8.96
3053,Tangail,2022,24.44788,90.11697,0.284,False,High,8.96
3054,Nawabganj,2022,24.93925,88.19951,0.284,False,High,38.19
3055,Bogra,2022,24.59071,89.58831,0.284,False,High,39.64
3056,Naogaon,2022,24.81439,88.72593,0.283,False,High,22.41
3057,Tangail,2022,24.49683,90.12056,0.283,False,High,8.96
3058,Naogaon,2022,24.77621,88.88358,0.283,False,High,22.41
3059,Tangail,2022,24.51705,90.03837,0.283,False,High,8.96
3060,Bogra,2022,24.66796,89.50566,0.283,False,High,39.64
3061,Bogra,2022,24.6729,89.53755,0.283,False,High,39.64
3062,Maulvibazar,2022,24.34547,91.68767,0.283,False,Medium,1.33
3063,Tangail,2022,24.60328,90.11966,0.283,False,High,8.96
3064,Maulvibazar,2022,24.38993,91.76313,0.283,False,Medium,1.33
3065,Tangail,2022,24.61811,90.09182,0.283,False,High,8.96
3066,Maulvibazar,2022,24.39982,91.99984,0.283,False,Medium,1.33
3067,Mymensingh,2022,24.62125,90.25845,0.283,False,Low,-5.83
3068,Mymensingh,2022,24.64685,90.17266,0.283,False,Low,-5.83
3069,Mymensingh,2022,24.65179,90.16682,0.283,False,Low,-5.83
3070,Kishoreganj,2022,24.55792,90.83382,0.283,False,High,12.02
3071,Maulvibazar,2022,24.45461,91.95043,0.283,False,Medium,1.33
3072,Jamalpur,2022,24.80001,89.77606,0.283,False,High,16.99
3073,Mymensingh,2022,24.7259,90.23195,0.283,False,Low,-5.83
3074,Maulvibazar,2022,24.51255,92.02499,0.283,False,Medium,1.33
3075,Mymensingh,2022,24.70884,90.40263,0.283,False,Low,-5.83
3076,Mymensingh,2022,24.75869,90.11337,0.283,False,Low,-5.83
3077,Maulvibazar,2022,24.53411,92.00343,0.283,False,Medium,1.33
3078,Maulvibazar,2022,24.55747,91.7016,0.283,False,Medium,1.33
3079,Bogra,2022,24.9433,89.32061,0.283,False,High,39.64
3080,Jamalpur,2022,24.8611,89.73339,0.283,False,High,16.99
3081,Netrakona,2022,24.66976,90.83293,0.283,False,High,50.49
3082,Netrakona,2022,24.6985,90.69728,0.283,False,High,50.49
3083,Mymensingh,2022,24.74612,90.53468,0.283,False,Low,-5.83
3084,Mymensingh,2022,24.75645,90.65461,0.283,False,Low,-5.83
3085,Joypurhat,2022,25.09601,88.99048,0.283,False,High,30.07
3086,Joypurhat,2022,25.10275,88.99946,0.283,False,High,30.07
3087,Mymensingh,2022,24.83595,90.2625,0.283,False,Low,-5.83
3088,Mymensingh,2022,24.85436,90.24318,0.283,False,Low,-5.83
3089,Sunamganj,2022,24.68817,91.61715,0.283,False,High,31.03
3090,Sylhet,2022,24.67695,91.82871,0.283,False,High,13.59
3091,Sherpur,2022,24.93072,90.1273,0.283,False,High,31.78
3092,Sylhet,2022,24.71333,91.92752,0.282,False,High,13.59
3093,Sylhet,2022,24.71692,92.00792,0.282,False,High,13.59
3094,Sherpur,2022,24.99809,89.92742,0.282,False,High,31.78
3095,Sunamganj,2022,24.78519,91.3526,0.282,False,High,31.03
3096,Gaibandha,2022,25.11532,89.39921,0.282,False,High,42.66
3097,Maulvibazar,2022,24.74207,92.09685,0.282,False,Medium,1.33
3098,Mymensingh,2022,24.9159,90.50639,0.282,False,Low,-5.83
3099,Joypurhat,2022,25.22312,88.99991,0.282,False,High,30.07
3100,Sylhet,2022,24.7551,91.97334,0.282,False,High,13.59
3101,Gaibandha,2022,25.14362,89.36014,0.282,False,High,42.66
3102,Jamalpur,2022,25.04166,89.8596,0.282,False,High,16.99
3103,Sylhet,2022,24.76947,91.95312,0.282,False,High,13.59
3104,Netrakona,2022,24.88491,90.90614,0.282,False,High,50.49
3105,Sylhet,2022,24.7798,91.95402,0.282,False,High,13.59
3106,Sylhet,2022,24.81439,91.69576,0.282,False,High,13.59
3107,Sunamganj,2022,24.82068,91.64006,0.282,False,High,31.03
3108,Sylhet,2022,24.78968,92.0982,0.282,False,High,13.59
3109,Sylhet,2022,24.80361,91.91315,0.282,False,High,13.59
3110,Sunamganj,2022,24.83685,91.51475,0.282,False,High,31.03
3111,Maulvibazar,2022,24.79328,92.21274,0.282,False,Medium,1.33
3112,Sylhet,2022,24.81529,91.89743,0.282,False,High,13.59
3113,Sylhet,2022,24.83325,91.71597,0.282,False,High,13.59
3114,Sylhet,2022,24.8355,91.70788,0.282,False,High,13.59
3115,Sylhet,2022,24.84807,91.87722,0.282,False,High,13.59
3116,Gaibandha,2022,25.22716,89.38933,0.282,False,High,42.66
3117,Sunamganj,2022,24.8876,91.56505,0.282,False,High,31.03
3118,Sylhet,2022,24.85032,92.13324,0.282,False,High,13.59
3119,Gaibandha,2022,25.23435,89.44054,0.282,False,High,42.66
3120,Sherpur,2022,25.11981,90.02444,0.282,False,High,31.78
3121,Sunamganj,2022,24.90871,91.51475,0.282,False,High,31.03
3122,Sunamganj,2022,24.9123,91.52103,0.282,False,High,31.03
3123,Sylhet,2022,24.90152,91.8058,0.282,False,High,13.59
3124,Sunamganj,2022,24.92488,91.55068,0.282,False,High,31.03
3125,Jamalpur,2022,25.17686,89.86858,0.282,False,High,16.99
3126,Dinajpur,2022,25.37134,88.98599,0.282,False,High,39.31
3127,Sylhet,2022,24.90467,92.16153,0.282,False,High,13.59
3128,Sylhet,2022,24.90781,92.22576,0.282,False,High,13.59
3129,Sylhet,2022,24.91814,92.13683,0.282,False,High,13.59
3130,Rangpur,2022,25.33721,89.24605,0.282,False,High,75.35
3131,Dinajpur,2022,25.36191,89.16386,0.282,False,High,39.31
3132,Sylhet,2022,24.92892,92.26215,0.282,False,High,13.59
3133,Gaibandha,2022,25.339,89.40999,0.282,False,High,42.66
3134,Jamalpur,2022,25.25771,89.84119,0.282,False,High,16.99
3135,Sylhet,2022,24.97114,92.23475,0.282,False,High,13.59
3136,Jamalpur,2022,25.26983,89.85691,0.282,False,High,16.99
3137,Rangpur,2022,25.39245,89.35205,0.282,False,High,75.35
3138,Rangpur,2022,25.41626,89.29501,0.282,False,High,75.35
3139,Sunamganj,2022,25.08209,91.54754,0.282,False,High,31.03
3140,Rangpur,2022,25.47959,89.28198,0.282,False,High,75.35
3141,Sunamganj,2022,25.13598,91.47432,0.282,False,High,31.03
3142,Dinajpur,2022,25.69833,88.55884,0.282,False,High,39.31
3143,Sylhet,2022,25.15171,91.90327,0.282,False,High,13.59
3144,Rangpur,2022,25.54472,89.29591,0.282,False,High,75.35
3145,Thakurgaon,2022,25.7931,88.33696,0.281,False,High,14.28
3146,Rangpur,2022,25.58245,89.19934,0.281,False,High,75.35
3147,Gaibandha,2022,25.54337,89.40101,0.281,False,High,42.66
3148,Dinajpur,2022,25.80568,88.39445,0.281,False,High,39.31
3149,Rangpur,2022,25.61838,89.17194,0.281,False,High,75.35
3150,Rangpur,2022,25.65072,89.06414,0.281,False,High,75.35
3151,Rangpur,2022,25.59727,89.30085,0.281,False,High,75.35
3152,Rangpur,2022,25.64084,89.14364,0.281,False,High,75.35
3153,Rangpur,2022,25.60895,89.36463,0.281,False,High,75.35
3154,Dinajpur,2022,25.80209,88.74749,0.281,False,High,39.31
3155,Rangpur,2022,25.68755,89.35385,0.281,False,High,75.35
3156,Rangpur,2022,25.73875,89.27255,0.281,False,High,75.35
3157,Rangpur,2022,25.7702,89.14948,0.281,False,High,75.35
3158,Rangpur,2022,25.78681,89.08615,0.281,False,High,75.35
3159,Thakurgaon,2022,25.97905,88.37558,0.281,False,High,14.28
3160,Rangpur,2022,25.74055,89.43874,0.281,False,High,75.35
3161,Rangpur,2022,25.77109,89.4311,0.281,False,High,75.35
3162,Rangpur,2022,25.8488,89.1158,0.281,False,High,75.35
3163,Kurigram,2022,25.73426,89.65209,0.281,False,High,35.15
3164,Kurigram,2022,25.75627,89.56944,0.281,False,High,35.15
3165,Kurigram,2022,25.76705,89.51689,0.281,False,High,35.15
3166,Rangpur,2022,25.85464,89.12029,0.281,False,High,75.35
3167,Rangpur,2022,25.79849,89.38799,0.281,False,High,75.35
3168,Dinajpur,2022,25.97187,88.65541,0.281,False,High,39.31
3169,Thakurgaon,2022,26.03834,88.40882,0.281,False,High,14.28
3170,Rangpur,2022,25.80298,89.39023,0.281,False,High,75.35
3171,Nilphamari,2022,25.87395,89.09603,0.281,False,High,14.39
3172,Dinajpur,2022,26.0334,88.59522,0.281,False,High,39.31
3173,Thakurgaon,2022,26.04733,88.58579,0.281,False,High,14.28
3174,Nilphamari,2022,25.92875,89.07313,0.281,False,High,14.39
3175,Kurigram,2022,25.82005,89.58741,0.281,False,High,35.15
3176,Nilphamari,2022,25.93279,89.11445,0.281,False,High,14.39
3177,Lalmonirhat,2022,25.91617,89.2712,0.281,False,High,33.32
3178,Thakurgaon,2022,26.11784,88.45464,0.281,False,High,14.28
3179,Kurigram,2022,25.86272,89.56136,0.281,False,High,35.15
3180,Lalmonirhat,2022,25.90629,89.40146,0.281,False,High,33.32
3181,Lalmonirhat,2022,25.93818,89.30444,0.281,False,High,33.32
3182,Lalmonirhat,2022,25.94267,89.28333,0.281,False,High,33.32
3183,Nilphamari,2022,26.00331,89.08435,0.281,False,High,14.39
3184,Kurigram,2022,25.89057,89.63278,0.281,False,High,35.15
3185,Lalmonirhat,2022,25.97681,89.27614,0.281,False,High,33.32
3186,Lalmonirhat,2022,25.98938,89.24381,0.28,False,High,33.32
3187,Panchagarh,2022,26.20992,88.41691,0.28,False,High,16.31
3188,Kurigram,2022,25.91797,89.68084,0.28,False,High,35.15
3189,Kurigram,2022,25.93144,89.61211,0.28,False,High,35.15
3190,Lalmonirhat,2022,26.01633,89.28019,0.28,False,High,33.32
3191,Lalmonirhat,2022,26.07562,89.1688,0.28,False,High,33.32
3192,Lalmonirhat,2022,26.07472,89.24964,0.28,False,High,33.32
3193,Panchagarh,2022,26.26112,88.49371,0.28,False,High,16.31
3194,Kurigram,2022,26.01094,89.69745,0.28,False,High,35.15
3195,Kurigram,2022,26.0316,89.77651,0.28,False,High,35.15
3196,Panchagarh,2022,26.35904,88.46227,0.28,False,High,16.31
3197,Kurigram,2022,26.09134,89.67275,0.28,False,High,35.15
3198,Kurigram,2022,26.09269,89.71497,0.28,False,High,35.15
3199,Panchagarh,2022,26.35635,88.58669,0.28,False,High,16.31
3200,Lalmonirhat,2022,26.249,89.08705,0.28,False,High,33.32
3201,Panchagarh,2022,26.34916,88.67652,0.28,False,High,16.31
3202,Kurigram,2022,26.13087,89.73473,0.28,False,High,35.15
3203,Kurigram,2022,26.16231,89.61256,0.28,False,High,35.15
3204,Kurigram,2022,26.16905,89.65613,0.28,False,High,35.15
3205,Kurigram,2022,26.1686,89.6741,0.28,False,High,35.15
3206,Panchagarh,2022,26.48301,88.40208,0.28,False,High,16.31
3207,Panchagarh,2022,26.48166,88.43397,0.28,False,High,16.31
3208,Lalmonirhat,2022,26.39767,89.07447,0.28,False,High,33.32
3209,Panchagarh,2022,26.57553,88.39445,0.28,False,High,16.31
3210,Khulna,2021,22.943,89.70585,10.447,False,High,22.68
3211,Khulna,2021,22.95854,89.68956,4.247,False,High,22.68
3212,Dhaka,2021,23.70338,90.31774,2.452,False,Low,-5.31
3213,Khulna,2021,22.8857,89.49987,2.24,False,High,22.68
3214,Khulna,2021,22.89122,89.44243,1.896,False,High,22.68
3215,Khulna,2021,22.92129,89.4955,1.838,False,High,22.68
3216,Manikganj,2021,23.87321,90.0598,1.595,False,High,10.22
3217,Khulna,2021,22.86059,89.42292,1.552,False,High,22.68
3218,Gopalganj,2021,23.13456,89.99798,1.49,False,Low,-0.76
3219,Noakhali,2021,23.03963,91.10817,1.374,False,High,17.85
3220,Nilphamari,2021,26.08234,89.03462,1.29,False,High,14.39
3221,Gopalganj,2021,23.0376,89.78324,1.262,False,Low,-0.76
3222,Dhaka,2021,23.76228,90.30325,1.254,False,Low,-5.31
3223,Manikganj,2021,23.85619,90.05468,1.254,False,High,10.22
3224,Bogra,2021,25.00573,89.33592,1.244,False,High,39.64
3225,Khulna,2021,22.90592,89.46028,1.206,False,High,22.68
3226,Khulna,2021,22.91939,89.63941,1.206,False,High,22.68
3227,Gopalganj,2021,22.94623,90.03285,1.205,False,Low,-0.76
3228,Narayanganj,2021,23.69665,90.58125,1.197,False,High,31.57
3229,Dhaka,2021,23.83279,90.31015,1.196,False,Low,-5.31
3230,Mymensingh,2021,24.56267,90.5405,1.189,False,Low,-5.83
3231,Thakurgaon,2021,25.79913,88.27546,1.182,False,High,14.28
3232,Tangail,2021,24.61485,89.96571,1.133,False,High,8.96
3233,Barisal,2021,22.93618,90.22791,1.09,False,High,9.66
3234,Tangail,2021,24.48778,90.14021,1.077,False,High,8.96
3235,Kurigram,2021,25.7706,89.51091,1.067,False,High,35.15
3236,Noakhali,2021,22.93773,91.13009,1.031,False,High,17.85
3237,Netrakona,2021,24.63068,90.82554,1.019,False,High,50.49
3238,Rangpur,2021,25.69855,89.1911,1.012,False,High,75.35
3239,Barisal,2021,22.74845,90.37574,0.976,False,High,9.66
3240,Gopalganj,2021,22.96431,89.8629,0.975,False,Low,-0.76
3241,Faridpur,2021,23.34015,89.65101,0.973,False,High,8.19
3242,Faridpur,2021,23.4424,89.67016,0.972,False,High,8.19
3243,Manikganj,2021,23.94281,89.99686,0.968,False,High,10.22
3244,Rajshahi,2021,24.30333,88.7338,0.968,False,Low,-20.24
3245,Gazipur,2021,24.20544,90.43809,0.966,False,Medium,1.1
3246,Kurigram,2021,25.97366,89.58614,0.953,False,High,35.15
3247,Bagerhat,2021,22.61298,89.67657,0.921,False,High,11.87
3248,Gopalganj,2021,22.94424,90.01849,0.918,False,Low,-0.76
3249,Jessore,2021,23.24363,89.00578,0.918,False,High,7.75
3250,Narail,2021,23.25682,89.44076,0.917,False,Low,-8.78
3251,Rajshahi,2021,24.44063,88.72941,0.91,False,Low,-20.24
3252,Mymensingh,2021,24.54969,90.54625,0.906,False,Low,-5.83
3253,Maulvibazar,2021,24.52752,92.03942,0.905,False,Medium,1.33
3254,Joypurhat,2021,25.16729,89.06698,0.904,False,High,30.07
3255,Sherpur,2021,25.16041,90.22468,0.902,False,High,31.78
3256,Patuakhali,2021,22.3527,90.32328,0.864,False,High,12.98
3257,Khulna,2021,22.89663,89.42886,0.862,False,High,22.68
3258,Gopalganj,2021,23.12555,89.84089,0.86,False,Low,-0.76
3259,Dhaka,2021,23.6623,90.07265,0.856,False,Low,-5.31
3260,Rajshahi,2021,24.39263,88.42499,0.854,False,Low,-20.24
3261,Tangail,2021,24.43141,90.15006,0.851,False,High,8.96
3262,Bogra,2021,24.84268,89.44398,0.849,False,High,39.64
3263,Jamalpur,2021,25.0731,89.90691,0.847,False,High,16.99
3264,Sylhet,2021,24.81918,92.08892,0.847,False,High,13.59
3265,Narail,2021,23.00457,89.7186,0.803,False,Low,-8.78
3266,Noakhali,2021,22.9526,91.1397,0.802,False,High,17.85
3267,Gopalganj,2021,23.20685,89.81597,0.802,False,Low,-0.76
3268,Faridpur,2021,23.53666,89.67529,0.8,False,High,8.19
3269,Tangail,2021,24.59491,90.12043,0.793,False,High,8.96
3270,Maulvibazar,2021,24.71025,92.1888,0.791,False,Medium,1.33
3271,Jamalpur,2021,25.11481,89.90131,0.79,False,High,16.99
3272,Thakurgaon,2021,25.78438,88.27423,0.788,False,High,14.28
3273,Thakurgaon,2021,25.89811,88.35845,0.787,False,High,14.28
3274,Rangpur,2021,25.65284,89.45199,0.787,False,High,75.35
3275,Rangpur,2021,25.6854,89.40403,0.787,False,High,75.35
3276,Rangpur,2021,25.82705,89.25725,0.786,False,High,75.35
3277,Rangpur,2021,25.83747,89.26992,0.786,False,High,75.35
3278,Jessore,2021,22.96448,89.01415,0.747,False,High,7.75
3279,Khulna,2021,22.92388,89.45899,0.747,False,High,22.68
3280,Jessore,2021,23.14432,89.05146,0.746,False,High,7.75
3281,Barisal,2021,22.83785,90.37838,0.746,False,High,9.66
3282,Madaripur,2021,23.14449,90.04168,0.745,False,High,3.68
3283,Shariatpur,2021,23.38963,90.45871,0.743,False,High,11.14
3284,Faridpur,2021,23.5648,89.71708,0.743,False,High,8.19
3285,Faridpur,2021,23.52023,90.02233,0.743,False,High,8.19
3286,Munshiganj,2021,23.57948,90.38546,0.742,False,High,11.83
3287,Dhaka,2021,23.83533,90.21564,0.741,False,Low,-5.31
3288,Brahamanbaria,2021,23.79525,91.22642,0.74,False,High,11.9
3289,Dhaka,2021,23.94174,90.31912,0.74,False,Low,-5.31
3290,Rajshahi,2021,24.41301,88.60421,0.74,False,Low,-20.24
3291,Gazipur,2021,24.03296,90.3117,0.74,False,Medium,1.1
3292,Rajshahi,2021,24.44014,88.62563,0.739,False,Low,-20.24
3293,Mymensingh,2021,24.74643,90.3421,0.735,False,Low,-5.83
3294,Mymensingh,2021,24.77528,90.65271,0.735,False,Low,-5.83
3295,Sunamganj,2021,24.82088,91.61183,0.734,False,High,31.03
3296,Rangpur,2021,25.66426,89.28675,0.731,False,High,75.35
3297,Patuakhali,2021,22.15919,90.44575,0.692,False,High,12.98
3298,Patuakhali,2021,22.38209,90.24999,0.691,False,High,12.98
3299,Chittagong,2021,22.28383,91.86191,0.69,False,Low,-1.19
3300,Noakhali,2021,22.50916,91.12772,0.69,False,High,17.85
3301,Bagerhat,2021,22.80448,89.83565,0.689,False,High,11.87
3302,Gopalganj,2021,23.03337,89.95261,0.688,False,Low,-0.76
3303,Gopalganj,2021,23.1333,89.87214,0.688,False,Low,-0.76
3304,Faridpur,2021,23.57572,89.85848,0.685,False,High,8.19
3305,Dhaka,2021,23.58489,90.14556,0.685,False,Low,-5.31
3306,Chandpur,2021,23.47485,90.84064,0.685,False,High,15.78
3307,Munshiganj,2021,23.5819,90.39822,0.685,False,High,11.83
3308,Rajbari,2021,23.75015,89.75742,0.685,False,High,4.82
3309,Narayanganj,2021,23.62382,90.53671,0.685,False,High,31.57
3310,Manikganj,2021,23.92251,89.9979,0.684,False,High,10.22
3311,Gazipur,2021,24.00036,90.28256,0.683,False,Medium,1.1
3312,Rajshahi,2021,24.42613,88.77601,0.682,False,Low,-20.24
3313,Gazipur,2021,24.29082,90.41581,0.681,False,Medium,1.1
3314,Mymensingh,2021,24.463,90.24606,0.68,False,Low,-5.83
3315,Tangail,2021,24.65969,89.90395,0.68,False,High,8.96
3316,Tangail,2021,24.65351,90.0518,0.68,False,High,8.96
3317,Mymensingh,2021,24.79313,90.31194,0.679,False,Low,-5.83
3318,Sunamganj,2021,24.83804,91.56341,0.677,False,High,31.03
3319,Dinajpur,2021,25.97441,88.70059,0.674,False,High,39.31
3320,Nilphamari,2021,25.90161,89.1213,0.674,False,High,14.39
3321,Kurigram,2021,25.80486,89.65374,0.674,False,High,35.15
3322,Chittagong,2021,22.30119,91.83875,0.633,False,Low,-1.19
3323,Khulna,2021,22.91735,89.62461,0.632,False,High,22.68
3324,Jessore,2021,23.1211,89.06439,0.631,False,High,7.75
3325,Chittagong,2021,22.69114,91.82487,0.631,False,Low,-1.19
3326,Jhenaidah,2021,23.38141,89.16443,0.63,False,High,15.44
3327,Noakhali,2021,23.02903,91.09356,0.63,False,High,17.85
3328,Shariatpur,2021,23.30199,90.3502,0.629,False,High,11.14
3329,Faridpur,2021,23.45593,89.74139,0.629,False,High,8.19
3330,Meherpur,2021,23.86221,88.66464,0.628,False,Low,-27.64
3331,Munshiganj,2021,23.57455,90.40247,0.628,False,High,11.83
3332,Kushtia,2021,23.93204,89.03274,0.628,False,High,18.8
3333,Kushtia,2021,23.95225,89.02294,0.628,False,High,18.8
3334,Manikganj,2021,23.91285,90.03457,0.627,False,High,10.22
3335,Natore,2021,24.23685,88.97068,0.626,False,High,9.57
3336,Brahamanbaria,2021,23.83588,91.09009,0.626,False,High,11.9
3337,Naogaon,2021,24.67356,88.66443,0.624,False,High,22.41
3338,Habiganj,2021,24.24216,91.35795,0.624,False,Low,-1.01
3339,Tangail,2021,24.47552,90.14543,0.624,False,High,8.96
3340,Tangail,2021,24.66416,89.86736,0.623,False,High,8.96
3341,Mymensingh,2021,24.58924,90.37144,0.623,False,Low,-5.83
3342,Mymensingh,2021,24.62558,90.2275,0.623,False,Low,-5.83
3343,Bogra,2021,24.91876,89.30897,0.622,False,High,39.64
3344,Jamalpur,2021,24.89446,89.8596,0.622,False,High,16.99
3345,Sherpur,2021,24.93958,90.05866,0.622,False,High,31.78
3346,Sherpur,2021,24.97531,89.987,0.621,False,High,31.78
3347,Sunamganj,2021,24.81667,91.54047,0.621,False,High,31.03
3348,Thakurgaon,2021,25.89567,88.31287,0.619,False,High,14.28
3349,Thakurgaon,2021,25.90976,88.339,0.619,False,High,14.28
3350,Thakurgaon,2021,25.95631,88.39535,0.618,False,High,14.28
3351,Thakurgaon,2021,25.9806,88.39882,0.618,False,High,14.28
3352,Dinajpur,2021,25.92324,88.73752,0.618,False,High,39.31
3353,Kurigram,2021,25.74153,89.56765,0.618,False,High,35.15
3354,Nilphamari,2021,25.87852,89.03254,0.618,False,High,14.39
3355,Dinajpur,2021,25.97387,88.64606,0.618,False,High,39.31
3356,Nilphamari,2021,25.93324,88.87186,0.618,False,High,14.39
3357,Thakurgaon,2021,26.03655,88.49743,0.618,False,High,14.28
3358,Nilphamari,2021,25.93977,89.04438,0.618,False,High,14.39
3359,Lalmonirhat,2021,25.84851,89.47353,0.618,False,High,33.32
3360,Lalmonirhat,2021,25.90384,89.39697,0.617,False,High,33.32
3361,Nilphamari,2021,26.05982,88.97292,0.617,False,High,14.39
3362,Nilphamari,2021,26.13026,88.91392,0.617,False,High,14.39
3363,Satkhira,2021,22.7559,88.96959,0.576,False,High,10.7
3364,Jessore,2021,22.97868,89.08099,0.575,False,High,7.75
3365,Khulna,2021,22.87111,89.49938,0.575,False,High,22.68
3366,Khulna,2021,22.8857,89.47175,0.575,False,High,22.68
3367,Chittagong,2021,22.50325,91.7948,0.574,False,Low,-1.19
3368,Bagerhat,2021,22.81698,89.84949,0.574,False,High,11.87
3369,Bagerhat,2021,22.85539,89.81199,0.574,False,High,11.87
3370,Jessore,2021,23.115,89.10951,0.574,False,High,7.75
3371,Jessore,2021,23.2073,89.02125,0.574,False,High,7.75
3372,Jessore,2021,23.19697,89.07245,0.574,False,High,7.75
3373,Jessore,2021,23.18574,89.20069,0.574,False,High,7.75
3374,Narail,2021,23.08895,89.66781,0.573,False,Low,-8.78
3375,Gopalganj,2021,23.04111,89.9016,0.573,False,Low,-0.76
3376,Gopalganj,2021,23.09591,90.04039,0.573,False,Low,-0.76
3377,Madaripur,2021,23.13386,90.03994,0.573,False,High,3.68
3378,Gopalganj,2021,23.21494,89.75068,0.573,False,Low,-0.76
3379,Faridpur,2021,23.34699,89.69454,0.572,False,High,8.19
3380,Faridpur,2021,23.50936,89.68241,0.572,False,High,8.19
3381,Faridpur,2021,23.4988,89.89261,0.572,False,High,8.19
3382,Faridpur,2021,23.54237,90.02534,0.571,False,High,8.19
3383,Comilla,2021,23.48578,91.02516,0.571,False,High,10.87
3384,Kushtia,2021,23.87138,89.23819,0.571,False,High,18.8
3385,Rajbari,2021,23.87834,89.36665,0.57,False,High,4.82
3386,Kushtia,2021,24.05284,88.84316,0.57,False,High,18.8
3387,Comilla,2021,23.62524,90.87986,0.57,False,High,10.87
3388,Manikganj,2021,23.81456,89.99974,0.57,False,High,10.22
3389,Narayanganj,2021,23.82714,90.49898,0.57,False,High,31.57
3390,Natore,2021,24.22891,89.02237,0.569,False,High,9.57
3391,Rajshahi,2021,24.38904,88.75625,0.569,False,Low,-20.24
3392,Gazipur,2021,24.03083,90.32964,0.569,False,Medium,1.1
3393,Sirajganj,2021,24.28461,89.69094,0.568,False,High,48.62
3394,Gazipur,2021,24.21656,90.37411,0.568,False,Medium,1.1
3395,Tangail,2021,24.33581,90.0341,0.568,False,High,8.96
3396,Tangail,2021,24.39824,90.20905,0.567,False,High,8.96
3397,Tangail,2021,24.44293,90.14953,0.567,False,High,8.96
3398,Naogaon,2021,24.74679,88.95432,0.567,False,High,22.41
3399,Kishoreganj,2021,24.47101,90.77341,0.567,False,High,12.02
3400,Mymensingh,2021,24.64214,90.15537,0.566,False,Low,-5.83
3401,Mymensingh,2021,24.57386,90.5814,0.566,False,Low,-5.83
3402,Mymensingh,2021,24.58307,90.53019,0.566,False,Low,-5.83
3403,Bogra,2021,24.88288,89.41449,0.566,False,High,39.64
3404,Sylhet,2021,24.69109,91.7555,0.565,False,High,13.59
3405,Sherpur,2021,24.93117,90.10888,0.565,False,High,31.78
3406,Bogra,2021,25.06996,89.43447,0.565,False,High,39.64
3407,Sunamganj,2021,24.74252,91.59492,0.565,False,High,31.03
3408,Gaibandha,2021,25.13913,89.35205,0.565,False,High,42.66
3409,Sylhet,2021,24.93386,91.96278,0.564,False,High,13.59
3410,Rangpur,2021,25.59435,89.30848,0.563,False,High,75.35
3411,Rangpur,2021,25.60985,89.34352,0.563,False,High,75.35
3412,Dinajpur,2021,25.94537,88.61409,0.562,False,High,39.31
3413,Nilphamari,2021,25.89214,89.03495,0.562,False,High,14.39
3414,Thakurgaon,2021,26.1403,88.28845,0.561,False,High,14.28
3415,Nilphamari,2021,25.95233,89.07357,0.561,False,High,14.39
3416,Lalmonirhat,2021,25.89214,89.39046,0.561,False,High,33.32
3417,Kurigram,2021,25.97434,89.53261,0.561,False,High,35.15
3418,Lalmonirhat,2021,26.21059,89.14858,0.56,False,High,33.32
3419,Kurigram,2021,26.12256,89.66871,0.56,False,High,35.15
3420,Lalmonirhat,2021,26.41137,88.98509,0.559,False,High,33.32
3421,Barguna,2021,22.19051,90.07619,0.519,False,High,63.87
3422,Satkhira,2021,22.61421,89.00121,0.519,False,High,10.7
3423,Barguna,2021,22.40186,90.18299,0.518,False,High,63.87
3424,Satkhira,2021,22.74622,88.92959,0.518,False,High,10.7
3425,Chittagong,2021,22.2499,91.8601,0.518,False,Low,-1.19
3426,Satkhira,2021,22.84952,89.0873,0.518,False,High,10.7
3427,Khulna,2021,22.8872,89.45336,0.517,False,High,22.68
3428,Noakhali,2021,22.69007,91.20957,0.517,False,High,17.85
3429,Chittagong,2021,22.63867,91.81768,0.516,False,Low,-1.19
3430,Jessore,2021,23.16094,89.01493,0.516,False,High,7.75
3431,Noakhali,2021,22.73673,91.06509,0.516,False,High,17.85
3432,Jessore,2021,23.19013,89.13072,0.516,False,High,7.75
3433,Jessore,2021,23.17017,89.23452,0.516,False,High,7.75
3434,Gopalganj,2021,23.06237,89.78399,0.516,False,Low,-0.76
3435,Jessore,2021,23.26649,89.21431,0.516,False,High,7.75
3436,Gopalganj,2021,23.13549,89.7558,0.516,False,Low,-0.76
3437,Jhenaidah,2021,23.39051,89.11575,0.515,False,High,15.44
3438,Gopalganj,2021,23.27597,89.92173,0.515,False,Low,-0.76
3439,Noakhali,2021,23.08508,91.00919,0.515,False,High,17.85
3440,Comilla,2021,23.10454,91.10102,0.515,False,High,10.87
3441,Comilla,2021,23.11303,91.11026,0.515,False,High,10.87
3442,Faridpur,2021,23.36231,89.94594,0.515,False,High,8.19
3443,Faridpur,2021,23.48333,89.62454,0.515,False,High,8.19
3444,Comilla,2021,23.27223,91.24076,0.514,False,High,10.87
3445,Faridpur,2021,23.50854,89.8848,0.514,False,High,8.19
3446,Jhenaidah,2021,23.65152,89.28243,0.514,False,High,15.44
3447,Kushtia,2021,23.84491,89.14843,0.514,False,High,18.8
3448,Comilla,2021,23.48059,91.115,0.514,False,High,10.87
3449,Comilla,2021,23.49506,91.03065,0.514,False,High,10.87
3450,Kushtia,2021,23.84665,89.31462,0.514,False,High,18.8
3451,Kushtia,2021,23.95994,88.94082,0.513,False,High,18.8
3452,Dhaka,2021,23.67148,90.3135,0.513,False,Low,-5.31
3453,Rajshahi,2021,24.41584,88.61943,0.512,False,Low,-20.24
3454,Gazipur,2021,24.22769,90.31175,0.511,False,Medium,1.1
3455,Rajshahi,2021,24.63193,88.8213,0.511,False,Low,-20.24
3456,Tangail,2021,24.43106,90.08817,0.511,False,High,8.96
3457,Tangail,2021,24.48296,90.16403,0.51,False,High,8.96
3458,Kishoreganj,2021,24.48471,90.58549,0.51,False,High,12.02
3459,Tangail,2021,24.64091,89.92847,0.51,False,High,8.96
3460,Tangail,2021,24.63817,89.9936,0.51,False,High,8.96
3461,Tangail,2021,24.6454,90.046,0.51,False,High,8.96
3462,Mymensingh,2021,24.6726,90.19797,0.51,False,Low,-5.83
3463,Mymensingh,2021,24.67111,90.66185,0.509,False,Low,-5.83
3464,Tangail,2021,24.77766,90.07095,0.509,False,High,8.96
3465,Mymensingh,2021,24.73648,90.35218,0.509,False,Low,-5.83
3466,Maulvibazar,2021,24.55258,92.04525,0.509,False,Medium,1.33
3467,Mymensingh,2021,24.78489,90.41206,0.509,False,Low,-5.83
3468,Habiganj,2021,24.66836,91.64675,0.509,False,Low,-1.01
3469,Sylhet,2021,24.68109,91.90776,0.509,False,High,13.59
3470,Bogra,2021,25.09905,89.33259,0.509,False,High,39.64
3471,Sherpur,2021,25.09157,89.93022,0.508,False,High,31.78
3472,Sherpur,2021,25.09107,90.03926,0.508,False,High,31.78
3473,Sylhet,2021,24.99225,92.11886,0.507,False,High,13.59
3474,Rangpur,2021,25.68096,89.3256,0.506,False,High,75.35
3475,Rangpur,2021,25.68146,89.33558,0.506,False,High,75.35
3476,Rangpur,2021,25.67198,89.4596,0.506,False,High,75.35
3477,Rangpur,2021,25.6892,89.42941,0.506,False,High,75.35
3478,Dinajpur,2021,25.8766,88.69728,0.506,False,High,39.31
3479,Rangpur,2021,25.81047,89.37601,0.506,False,High,75.35
3480,Kurigram,2021,25.78627,89.51749,0.505,False,High,35.15
3481,Kurigram,2021,25.78078,89.57863,0.505,False,High,35.15
3482,Kurigram,2021,25.82394,89.47532,0.505,False,High,35.15
3483,Nilphamari,2021,25.93449,89.0863,0.505,False,High,14.39
3484,Nilphamari,2021,25.95295,89.03165,0.505,False,High,14.39
3485,Nilphamari,2021,25.97341,89.06983,0.505,False,High,14.39
3486,Lalmonirhat,2021,25.95495,89.26372,0.505,False,High,33.32
3487,Lalmonirhat,2021,26.01758,89.28443,0.505,False,High,33.32
3488,Nilphamari,2021,26.12388,88.92685,0.505,False,High,14.39
3489,Lalmonirhat,2021,26.1164,89.15817,0.504,False,High,33.32
3490,Lalmonirhat,2021,26.15857,89.14694,0.504,False,High,33.32
3491,Kurigram,2021,26.14859,89.61182,0.504,False,High,35.15
3492,Patuakhali,2021,22.16425,90.42329,0.461,False,High,12.98
3493,Barguna,2021,22.18446,90.36546,0.461,False,High,63.87
3494,Bhola,2021,22.19765,90.66584,0.461,False,Low,-6.7
3495,Patuakhali,2021,22.2844,90.24363,0.461,False,High,12.98
3496,Patuakhali,2021,22.24397,90.54962,0.461,False,High,12.98
3497,Patuakhali,2021,22.41269,90.25598,0.461,False,High,12.98
3498,Satkhira,2021,22.78857,89.01855,0.46,False,High,10.7
3499,Noakhali,2021,22.53312,91.0858,0.46,False,High,17.85
3500,Noakhali,2021,22.53171,91.09394,0.46,False,High,17.85
3501,Khulna,2021,22.829,89.58056,0.46,False,High,22.68
3502,Khulna,2021,22.93511,89.49606,0.459,False,High,22.68
3503,Khulna,2021,22.93343,89.62744,0.459,False,High,22.68
3504,Barisal,2021,22.77257,90.40842,0.459,False,High,9.66
3505,Barisal,2021,22.79447,90.30342,0.459,False,High,9.66
3506,Khulna,2021,22.98761,89.45564,0.459,False,High,22.68
3507,Barisal,2021,22.7824,90.41543,0.459,False,High,9.66
3508,Khulna,2021,22.95532,89.61593,0.459,False,High,22.68
3509,Jessore,2021,23.12993,89.05561,0.459,False,High,7.75
3510,Barisal,2021,22.91911,90.2456,0.459,False,High,9.66
3511,Jessore,2021,23.24503,88.96185,0.459,False,High,7.75
3512,Noakhali,2021,22.79531,91.2416,0.459,False,High,17.85
3513,Narail,2021,23.16109,89.47052,0.459,False,Low,-8.78
3514,Narail,2021,23.18524,89.50168,0.459,False,Low,-8.78
3515,Jhenaidah,2021,23.29753,89.17239,0.458,False,High,15.44
3516,Jhenaidah,2021,23.30988,89.19794,0.458,False,High,15.44
3517,Magura,2021,23.26665,89.44048,0.458,False,High,12.28
3518,Noakhali,2021,22.95224,91.12707,0.458,False,High,17.85
3519,Narail,2021,23.25963,89.55586,0.458,False,Low,-8.78
3520,Faridpur,2021,23.35395,89.68106,0.458,False,High,8.19
3521,Jhenaidah,2021,23.49347,89.22236,0.458,False,High,15.44
3522,Faridpur,2021,23.35929,89.83237,0.458,False,High,8.19
3523,Faridpur,2021,23.41318,89.77258,0.458,False,High,8.19
3524,Chandpur,2021,23.25373,90.66949,0.458,False,High,15.78
3525,Faridpur,2021,23.45192,89.83686,0.457,False,High,8.19
3526,Comilla,2021,23.27563,91.01225,0.457,False,High,10.87
3527,Faridpur,2021,23.56927,89.80991,0.457,False,High,8.19
3528,Jhenaidah,2021,23.71665,89.32173,0.457,False,High,15.44
3529,Meherpur,2021,23.88564,88.80717,0.457,False,Low,-27.64
3530,Comilla,2021,23.49151,90.72479,0.457,False,High,10.87
3531,Munshiganj,2021,23.52463,90.56169,0.457,False,High,11.83
3532,Comilla,2021,23.49263,91.01759,0.457,False,High,10.87
3533,Narayanganj,2021,23.58527,90.53895,0.456,False,High,31.57
3534,Comilla,2021,23.54512,90.81097,0.456,False,High,10.87
3535,Narayanganj,2021,23.60239,90.5572,0.456,False,High,31.57
3536,Munshiganj,2021,23.65405,90.28012,0.456,False,High,11.83
3537,Dhaka,2021,23.72507,90.31072,0.456,False,Low,-5.31
3538,Pabna,2021,23.92494,89.4228,0.456,False,High,13.38
3539,Manikganj,2021,23.86234,89.99491,0.456,False,High,10.22
3540,Dhaka,2021,23.82866,90.20096,0.456,False,Low,-5.31
3541,Pabna,2021,24.03976,89.48764,0.456,False,High,13.38
3542,Tangail,2021,24.00888,89.90115,0.455,False,High,8.96
3543,Gazipur,2021,24.00018,90.29304,0.455,False,Medium,1.1
3544,Gazipur,2021,24.04706,90.30764,0.455,False,Medium,1.1
3545,Narsingdi,2021,24.13577,90.69981,0.455,False,Low,-4.09
3546,Gazipur,2021,24.32076,90.42666,0.454,False,Medium,1.1
3547,Tangail,2021,24.41031,89.95617,0.454,False,High,8.96
3548,Sirajganj,2021,24.56724,89.65074,0.454,False,High,48.62
3549,Tangail,2021,24.49004,90.15773,0.454,False,High,8.96
3550,Naogaon,2021,24.76908,88.93013,0.454,False,High,22.41
3551,Tangail,2021,24.54422,90.03028,0.453,False,High,8.96
3552,Kishoreganj,2021,24.46899,90.60352,0.453,False,High,12.02
3553,Tangail,2021,24.62226,89.8349,0.453,False,High,8.96
3554,Mymensingh,2021,24.51502,90.46035,0.453,False,Low,-5.83
3555,Bogra,2021,24.73567,89.37956,0.453,False,High,39.64
3556,Mymensingh,2021,24.50071,90.66275,0.453,False,Low,-5.83
3557,Mymensingh,2021,24.51166,90.60015,0.453,False,Low,-5.83
3558,Mymensingh,2021,24.53103,90.5252,0.453,False,Low,-5.83
3559,Mymensingh,2021,24.60514,90.22033,0.453,False,Low,-5.83
3560,Mymensingh,2021,24.58043,90.54597,0.453,False,Low,-5.83
3561,Mymensingh,2021,24.597,90.58162,0.453,False,Low,-5.83
3562,Bogra,2021,24.8721,89.42953,0.453,False,High,39.64
3563,Mymensingh,2021,24.63574,90.69588,0.453,False,Low,-5.83
3564,Mymensingh,2021,24.77189,90.34525,0.452,False,Low,-5.83
3565,Sylhet,2021,24.66409,91.67448,0.452,False,High,13.59
3566,Bogra,2021,25.04222,89.31724,0.452,False,High,39.64
3567,Sylhet,2021,24.70311,91.79322,0.452,False,High,13.59
3568,Mymensingh,2021,24.89653,90.28405,0.452,False,Low,-5.83
3569,Netrakona,2021,24.86958,90.61447,0.452,False,High,50.49
3570,Sunamganj,2021,24.76038,91.58212,0.452,False,High,31.03
3571,Sherpur,2021,24.9625,90.15183,0.452,False,High,31.78
3572,Sylhet,2021,24.78592,91.79154,0.452,False,High,13.59
3573,Sylhet,2021,24.78003,92.0004,0.452,False,High,13.59
3574,Sunamganj,2021,24.81568,91.58409,0.452,False,High,31.03
3575,Mymensingh,2021,24.96811,90.42835,0.452,False,Low,-5.83
3576,Netrakona,2021,24.9698,90.81238,0.451,False,High,50.49
3577,Jamalpur,2021,25.159,89.83349,0.451,False,High,16.99
3578,Sylhet,2021,24.89569,92.11437,0.451,False,High,13.59
3579,Sherpur,2021,25.13711,90.25205,0.451,False,High,31.78
3580,Dinajpur,2021,25.60648,88.5402,0.451,False,High,39.31
3581,Dinajpur,2021,25.56998,89.08144,0.45,False,High,39.31
3582,Thakurgaon,2021,25.82376,88.21821,0.45,False,High,14.28
3583,Rangpur,2021,25.60255,89.23499,0.45,False,High,75.35
3584,Rangpur,2021,25.65336,89.37676,0.45,False,High,75.35
3585,Rangpur,2021,25.74038,89.28861,0.45,False,High,75.35
3586,Thakurgaon,2021,25.96636,88.45374,0.45,False,High,14.28
3587,Dinajpur,2021,25.91359,88.69376,0.45,False,High,39.31
3588,Thakurgaon,2021,26.04637,88.24207,0.45,False,High,14.28
3589,Rangpur,2021,25.81618,89.3223,0.449,False,High,75.35
3590,Nilphamari,2021,25.92398,88.98655,0.449,False,High,14.39
3591,Nilphamari,2021,25.91808,89.04691,0.449,False,High,14.39
3592,Kurigram,2021,25.81702,89.6339,0.449,False,High,35.15
3593,Lalmonirhat,2021,25.95008,89.35935,0.449,False,High,33.32
3594,Kurigram,2021,25.9804,89.63362,0.449,False,High,35.15
3595,Lalmonirhat,2021,26.16231,89.1547,0.448,False,High,33.32
3596,Kurigram,2021,26.09774,89.67124,0.448,False,High,35.15
3597,Panchagarh,2021,26.53034,88.37991,0.448,False,High,16.31
3598,Barguna,2021,22.12085,90.12974,0.404,False,High,63.87
3599,Satkhira,2021,22.49975,89.01903,0.404,False,High,10.7
3600,Patuakhali,2021,22.1693,90.37164,0.404,False,High,12.98
3601,Patuakhali,2021,22.25849,90.18332,0.403,False,High,12.98
3602,Patuakhali,2021,22.3111,90.16663,0.403,False,High,12.98
3603,Pirojpur,2021,22.40607,89.97638,0.403,False,High,9.18
3604,Patuakhali,2021,22.3881,90.23336,0.403,False,High,12.98
3605,Patuakhali,2021,22.39933,90.25165,0.403,False,High,12.98
3606,Noakhali,2021,22.2649,91.08965,0.403,False,High,17.85
3607,Bandarban,2021,22.21903,92.1702,0.403,False,Medium,1.48
3608,Patuakhali,2021,22.43911,90.55419,0.403,False,High,12.98
3609,Khulna,2021,22.8209,89.44156,0.402,False,High,22.68
3610,Jessore,2021,22.95853,88.98118,0.402,False,High,7.75
3611,Chittagong,2021,22.442,92.06817,0.402,False,Low,-1.19
3612,Jessore,2021,22.93383,89.31452,0.402,False,High,7.75
3613,Khulna,2021,22.90046,89.45215,0.402,False,High,22.68
3614,Khulna,2021,22.90848,89.4252,0.402,False,High,22.68
3615,Lakshmipur,2021,22.59985,90.98474,0.402,False,Low,-1.16
3616,Khulna,2021,22.87191,89.6501,0.402,False,High,22.68
3617,Khulna,2021,22.8748,89.63983,0.402,False,High,22.68
3618,Bagerhat,2021,22.82924,89.93467,0.402,False,High,11.87
3619,Khulna,2021,22.90752,89.67641,0.402,False,High,22.68
3620,Bagerhat,2021,22.89308,89.75822,0.402,False,High,11.87
3621,Jessore,2021,23.06312,89.10052,0.402,False,High,7.75
3622,Barisal,2021,22.78785,90.27218,0.402,False,High,9.66
3623,Jessore,2021,23.01724,89.39504,0.402,False,High,7.75
3624,Bagerhat,2021,22.93575,89.76175,0.402,False,High,11.87
3625,Jessore,2021,23.109,89.09411,0.402,False,High,7.75
3626,Barisal,2021,22.88795,90.05434,0.402,False,High,9.66
3627,Gopalganj,2021,22.92773,89.94526,0.402,False,Low,-0.76
3628,Barisal,2021,22.89437,90.12749,0.402,False,High,9.66
3629,Barisal,2021,22.82154,90.57216,0.402,False,High,9.66
3630,Jessore,2021,23.18054,89.03668,0.402,False,High,7.75
3631,Gopalganj,2021,22.98773,89.88655,0.402,False,Low,-0.76
3632,Gopalganj,2021,22.99511,89.94237,0.402,False,Low,-0.76
3633,Barisal,2021,22.92773,90.26096,0.402,False,High,9.66
3634,Gopalganj,2021,23.06376,89.77554,0.401,False,Low,-0.76
3635,Barisal,2021,22.97137,90.26096,0.401,False,High,9.66
3636,Barisal,2021,22.96687,90.30202,0.401,False,High,9.66
3637,Jessore,2021,23.25851,89.09988,0.401,False,High,7.75
3638,Madaripur,2021,22.98452,90.26416,0.401,False,High,3.68
3639,Gopalganj,2021,23.09328,89.80249,0.401,False,Low,-0.76
3640,Gopalganj,2021,23.11381,89.81116,0.401,False,Low,-0.76
3641,Jessore,2021,23.25947,89.31644,0.401,False,High,7.75
3642,Gopalganj,2021,23.14397,89.86602,0.401,False,Low,-0.76
3643,Feni,2021,22.93255,91.29626,0.401,False,Low,-4.77
3644,Madaripur,2021,23.1414,90.05306,0.401,False,High,3.68
3645,Magura,2021,23.39454,89.33088,0.401,False,High,12.28
3646,Gopalganj,2021,23.2646,89.89008,0.401,False,Low,-0.76
3647,Faridpur,2021,23.32075,89.72774,0.401,False,High,8.19
3648,Chuadanga,2021,23.58543,88.72323,0.401,False,Low,-14.74
3649,Magura,2021,23.43079,89.30008,0.401,False,High,12.28
3650,Gopalganj,2021,23.27583,89.98472,0.401,False,Low,-0.76
3651,Noakhali,2021,23.10162,91.00784,0.401,False,High,17.85
3652,Faridpur,2021,23.35347,89.72325,0.401,False,High,8.19
3653,Faridpur,2021,23.40737,89.68603,0.4,False,High,8.19
3654,Shariatpur,2021,23.24824,90.5667,0.4,False,High,11.14
3655,Madaripur,2021,23.31625,90.18492,0.4,False,High,3.68
3656,Chandpur,2021,23.24086,90.66905,0.4,False,High,15.78
3657,Faridpur,2021,23.37336,89.98793,0.4,False,High,8.19
3658,Shariatpur,2021,23.37015,90.25358,0.4,False,High,11.14
3659,Faridpur,2021,23.4417,89.91607,0.4,False,High,8.19
3660,Faridpur,2021,23.49335,89.70336,0.4,False,High,8.19
3661,Chuadanga,2021,23.72659,88.89584,0.4,False,Low,-14.74
3662,Faridpur,2021,23.50265,89.84805,0.4,False,High,8.19
3663,Faridpur,2021,23.54436,89.74186,0.4,False,High,8.19
3664,Faridpur,2021,23.56105,89.68154,0.4,False,High,8.19
3665,Jhenaidah,2021,23.70349,89.25003,0.4,False,High,15.44
3666,Rajbari,2021,23.66403,89.45343,0.4,False,High,4.82
3667,Munshiganj,2021,23.47057,90.45891,0.4,False,High,11.83
3668,Jhenaidah,2021,23.72852,89.30489,0.4,False,High,15.44
3669,Meherpur,2021,23.9008,88.8105,0.4,False,Low,-27.64
3670,Munshiganj,2021,23.53217,90.41014,0.4,False,High,11.83
3671,Rajbari,2021,23.72916,89.47268,0.4,False,High,4.82
3672,Meherpur,2021,23.90978,88.84354,0.4,False,Low,-27.64
3673,Munshiganj,2021,23.54693,90.47495,0.4,False,High,11.83
3674,Kushtia,2021,23.84851,89.10405,0.4,False,High,18.8
3675,Faridpur,2021,23.68103,89.81116,0.4,False,High,8.19
3676,Munshiganj,2021,23.55527,90.54585,0.4,False,High,11.83
3677,Comilla,2021,23.52383,90.76658,0.4,False,High,10.87
3678,Comilla,2021,23.48308,91.09061,0.399,False,High,10.87
3679,Rajbari,2021,23.71633,89.77875,0.399,False,High,4.82
3680,Comilla,2021,23.53634,90.75631,0.399,False,High,10.87
3681,Munshiganj,2021,23.61976,90.37196,0.399,False,High,11.83
3682,Comilla,2021,23.55623,90.79289,0.399,False,High,10.87
3683,Kushtia,2021,24.00732,88.73735,0.399,False,High,18.8
3684,Dhaka,2021,23.67077,90.33731,0.399,False,Low,-5.31
3685,Narayanganj,2021,23.63451,90.55066,0.399,False,High,31.57
3686,Narayanganj,2021,23.63708,90.56799,0.399,False,High,31.57
3687,Narayanganj,2021,23.64221,90.55483,0.399,False,High,31.57
3688,Kushtia,2021,23.99095,89.02417,0.399,False,High,18.8
3689,Kushtia,2021,24.00603,88.96706,0.399,False,High,18.8
3690,Comilla,2021,23.57805,91.16184,0.399,False,High,10.87
3691,Kushtia,2021,24.03298,89.0123,0.399,False,High,18.8
3692,Manikganj,2021,23.80455,89.99884,0.399,False,High,10.22
3693,Pabna,2021,23.9701,89.379,0.399,False,High,13.38
3694,Dhaka,2021,23.84466,90.14065,0.399,False,Low,-5.31
3695,Manikganj,2021,23.91684,90.00879,0.399,False,High,10.22
3696,Manikganj,2021,23.9146,90.04825,0.399,False,High,10.22
3697,Natore,2021,24.1719,89.00428,0.399,False,High,9.57
3698,Natore,2021,24.18409,88.97476,0.399,False,High,9.57
3699,Manikganj,2021,23.98518,89.98151,0.399,False,High,10.22
3700,Narayanganj,2021,23.88476,90.57601,0.399,False,High,31.57
3701,Pabna,2021,24.15265,89.29847,0.398,False,High,13.38
3702,Rajshahi,2021,24.31435,88.74088,0.398,False,Low,-20.24
3703,Rajshahi,2021,24.30986,88.78066,0.398,False,Low,-20.24
3704,Natore,2021,24.28515,88.90578,0.398,False,High,9.57
3705,Natore,2021,24.23029,89.13164,0.398,False,High,9.57
3706,Natore,2021,24.34194,88.85413,0.398,False,High,9.57
3707,Gazipur,2021,24.02721,90.3957,0.398,False,Medium,1.1
3708,Gazipur,2021,24.08784,90.31293,0.398,False,Medium,1.1
3709,Rajshahi,2021,24.43498,88.84418,0.398,False,Low,-20.24
3710,Gazipur,2021,24.1565,90.53462,0.398,False,Medium,1.1
3711,Sirajganj,2021,24.3599,89.57278,0.398,False,High,48.62
3712,Gazipur,2021,24.22259,90.27668,0.398,False,Medium,1.1
3713,Gazipur,2021,24.2104,90.38191,0.398,False,Medium,1.1
3714,Habiganj,2021,24.0718,91.37422,0.398,False,Low,-1.01
3715,Habiganj,2021,24.10196,91.30428,0.398,False,Low,-1.01
3716,Narsingdi,2021,24.2027,90.78807,0.397,False,Low,-4.09
3717,Rajshahi,2021,24.61657,88.82461,0.397,False,Low,-20.24
3718,Mymensingh,2021,24.2951,90.26866,0.397,False,Low,-5.83
3719,Gazipur,2021,24.30248,90.4111,0.397,False,Medium,1.1
3720,Tangail,2021,24.41348,90.17369,0.397,False,High,8.96
3721,Tangail,2021,24.43049,90.18139,0.397,False,High,8.96
3722,Bogra,2021,24.57518,89.49931,0.397,False,High,39.64
3723,Sirajganj,2021,24.54406,89.64561,0.397,False,High,48.62
3724,Bogra,2021,24.67014,89.4637,0.397,False,High,39.64
3725,Kishoreganj,2021,24.45038,90.63632,0.397,False,High,12.02
3726,Mymensingh,2021,24.49433,90.45313,0.397,False,Low,-5.83
3727,Kishoreganj,2021,24.47989,90.636,0.397,False,High,12.02
3728,Mymensingh,2021,24.50716,90.5096,0.397,False,Low,-5.83
3729,Mymensingh,2021,24.57999,90.28823,0.397,False,Low,-5.83
3730,Mymensingh,2021,24.55946,90.59526,0.396,False,Low,-5.83
3731,Bogra,2021,24.81291,89.44702,0.396,False,High,39.64
3732,Mymensingh,2021,24.60277,90.68862,0.396,False,Low,-5.83
3733,Mymensingh,2021,24.66661,90.37613,0.396,False,Low,-5.83
3734,Mymensingh,2021,24.69838,90.21925,0.396,False,Low,-5.83
3735,Tangail,2021,24.76575,90.0229,0.396,False,High,8.96
3736,Mymensingh,2021,24.72148,90.34886,0.396,False,Low,-5.83
3737,Netrakona,2021,24.66533,90.74412,0.396,False,High,50.49
3738,Mymensingh,2021,24.73527,90.36972,0.396,False,Low,-5.83
3739,Netrakona,2021,24.66854,90.84807,0.396,False,High,50.49
3740,Mymensingh,2021,24.78468,90.16792,0.396,False,Low,-5.83
3741,Bogra,2021,24.9483,89.41365,0.396,False,High,39.64
3742,Joypurhat,2021,25.04551,89.02449,0.396,False,High,30.07
3743,Mymensingh,2021,24.7218,90.6899,0.396,False,Low,-5.83
3744,Maulvibazar,2021,24.59443,92.16635,0.396,False,Medium,1.33
3745,Maulvibazar,2021,24.61143,91.90327,0.396,False,Medium,1.33
3746,Jamalpur,2021,24.9313,89.91254,0.396,False,High,16.99
3747,Sylhet,2021,24.71249,91.75697,0.396,False,High,13.59
3748,Mymensingh,2021,24.86264,90.52403,0.396,False,Low,-5.83
3749,Sherpur,2021,24.9329,90.16759,0.395,False,High,31.78
3750,Sylhet,2021,24.7465,91.71751,0.395,False,High,13.59
3751,Jamalpur,2021,25.02145,89.84869,0.395,False,High,16.99
3752,Joypurhat,2021,25.221,88.99305,0.395,False,High,30.07
3753,Sylhet,2021,24.7712,92.05951,0.395,False,High,13.59
3754,Sherpur,2021,25.05449,89.95232,0.395,False,High,31.78
3755,Sylhet,2021,24.85205,91.86926,0.395,False,High,13.59
3756,Sylhet,2021,24.88381,91.80798,0.395,False,High,13.59
3757,Sylhet,2021,24.86649,92.07972,0.395,False,High,13.59
3758,Sylhet,2021,24.86424,92.19297,0.395,False,High,13.59
3759,Jamalpur,2021,25.1562,89.85254,0.395,False,High,16.99
3760,Mymensingh,2021,25.06797,90.36458,0.395,False,Low,-5.83
3761,Sylhet,2021,24.85815,92.35082,0.395,False,High,13.59
3762,Sylhet,2021,24.90691,92.30077,0.395,False,High,13.59
3763,Gaibandha,2021,25.31725,89.46691,0.395,False,High,42.66
3764,Dinajpur,2021,25.48504,88.93562,0.395,False,High,39.31
3765,Sunamganj,2021,25.05482,91.66072,0.394,False,High,31.03
3766,Dinajpur,2021,25.56365,89.09347,0.394,False,High,39.31
3767,Thakurgaon,2021,25.79272,88.32541,0.394,False,High,14.28
3768,Rangpur,2021,25.61787,89.3482,0.394,False,High,75.35
3769,Thakurgaon,2021,25.88223,88.30359,0.394,False,High,14.28
3770,Dinajpur,2021,25.86041,88.48646,0.394,False,High,39.31
3771,Rangpur,2021,25.66342,89.30874,0.394,False,High,75.35
3772,Thakurgaon,2021,25.91784,88.32444,0.394,False,High,14.28
3773,Thakurgaon,2021,25.91014,88.36487,0.394,False,High,14.28
3774,Rangpur,2021,25.70802,89.1756,0.394,False,High,75.35
3775,Rangpur,2021,25.69326,89.302,0.394,False,High,75.35
3776,Thakurgaon,2021,25.91303,88.49192,0.394,False,High,14.28
3777,Rangpur,2021,25.78887,89.12427,0.393,False,High,75.35
3778,Nilphamari,2021,25.86619,89.00011,0.393,False,High,14.39
3779,Rangpur,2021,25.86522,89.09796,0.393,False,High,75.35
3780,Dinajpur,2021,25.94158,88.77809,0.393,False,High,39.31
3781,Nilphamari,2021,25.92586,88.8721,0.393,False,High,14.39
3782,Dinajpur,2021,25.98489,88.69275,0.393,False,High,39.31
3783,Nilphamari,2021,25.89282,89.07807,0.393,False,High,14.39
3784,Rangpur,2021,25.85656,89.24586,0.393,False,High,75.35
3785,Nilphamari,2021,25.93837,88.9985,0.393,False,High,14.39
3786,Kurigram,2021,25.81325,89.70817,0.393,False,High,35.15
3787,Lalmonirhat,2021,25.88287,89.44349,0.393,False,High,33.32
3788,Lalmonirhat,2021,25.93131,89.33762,0.393,False,High,33.32
3789,Nilphamari,2021,26.02211,88.95872,0.393,False,High,14.39
3790,Kurigram,2021,25.8787,89.70464,0.393,False,High,35.15
3791,Nilphamari,2021,26.08018,88.83007,0.393,False,High,14.39
3792,Lalmonirhat,2021,26.0128,89.27153,0.393,False,High,33.32
3793,Nilphamari,2021,26.0898,88.98888,0.393,False,High,14.39
3794,Lalmonirhat,2021,26.05195,89.16629,0.393,False,High,33.32
3795,Lalmonirhat,2021,26.06959,89.17303,0.392,False,High,33.32
3796,Nilphamari,2021,26.13215,88.92984,0.392,False,High,14.39
3797,Lalmonirhat,2021,26.0805,89.16822,0.392,False,High,33.32
3798,Lalmonirhat,2021,26.10199,89.17945,0.392,False,High,33.32
3799,Nilphamari,2021,26.15621,88.9677,0.392,False,High,14.39
3800,Nilphamari,2021,26.19022,88.87434,0.392,False,High,14.39
3801,Kurigram,2021,26.04713,89.6639,0.392,False,High,35.15
3802,Kurigram,2021,26.05997,89.67288,0.392,False,High,35.15
3803,Lalmonirhat,2021,26.34743,88.95294,0.392,False,High,33.32
3804,Barguna,2021,22.22395,90.04263,0.346,False,High,63.87
3805,Bhola,2021,22.11278,90.73097,0.346,False,Low,-6.7
3806,Bhola,2021,22.14085,90.72011,0.346,False,Low,-6.7
3807,Patuakhali,2021,22.26736,90.16166,0.346,False,High,12.98
3808,Bhola,2021,22.17192,90.67969,0.346,False,Low,-6.7
3809,Pirojpur,2021,22.32051,90.0082,0.346,False,High,9.18
3810,Patuakhali,2021,22.36805,90.23839,0.346,False,High,12.98
3811,Bhola,2021,22.31378,90.79123,0.345,False,Low,-6.7
3812,Noakhali,2021,22.29095,91.09965,0.345,False,High,17.85
3813,Patuakhali,2021,22.42906,90.36153,0.345,False,High,12.98
3814,Barguna,2021,22.45489,90.22791,0.345,False,High,63.87
3815,Satkhira,2021,22.73524,89.08443,0.345,False,High,10.7
3816,Bagerhat,2021,22.61958,89.60134,0.345,False,High,11.87
3817,Bagerhat,2021,22.59899,89.6863,0.345,False,High,11.87
3818,Pirojpur,2021,22.5552,89.98986,0.345,False,High,9.18
3819,Bagerhat,2021,22.6207,89.91911,0.345,False,High,11.87
3820,Satkhira,2021,22.84603,89.07432,0.345,False,High,10.7
3821,Satkhira,2021,22.86325,89.10913,0.345,False,High,10.7
3822,Pirojpur,2021,22.63755,90.05236,0.345,False,High,9.18
3823,Satkhira,2021,22.88009,89.08256,0.345,False,High,10.7
3824,Satkhira,2021,22.92426,89.0077,0.345,False,High,10.7
3825,Chittagong,2021,22.42719,91.85049,0.345,False,Low,-1.19
3826,Bagerhat,2021,22.78053,89.78586,0.345,False,High,11.87
3827,Jessore,2021,22.99575,88.97588,0.345,False,High,7.75
3828,Khulna,2021,22.8479,89.58112,0.345,False,High,22.68
3829,Chittagong,2021,22.45451,92.06833,0.345,False,Low,-1.19
3830,Khulna,2021,22.89843,89.48717,0.345,False,High,22.68
3831,Khulna,2021,22.93212,89.37039,0.345,False,High,22.68
3832,Khulna,2021,22.91602,89.43477,0.345,False,High,22.68
3833,Barisal,2021,22.72887,90.4203,0.345,False,High,9.66
3834,Bhola,2021,22.69332,90.63814,0.345,False,Low,-6.7
3835,Barisal,2021,22.7678,90.37014,0.344,False,High,9.66
3836,Chittagong,2021,22.56942,91.80595,0.344,False,Low,-1.19
3837,Lakshmipur,2021,22.70567,90.85898,0.344,False,Low,-1.16
3838,Barisal,2021,22.84528,90.28518,0.344,False,High,9.66
3839,Jessore,2021,23.10954,89.16378,0.344,False,High,7.75
3840,Narail,2021,22.9935,89.64588,0.344,False,Low,-8.78
3841,Narail,2021,22.97554,89.7417,0.344,False,Low,-8.78
3842,Barisal,2021,22.90442,90.09503,0.344,False,High,9.66
3843,Gopalganj,2021,22.9789,89.81132,0.344,False,Low,-0.76
3844,Jessore,2021,23.10242,89.32286,0.344,False,High,7.75
3845,Chittagong,2021,22.67423,91.7936,0.344,False,Low,-1.19
3846,Jessore,2021,23.20199,89.0309,0.344,False,High,7.75
3847,Barisal,2021,22.91752,90.26309,0.344,False,High,9.66
3848,Barisal,2021,22.91977,90.31624,0.344,False,High,9.66
3849,Jessore,2021,23.14659,89.34868,0.344,False,High,7.75
3850,Jessore,2021,23.24578,88.98861,0.344,False,High,7.75
3851,Feni,2021,22.76668,91.42155,0.344,False,Low,-4.77
3852,Jessore,2021,23.25289,88.99273,0.344,False,High,7.75
3853,Gopalganj,2021,23.05189,89.78512,0.344,False,Low,-0.76
3854,Gopalganj,2021,23.0605,89.89104,0.344,False,Low,-0.76
3855,Noakhali,2021,22.84753,91.0974,0.344,False,High,17.85
3856,Narail,2021,23.18589,89.44638,0.344,False,Low,-8.78
3857,Narail,2021,23.16381,89.65074,0.344,False,Low,-8.78
3858,Madaripur,2021,23.03018,90.29117,0.344,False,High,3.68
3859,Jhenaidah,2021,23.32363,89.06721,0.344,False,High,15.44
3860,Gopalganj,2021,23.1406,89.81019,0.344,False,Low,-0.76
3861,Gopalganj,2021,23.10879,89.98274,0.344,False,Low,-0.76
3862,Noakhali,2021,22.93249,91.03115,0.344,False,High,17.85
3863,Barisal,2021,23.04965,90.33908,0.344,False,High,9.66
3864,Narail,2021,23.20573,89.61706,0.344,False,Low,-8.78
3865,Gopalganj,2021,23.14622,89.87495,0.344,False,Low,-0.76
3866,Gopalganj,2021,23.20685,89.68855,0.344,False,Low,-0.76
3867,Madaripur,2021,23.08034,90.31961,0.344,False,High,3.68
3868,Madaripur,2021,23.12975,90.07482,0.344,False,High,3.68
3869,Gopalganj,2021,23.17354,89.87532,0.344,False,Low,-0.76
3870,Magura,2021,23.28882,89.40034,0.344,False,High,12.28
3871,Madaripur,2021,23.15071,89.99697,0.344,False,High,3.68
3872,Gopalganj,2021,23.19824,89.81169,0.344,False,Low,-0.76
3873,Narail,2021,23.26038,89.56653,0.344,False,Low,-8.78
3874,Gopalganj,2021,23.23829,89.79597,0.344,False,Low,-0.76
3875,Magura,2021,23.38577,89.28505,0.344,False,High,12.28
3876,Noakhali,2021,23.03131,91.08281,0.344,False,High,17.85
3877,Shariatpur,2021,23.13312,90.49815,0.344,False,High,11.14
3878,Magura,2021,23.33224,89.60283,0.343,False,High,12.28
3879,Jhenaidah,2021,23.44341,89.17576,0.343,False,High,15.44
3880,Noakhali,2021,23.05788,91.10901,0.343,False,High,17.85
3881,Khagrachhari,2021,22.98901,91.78761,0.343,False,Low,0.68
3882,Gopalganj,2021,23.29406,89.84313,0.343,False,Low,-0.76
3883,Noakhali,2021,23.06874,91.10938,0.343,False,High,17.85
3884,Shariatpur,2021,23.17129,90.49703,0.343,False,High,11.14
3885,Noakhali,2021,23.09344,91.00944,0.343,False,High,17.85
3886,Feni,2021,23.04403,91.52747,0.343,False,Low,-4.77
3887,Madaripur,2021,23.25177,90.18636,0.343,False,High,3.68
3888,Jhenaidah,2021,23.52014,89.06871,0.343,False,High,15.44
3889,Gopalganj,2021,23.31839,89.97488,0.343,False,Low,-0.76
3890,Faridpur,2021,23.34759,89.86596,0.343,False,High,8.19
3891,Jhenaidah,2021,23.54746,89.06721,0.343,False,High,15.44
3892,Shariatpur,2021,23.21509,90.59285,0.343,False,High,11.14
3893,Shariatpur,2021,23.22332,90.58911,0.343,False,High,11.14
3894,Faridpur,2021,23.37641,89.82591,0.343,False,High,8.19
3895,Comilla,2021,23.16381,91.10302,0.343,False,High,10.87
3896,Shariatpur,2021,23.25851,90.53221,0.343,False,High,11.14
3897,Comilla,2021,23.17279,91.14157,0.343,False,High,10.87
3898,Magura,2021,23.48982,89.47969,0.343,False,High,12.28
3899,Comilla,2021,23.18439,91.09815,0.343,False,High,10.87
3900,Meherpur,2021,23.70205,88.74008,0.343,False,Low,-27.64
3901,Faridpur,2021,23.46287,89.74469,0.343,False,High,8.19
3902,Chuadanga,2021,23.71066,88.91562,0.343,False,Low,-14.74
3903,Shariatpur,2021,23.39101,90.3024,0.343,False,High,11.14
3904,Comilla,2021,23.27273,91.07345,0.343,False,High,10.87
3905,Jhenaidah,2021,23.62869,89.28393,0.343,False,High,15.44
3906,Chandpur,2021,23.33337,90.69167,0.343,False,High,15.78
3907,Shariatpur,2021,23.3824,90.46334,0.343,False,High,11.14
3908,Faridpur,2021,23.46362,90.07258,0.343,False,High,8.19
3909,Faridpur,2021,23.50255,89.89965,0.343,False,High,8.19
3910,Meherpur,2021,23.84316,88.62329,0.343,False,Low,-27.64
3911,Faridpur,2021,23.52276,89.96665,0.343,False,High,8.19
3912,Faridpur,2021,23.52613,89.97713,0.343,False,High,8.19
3913,Rajbari,2021,23.65302,89.45948,0.343,False,High,4.82
3914,Jhenaidah,2021,23.71515,89.22067,0.343,False,High,15.44
3915,Faridpur,2021,23.5542,89.94307,0.343,False,High,8.19
3916,Chuadanga,2021,23.78365,89.00545,0.343,False,Low,-14.74
3917,Dhaka,2021,23.53698,90.17289,0.343,False,Low,-5.31
3918,Munshiganj,2021,23.47111,90.55654,0.343,False,High,11.83
3919,Chandpur,2021,23.43929,90.77214,0.343,False,High,15.78
3920,Comilla,2021,23.46998,90.86721,0.343,False,High,10.87
3921,Munshiganj,2021,23.5164,90.63365,0.343,False,High,11.83
3922,Dhaka,2021,23.59762,90.19684,0.342,False,Low,-5.31
3923,Kushtia,2021,23.8877,88.99946,0.342,False,High,18.8
3924,Comilla,2021,23.46998,91.09329,0.342,False,High,10.87
3925,Comilla,2021,23.47897,91.03265,0.342,False,High,10.87
3926,Comilla,2021,23.48683,91.03677,0.342,False,High,10.87
3927,Comilla,2021,23.47298,91.22055,0.342,False,High,10.87
3928,Munshiganj,2021,23.60398,90.37463,0.342,False,High,11.83
3929,Kushtia,2021,23.96181,88.84525,0.342,False,High,18.8
3930,Comilla,2021,23.53885,90.82379,0.342,False,High,10.87
3931,Kushtia,2021,24.0086,88.79622,0.342,False,High,18.8
3932,Kushtia,2021,24.01234,88.78574,0.342,False,High,18.8
3933,Kushtia,2021,23.89332,89.27083,0.342,False,High,18.8
3934,Comilla,2021,23.57741,90.85935,0.342,False,High,10.87
3935,Kushtia,2021,23.96331,89.04213,0.342,False,High,18.8
3936,Narayanganj,2021,23.63655,90.55954,0.342,False,High,31.57
3937,Dhaka,2021,23.68708,90.32635,0.342,False,Low,-5.31
3938,Dhaka,2021,23.68109,90.36266,0.342,False,Low,-5.31
3939,Kushtia,2021,24.0101,88.92124,0.342,False,High,18.8
3940,Dhaka,2021,23.7129,90.27208,0.342,False,Low,-5.31
3941,Comilla,2021,23.64066,90.73471,0.342,False,High,10.87
3942,Kushtia,2021,24.02469,89.00845,0.342,False,High,18.8
3943,Narayanganj,2021,23.69793,90.55991,0.342,False,High,31.57
3944,Narayanganj,2021,23.70018,90.71113,0.342,False,High,31.57
3945,Manikganj,2021,23.79263,90.2324,0.342,False,High,10.22
3946,Manikganj,2021,23.80535,90.20545,0.342,False,High,10.22
3947,Manikganj,2021,23.85289,90.09354,0.342,False,High,10.22
3948,Dhaka,2021,23.84391,90.19347,0.342,False,Low,-5.31
3949,Manikganj,2021,23.86637,90.09653,0.342,False,High,10.22
3950,Pabna,2021,24.08009,89.23377,0.342,False,High,13.38
3951,Pabna,2021,24.06699,89.48643,0.342,False,High,13.38
3952,Pabna,2021,24.13998,89.23939,0.342,False,High,13.38
3953,Pabna,2021,24.08234,89.61518,0.342,False,High,13.38
3954,Natore,2021,24.22681,89.04887,0.342,False,High,9.57
3955,Gazipur,2021,23.93898,90.46634,0.341,False,Medium,1.1
3956,Rajshahi,2021,24.39375,88.58848,0.341,False,Low,-20.24
3957,Rajshahi,2021,24.33312,88.81194,0.341,False,Low,-20.24
3958,Rajshahi,2021,24.43455,88.49154,0.341,False,Low,-20.24
3959,Rajshahi,2021,24.43118,88.52598,0.341,False,Low,-20.24
3960,Sirajganj,2021,24.14222,89.66646,0.341,False,High,48.62
3961,Rajshahi,2021,24.41696,88.59148,0.341,False,Low,-20.24
3962,Sirajganj,2021,24.16842,89.58412,0.341,False,High,48.62
3963,Natore,2021,24.33648,88.90701,0.341,False,High,9.57
3964,Sirajganj,2021,24.16655,89.61444,0.341,False,High,48.62
3965,Gazipur,2021,24.03779,90.42741,0.341,False,Medium,1.1
3966,Rajshahi,2021,24.44466,88.71837,0.341,False,Low,-20.24
3967,Tangail,2021,24.10517,90.20208,0.341,False,High,8.96
3968,Rajshahi,2021,24.48171,88.78349,0.341,False,Low,-20.24
3969,Tangail,2021,24.17778,90.13471,0.341,False,High,8.96
3970,Sirajganj,2021,24.27547,89.6893,0.341,False,High,48.62
3971,Natore,2021,24.49294,88.916,0.341,False,High,9.57
3972,Narsingdi,2021,24.14522,90.69279,0.341,False,Low,-4.09
3973,Tangail,2021,24.29082,89.92548,0.341,False,High,8.96
3974,Brahamanbaria,2021,24.08308,91.27482,0.341,False,High,11.9
3975,Gazipur,2021,24.19987,90.48954,0.341,False,Medium,1.1
3976,Sirajganj,2021,24.37653,89.60059,0.341,False,High,48.62
3977,Sirajganj,2021,24.35744,89.69603,0.341,False,High,48.62
3978,Rajshahi,2021,24.61721,88.66971,0.341,False,Low,-20.24
3979,Gazipur,2021,24.22906,90.59098,0.341,False,Medium,1.1
3980,Sirajganj,2021,24.46113,89.58636,0.341,False,High,48.62
3981,Mymensingh,2021,24.33723,90.41656,0.34,False,Low,-5.83
3982,Tangail,2021,24.41621,90.00109,0.34,False,High,8.96
3983,Sirajganj,2021,24.49594,89.63165,0.34,False,High,48.62
3984,Tangail,2021,24.46936,90.16316,0.34,False,High,8.96
3985,Tangail,2021,24.52663,89.89965,0.34,False,High,8.96
3986,Mymensingh,2021,24.42594,90.44126,0.34,False,Low,-5.83
3987,Tangail,2021,24.4761,90.18898,0.34,False,High,8.96
3988,Kishoreganj,2021,24.39637,90.69316,0.34,False,High,12.02
3989,Tangail,2021,24.54048,90.01943,0.34,False,High,8.96
3990,Bogra,2021,24.66474,89.48493,0.34,False,High,39.64
3991,Mymensingh,2021,24.55657,90.18112,0.34,False,Low,-5.83
3992,Mymensingh,2021,24.52476,90.3926,0.34,False,Low,-5.83
3993,Sirajganj,2021,24.67073,89.72186,0.34,False,High,48.62
3994,Jamalpur,2021,24.65202,89.81356,0.34,False,High,16.99
3995,Sirajganj,2021,24.67747,89.72448,0.34,False,High,48.62
3996,Tangail,2021,24.64827,89.86784,0.34,False,High,8.96
3997,Mymensingh,2021,24.57903,90.31362,0.34,False,Low,-5.83
3998,Bogra,2021,24.73623,89.56727,0.34,False,High,39.64
3999,Tangail,2021,24.67522,89.90227,0.34,False,High,8.96
4000,Bogra,2021,24.74297,89.58,0.34,False,High,39.64
4001,Mymensingh,2021,24.62582,90.26497,0.34,False,Low,-5.83
4002,Naogaon,2021,24.93124,88.93958,0.34,False,High,22.41
4003,Mymensingh,2021,24.65763,90.22716,0.34,False,Low,-5.83
4004,Naogaon,2021,25.01583,88.73446,0.34,False,High,22.41
4005,Habiganj,2021,24.52026,91.40732,0.34,False,Low,-1.01
4006,Tangail,2021,24.75195,89.93933,0.34,False,High,8.96
4007,Bogra,2021,24.87472,89.3921,0.34,False,High,39.64
4008,Bogra,2021,24.89531,89.32061,0.34,False,High,39.64
4009,Joypurhat,2021,24.97391,89.02903,0.34,False,High,30.07
4010,Mymensingh,2021,24.64378,90.6621,0.34,False,Low,-5.83
4011,Mymensingh,2021,24.7411,90.10963,0.34,False,Low,-5.83
4012,Naogaon,2021,25.13711,88.45037,0.34,False,High,22.41
4013,Jamalpur,2021,24.79762,89.86784,0.34,False,High,16.99
4014,Tangail,2021,24.76506,90.05798,0.339,False,High,8.96
4015,Mymensingh,2021,24.71677,90.3256,0.339,False,Low,-5.83
4016,Jamalpur,2021,24.81521,89.8087,0.339,False,High,16.99
4017,Mymensingh,2021,24.7426,90.21069,0.339,False,Low,-5.83
4018,Mymensingh,2021,24.72987,90.31475,0.339,False,Low,-5.83
4019,Mymensingh,2021,24.72051,90.4349,0.339,False,Low,-5.83
4020,Maulvibazar,2021,24.54085,92.05561,0.339,False,Medium,1.33
4021,Jamalpur,2021,24.85114,89.75592,0.339,False,High,16.99
4022,Joypurhat,2021,25.06375,88.97513,0.339,False,High,30.07
4023,Mymensingh,2021,24.77816,90.40046,0.339,False,Low,-5.83
4024,Mymensingh,2021,24.82494,90.35367,0.339,False,Low,-5.83
4025,Mymensingh,2021,24.77516,90.70701,0.339,False,Low,-5.83
4026,Mymensingh,2021,24.8227,90.40832,0.339,False,Low,-5.83
4027,Sunamganj,2021,24.69356,91.48667,0.339,False,High,31.03
4028,Sylhet,2021,24.69094,91.70414,0.339,False,High,13.59
4029,Sylhet,2021,24.70255,91.76627,0.339,False,High,13.59
4030,Sunamganj,2021,24.76206,91.36128,0.339,False,High,31.03
4031,Maulvibazar,2021,24.70479,92.111,0.339,False,Medium,1.33
4032,Sherpur,2021,24.93574,90.21893,0.339,False,High,31.78
4033,Sherpur,2021,24.97054,90.01568,0.339,False,High,31.78
4034,Netrakona,2021,24.90317,90.55205,0.339,False,High,50.49
4035,Joypurhat,2021,25.22282,88.98187,0.339,False,High,30.07
4036,Sylhet,2021,24.74634,92.07994,0.339,False,High,13.59
4037,Sunamganj,2021,24.81821,91.57538,0.339,False,High,31.03
4038,Sunamganj,2021,24.82532,91.51961,0.339,False,High,31.03
4039,Mymensingh,2021,24.96231,90.48206,0.339,False,Low,-5.83
4040,Sylhet,2021,24.80847,92.12972,0.339,False,High,13.59
4041,Netrakona,2021,24.98552,90.50526,0.339,False,High,50.49
4042,Sunamganj,2021,24.86013,91.59035,0.339,False,High,31.03
4043,Gaibandha,2021,25.23742,89.34943,0.339,False,High,42.66
4044,Sylhet,2021,24.87547,91.76665,0.339,False,High,13.59
4045,Sylhet,2021,24.87285,92.17164,0.339,False,High,13.59
4046,Jamalpur,2021,25.17865,89.83452,0.338,False,High,16.99
4047,Sylhet,2021,24.88221,92.39547,0.338,False,High,13.59
4048,Sylhet,2021,24.8897,92.33558,0.338,False,High,13.59
4049,Sunamganj,2021,24.94472,91.58661,0.338,False,High,31.03
4050,Gaibandha,2021,25.2902,89.45049,0.338,False,High,42.66
4051,Rangpur,2021,25.34821,89.24051,0.338,False,High,75.35
4052,Sylhet,2021,24.94472,92.37039,0.338,False,High,13.59
4053,Sylhet,2021,24.96006,92.18586,0.338,False,High,13.59
4054,Sherpur,2021,25.19101,90.2354,0.338,False,High,31.78
4055,Gaibandha,2021,25.36431,89.46734,0.338,False,High,42.66
4056,Dinajpur,2021,25.46911,89.00321,0.338,False,High,39.31
4057,Dinajpur,2021,25.64765,88.55517,0.338,False,High,39.31
4058,Thakurgaon,2021,25.84341,88.13296,0.338,False,High,14.28
4059,Thakurgaon,2021,25.8232,88.2737,0.338,False,High,14.28
4060,Rangpur,2021,25.61321,89.09603,0.338,False,High,75.35
4061,Thakurgaon,2021,25.85351,88.2314,0.338,False,High,14.28
4062,Rangpur,2021,25.61583,89.29479,0.338,False,High,75.35
4063,Dinajpur,2021,25.86287,88.47358,0.337,False,High,39.31
4064,Thakurgaon,2021,25.89843,88.40321,0.337,False,High,14.28
4065,Dinajpur,2021,25.8464,88.76964,0.337,False,High,39.31
4066,Dinajpur,2021,25.91714,88.60383,0.337,False,High,39.31
4067,Rangpur,2021,25.7693,89.25698,0.337,False,High,75.35
4068,Thakurgaon,2021,26.03318,88.23515,0.337,False,High,14.28
4069,Rangpur,2021,25.77192,89.28767,0.337,False,High,75.35
4070,Dinajpur,2021,25.94971,88.60421,0.337,False,High,39.31
4071,Dinajpur,2021,25.96094,88.5911,0.337,False,High,39.31
4072,Rangpur,2021,25.77117,89.39622,0.337,False,High,75.35
4073,Rangpur,2021,25.84004,89.11774,0.337,False,High,75.35
4074,Rangpur,2021,25.78277,89.37938,0.337,False,High,75.35
4075,Kurigram,2021,25.74646,89.55118,0.337,False,High,35.15
4076,Kurigram,2021,25.74085,89.58487,0.337,False,High,35.15
4077,Thakurgaon,2021,26.0897,88.22729,0.337,False,High,14.28
4078,Nilphamari,2021,25.88645,89.05598,0.337,False,High,14.39
4079,Rangpur,2021,25.8479,89.22591,0.337,False,High,75.35
4080,Kurigram,2021,25.8101,89.49316,0.337,False,High,35.15
4081,Thakurgaon,2021,26.03991,88.54806,0.337,False,High,14.28
4082,Kurigram,2021,25.80224,89.61032,0.337,False,High,35.15
4083,Nilphamari,2021,25.92126,89.11812,0.337,False,High,14.39
4084,Kurigram,2021,25.83854,89.61406,0.337,False,High,35.15
4085,Lalmonirhat,2021,25.97067,89.21993,0.337,False,High,33.32
4086,Thakurgaon,2021,26.1421,88.59709,0.337,False,High,14.28
4087,Kurigram,2021,25.89431,89.70614,0.337,False,High,35.15
4088,Lalmonirhat,2021,26.0051,89.28805,0.337,False,High,33.32
4089,Kurigram,2021,25.92987,89.65187,0.337,False,High,35.15
4090,Lalmonirhat,2021,26.00623,89.41119,0.336,False,High,33.32
4091,Panchagarh,2021,26.23043,88.47994,0.336,False,High,16.31
4092,Lalmonirhat,2021,26.0343,89.29404,0.336,False,High,33.32
4093,Kurigram,2021,26.04515,89.64812,0.336,False,High,35.15
4094,Panchagarh,2021,26.51902,88.40695,0.336,False,High,16.31
4095,Cox's Bazar,2021,21.60111,92.05688,0.289,False,Medium,1.81
4096,Barguna,2021,22.06959,89.9144,0.289,False,High,63.87
4097,Barguna,2021,22.10148,89.93865,0.289,False,High,63.87
4098,Barguna,2021,22.10192,90.00468,0.289,False,High,63.87
4099,Barguna,2021,22.12798,90.12685,0.288,False,High,63.87
4100,Pirojpur,2021,22.17828,89.92697,0.288,False,High,9.18
4101,Barguna,2021,22.15178,90.10709,0.288,False,High,63.87
4102,Barguna,2021,22.18232,90.19692,0.288,False,High,63.87
4103,Barguna,2021,22.18277,90.20455,0.288,False,High,63.87
4104,Rangamati,2021,21.90609,92.58734,0.288,False,Medium,1.49
4105,Patuakhali,2021,22.15897,90.41386,0.288,False,High,12.98
4106,Bhola,2021,22.14415,90.67168,0.288,False,Low,-6.7
4107,Barguna,2021,22.24251,90.17221,0.288,False,High,63.87
4108,Bhola,2021,22.15717,90.75881,0.288,False,Low,-6.7
4109,Bhola,2021,22.17693,90.65191,0.288,False,Low,-6.7
4110,Bhola,2021,22.15897,90.77813,0.288,False,Low,-6.7
4111,Barguna,2021,22.25419,90.27911,0.288,False,High,63.87
4112,Patuakhali,2021,22.30764,90.29843,0.288,False,High,12.98
4113,Pirojpur,2021,22.39478,89.93775,0.288,False,High,9.18
4114,Pirojpur,2021,22.42442,89.89419,0.288,False,High,9.18
4115,Patuakhali,2021,22.35839,90.20186,0.288,False,High,12.98
4116,Patuakhali,2021,22.34402,90.28989,0.288,False,High,12.98
4117,Patuakhali,2021,22.35884,90.24138,0.288,False,High,12.98
4118,Bhola,2021,22.2726,90.78711,0.288,False,Low,-6.7
4119,Patuakhali,2021,22.38265,90.28316,0.288,False,High,12.98
4120,Patuakhali,2021,22.36783,90.38332,0.288,False,High,12.98
4121,Patuakhali,2021,22.37636,90.35412,0.288,False,High,12.98
4122,Pirojpur,2021,22.46305,89.96875,0.288,False,High,9.18
4123,Satkhira,2021,22.7303,88.97566,0.288,False,High,10.7
4124,Patuakhali,2021,22.41274,90.32628,0.288,False,High,12.98
4125,Satkhira,2021,22.74197,88.98734,0.288,False,High,10.7
4126,Patuakhali,2021,22.43789,90.27327,0.288,False,High,12.98
4127,Patuakhali,2021,22.42936,90.33122,0.288,False,High,12.98
4128,Patuakhali,2021,22.44867,90.28989,0.288,False,High,12.98
4129,Patuakhali,2021,22.45047,90.27687,0.288,False,High,12.98
4130,Patuakhali,2021,22.43071,90.41296,0.288,False,High,12.98
4131,Patuakhali,2021,22.45586,90.3146,0.288,False,High,12.98
4132,Barisal,2021,22.47607,90.25082,0.288,False,High,9.66
4133,Patuakhali,2021,22.42128,90.54636,0.288,False,High,12.98
4134,Bhola,2021,22.40556,90.6856,0.288,False,Low,-6.7
4135,Chittagong,2021,22.29102,91.84039,0.288,False,Low,-1.19
4136,Satkhira,2021,22.77746,89.26042,0.288,False,High,10.7
4137,Satkhira,2021,22.8619,89.03719,0.288,False,High,10.7
4138,Jhalokati,2021,22.60049,90.17401,0.288,False,High,15.14
4139,Khulna,2021,22.78375,89.40775,0.287,False,High,22.68
4140,Barisal,2021,22.53896,90.51357,0.287,False,High,9.66
4141,Chittagong,2021,22.37411,91.76403,0.287,False,Low,-1.19
4142,Barisal,2021,22.5668,90.40757,0.287,False,High,9.66
4143,Jhalokati,2021,22.64361,90.14706,0.287,False,High,15.14
4144,Jessore,2021,22.86684,89.27076,0.287,False,High,7.75
4145,Noakhali,2021,22.51245,91.10377,0.287,False,High,17.85
4146,Satkhira,2021,22.93107,89.10816,0.287,False,High,10.7
4147,Chittagong,2021,22.42801,91.93875,0.287,False,Low,-1.19
4148,Jessore,2021,22.95757,89.06953,0.287,False,High,7.75
4149,Khulna,2021,22.82956,89.56765,0.287,False,High,22.68
4150,Jessore,2021,22.91265,89.25998,0.287,False,High,7.75
4151,Chittagong,2021,22.44418,92.04969,0.287,False,Low,-1.19
4152,Noakhali,2021,22.54749,91.10422,0.287,False,High,17.85
4153,Chittagong,2021,22.45811,92.0982,0.287,False,Low,-1.19
4154,Chittagong,2021,22.4891,91.73304,0.287,False,Low,-1.19
4155,Khulna,2021,22.88975,89.46479,0.287,False,High,22.68
4156,Khulna,2021,22.90098,89.41628,0.287,False,High,22.68
4157,Khulna,2021,22.9131,89.39203,0.287,False,High,22.68
4158,Chittagong,2021,22.50078,91.7784,0.287,False,Low,-1.19
4159,Jessore,2021,23.02764,89.00216,0.287,False,High,7.75
4160,Barisal,2021,22.72356,90.35457,0.287,False,High,9.66
4161,Bagerhat,2021,22.85247,89.75899,0.287,False,High,11.87
4162,Jessore,2021,23.01596,89.14095,0.287,False,High,7.75
4163,Chittagong,2021,22.52997,91.79188,0.287,False,Low,-1.19
4164,Jessore,2021,23.05459,89.02821,0.287,False,High,7.75
4165,Chittagong,2021,22.53357,91.92303,0.287,False,Low,-1.19
4166,Bagerhat,2021,22.87672,89.75585,0.287,False,High,11.87
4167,Khulna,2021,22.89648,89.67859,0.287,False,High,22.68
4168,Khulna,2021,22.90322,89.70913,0.287,False,High,22.68
4169,Khulna,2021,22.92703,89.62289,0.287,False,High,22.68
4170,Bagerhat,2021,22.8875,89.85466,0.287,False,High,11.87
4171,Chittagong,2021,22.59061,91.75235,0.287,False,Low,-1.19
4172,Barisal,2021,22.80306,90.30022,0.287,False,High,9.66
4173,Jessore,2021,23.09995,89.0583,0.287,False,High,7.75
4174,Jessore,2021,23.01731,89.3781,0.287,False,High,7.75
4175,Barisal,2021,22.81653,90.32089,0.287,False,High,9.66
4176,Gopalganj,2021,22.89244,90.01546,0.287,False,Low,-0.76
4177,Gopalganj,2021,22.9167,89.91485,0.287,False,Low,-0.76
4178,Barisal,2021,22.82237,90.37568,0.287,False,High,9.66
4179,Jessore,2021,23.12196,89.11041,0.287,False,High,7.75
4180,Barisal,2021,22.83809,90.32942,0.287,False,High,9.66
4181,Jessore,2021,23.1278,89.11669,0.287,False,High,7.75
4182,Noakhali,2021,22.7029,91.19899,0.287,False,High,17.85
4183,Barisal,2021,22.85202,90.3119,0.287,False,High,9.66
4184,Chittagong,2021,22.65124,91.79143,0.287,False,Low,-1.19
4185,Barisal,2021,22.87717,90.26564,0.287,False,High,9.66
4186,Rangamati,2021,22.63507,92.11797,0.287,False,Medium,1.49
4187,Barisal,2021,22.91715,90.17177,0.287,False,High,9.66
4188,Chittagong,2021,22.68358,91.83814,0.287,False,Low,-1.19
4189,Narail,2021,23.10983,89.41404,0.287,False,Low,-8.78
4190,Narail,2021,23.0501,89.69072,0.287,False,Low,-8.78
4191,Narail,2021,23.11657,89.42931,0.287,False,Low,-8.78
4192,Noakhali,2021,22.79812,91.04313,0.287,False,High,17.85
4193,Jessore,2021,23.18844,89.17598,0.287,False,High,7.75
4194,Narail,2021,23.07839,89.63862,0.287,False,Low,-8.78
4195,Chittagong,2021,22.75994,91.55023,0.287,False,Low,-1.19
4196,Chittagong,2021,22.74018,91.82107,0.287,False,Low,-1.19
4197,Barisal,2021,22.95712,90.30786,0.287,False,High,9.66
4198,Jessore,2021,23.25671,89.04573,0.287,False,High,7.75
4199,Gopalganj,2021,23.05324,89.94898,0.287,False,Low,-0.76
4200,Gopalganj,2021,23.03527,90.06711,0.287,False,Low,-0.76
4201,Madaripur,2021,23.00024,90.26429,0.287,False,High,3.68
4202,Jessore,2021,23.27782,89.10232,0.287,False,High,7.75
4203,Gopalganj,2021,23.07121,89.95797,0.287,False,Low,-0.76
4204,Noakhali,2021,22.86235,91.16845,0.287,False,High,17.85
4205,Gopalganj,2021,23.09456,89.94494,0.287,False,Low,-0.76
4206,Noakhali,2021,22.89514,91.09568,0.287,False,High,17.85
4207,Barisal,2021,23.0236,90.3137,0.287,False,High,9.66
4208,Madaripur,2021,23.03707,90.28046,0.287,False,High,3.68
4209,Gopalganj,2021,23.13409,89.8331,0.287,False,Low,-0.76
4210,Narail,2021,23.19473,89.59145,0.287,False,Low,-8.78
4211,Jhenaidah,2021,23.31016,89.18137,0.287,False,High,15.44
4212,Narail,2021,23.20416,89.66826,0.286,False,Low,-8.78
4213,Gopalganj,2021,23.17631,89.79313,0.286,False,Low,-0.76
4214,Lakshmipur,2021,22.97104,90.99103,0.286,False,Low,-1.16
4215,Gopalganj,2021,23.19383,89.79447,0.286,False,Low,-0.76
4216,Gopalganj,2021,23.21,89.73698,0.286,False,Low,-0.76
4217,Madaripur,2021,23.09277,90.3128,0.286,False,High,3.68
4218,Jhenaidah,2021,23.36316,89.1405,0.286,False,High,15.44
4219,Jhenaidah,2021,23.3672,89.15218,0.286,False,High,15.44
4220,Jhenaidah,2021,23.40493,89.0089,0.286,False,High,15.44
4221,Jhenaidah,2021,23.37843,89.11085,0.286,False,High,15.44
4222,Gopalganj,2021,23.2347,89.80615,0.286,False,Low,-0.76
4223,Chuadanga,2021,23.46197,88.91457,0.286,False,Low,-14.74
4224,Faridpur,2021,23.26569,89.68039,0.286,False,High,8.19
4225,Magura,2021,23.32633,89.43245,0.286,False,High,12.28
4226,Magura,2021,23.3151,89.48231,0.286,False,High,12.28
4227,Shariatpur,2021,23.12376,90.4709,0.286,False,High,11.14
4228,Narail,2021,23.31196,89.58921,0.286,False,Low,-8.78
4229,Noakhali,2021,23.02405,91.20438,0.286,False,High,17.85
4230,Noakhali,2021,23.05234,91.02966,0.286,False,High,17.85
4231,Jhenaidah,2021,23.45254,89.09558,0.286,False,High,15.44
4232,Chuadanga,2021,23.57965,88.66349,0.286,False,Low,-14.74
4233,Shariatpur,2021,23.14667,90.48483,0.286,False,High,11.14
4234,Jhenaidah,2021,23.42829,89.22809,0.286,False,High,15.44
4235,Chuadanga,2021,23.58549,88.66754,0.286,False,Low,-14.74
4236,Faridpur,2021,23.32633,89.64311,0.286,False,High,8.19
4237,Jhenaidah,2021,23.47275,89.09064,0.286,False,High,15.44
4238,Faridpur,2021,23.32723,89.67275,0.286,False,High,8.19
4239,Shariatpur,2021,23.15655,90.51133,0.286,False,High,11.14
4240,Chuadanga,2021,23.6084,88.70706,0.286,False,Low,-14.74
4241,Faridpur,2021,23.37484,89.64805,0.286,False,High,8.19
4242,Jhenaidah,2021,23.51048,89.12298,0.286,False,High,15.44
4243,Comilla,2021,23.11388,91.12084,0.286,False,High,10.87
4244,Faridpur,2021,23.38876,89.65748,0.286,False,High,8.19
4245,Faridpur,2021,23.39101,89.64805,0.286,False,High,8.19
4246,Lakshmipur,2021,23.15924,90.86257,0.286,False,Low,-1.16
4247,Faridpur,2021,23.3973,89.65568,0.286,False,High,8.19
4248,Faridpur,2021,23.36496,89.87263,0.286,False,High,8.19
4249,Magura,2021,23.4458,89.55777,0.286,False,High,12.28
4250,Faridpur,2021,23.44131,89.64041,0.286,False,High,8.19
4251,Chuadanga,2021,23.63894,88.89661,0.286,False,Low,-14.74
4252,Comilla,2021,23.19203,91.04133,0.286,False,High,10.87
4253,Shariatpur,2021,23.32004,90.35098,0.286,False,High,11.14
4254,Magura,2021,23.49252,89.56271,0.286,False,High,12.28
4255,Faridpur,2021,23.43323,89.8587,0.286,False,High,8.19
4256,Comilla,2021,23.20056,91.24166,0.286,False,High,10.87
4257,Faridpur,2021,23.52261,89.56585,0.286,False,High,8.19
4258,Magura,2021,23.57696,89.38709,0.286,False,High,12.28
4259,Magura,2021,23.54372,89.53396,0.286,False,High,12.28
4260,Magura,2021,23.59088,89.37271,0.286,False,High,12.28
4261,Faridpur,2021,23.51183,89.72081,0.286,False,High,8.19
4262,Chandpur,2021,23.33127,90.64563,0.286,False,High,15.78
4263,Faridpur,2021,23.475,89.89733,0.286,False,High,8.19
4264,Chuadanga,2021,23.74719,88.83417,0.286,False,Low,-14.74
4265,Chandpur,2021,23.32678,90.80598,0.286,False,High,15.78
4266,Faridpur,2021,23.54103,89.73608,0.286,False,High,8.19
4267,Comilla,2021,23.27917,91.30364,0.286,False,High,10.87
4268,Faridpur,2021,23.55809,89.70195,0.286,False,High,8.19
4269,Faridpur,2021,23.53204,89.85511,0.286,False,High,8.19
4270,Comilla,2021,23.31824,91.09883,0.286,False,High,10.87
4271,Magura,2021,23.62457,89.48455,0.286,False,High,12.28
4272,Magura,2021,23.66275,89.38574,0.286,False,High,12.28
4273,Faridpur,2021,23.52935,90.04331,0.286,False,High,8.19
4274,Munshiganj,2021,23.44895,90.56478,0.286,False,High,11.83
4275,Faridpur,2021,23.57965,89.93596,0.286,False,High,8.19
4276,Munshiganj,2021,23.50105,90.42779,0.286,False,High,11.83
4277,Faridpur,2021,23.64927,89.77381,0.285,False,High,8.19
4278,Faridpur,2021,23.66365,89.79357,0.285,False,High,8.19
4279,Kushtia,2021,23.85858,89.01833,0.285,False,High,18.8
4280,Munshiganj,2021,23.5271,90.55175,0.285,False,High,11.83
4281,Comilla,2021,23.43997,91.13296,0.285,False,High,10.87
4282,Munshiganj,2021,23.56124,90.3914,0.285,False,High,11.83
4283,Kushtia,2021,23.87744,89.00575,0.285,False,High,18.8
4284,Comilla,2021,23.46063,91.07278,0.285,False,High,10.87
4285,Comilla,2021,23.50105,90.82843,0.285,False,High,10.87
4286,Comilla,2021,23.4732,91.08266,0.285,False,High,10.87
4287,Kushtia,2021,23.8496,89.22629,0.285,False,High,18.8
4288,Munshiganj,2021,23.60526,90.35412,0.285,False,High,11.83
4289,Kushtia,2021,23.84106,89.2739,0.285,False,High,18.8
4290,Rajbari,2021,23.72338,89.78324,0.285,False,High,4.82
4291,Kushtia,2021,23.84331,89.28513,0.285,False,High,18.8
4292,Kushtia,2021,23.99917,88.79555,0.285,False,High,18.8
4293,Kushtia,2021,23.93494,89.05336,0.285,False,High,18.8
4294,Munshiganj,2021,23.65242,90.31056,0.285,False,High,11.83
4295,Narayanganj,2021,23.61559,90.53334,0.285,False,High,31.57
4296,Comilla,2021,23.58909,90.75253,0.285,False,High,10.87
4297,Narayanganj,2021,23.62008,90.58589,0.285,False,High,31.57
4298,Narayanganj,2021,23.62726,90.55041,0.285,False,High,31.57
4299,Pabna,2021,23.89945,89.26402,0.285,False,High,13.38
4300,Kushtia,2021,24.02297,88.82384,0.285,False,High,18.8
4301,Comilla,2021,23.55809,91.13162,0.285,False,High,10.87
4302,Pabna,2021,23.83702,89.61211,0.285,False,High,13.38
4303,Kushtia,2021,24.05441,88.79869,0.285,False,High,18.8
4304,Narayanganj,2021,23.65691,90.59981,0.285,False,High,31.57
4305,Comilla,2021,23.57516,91.17249,0.285,False,High,10.87
4306,Pabna,2021,23.88463,89.50027,0.285,False,High,13.38
4307,Dhaka,2021,23.71889,90.28855,0.285,False,Low,-5.31
4308,Kushtia,2021,23.96683,89.1935,0.285,False,High,18.8
4309,Kushtia,2021,24.01848,89.00081,0.285,False,High,18.8
4310,Dhaka,2021,23.7427,90.2625,0.285,False,Low,-5.31
4311,Dhaka,2021,23.73596,90.31145,0.285,False,Low,-5.31
4312,Kushtia,2021,23.97401,89.22629,0.285,False,High,18.8
4313,Dhaka,2021,23.74225,90.31819,0.285,False,Low,-5.31
4314,Manikganj,2021,23.82894,89.98312,0.285,False,High,10.22
4315,Pabna,2021,23.98704,89.29456,0.285,False,High,13.38
4316,Comilla,2021,23.64927,91.12667,0.285,False,High,10.87
4317,Pabna,2021,23.98749,89.33498,0.285,False,High,13.38
4318,Pabna,2021,23.96997,89.43964,0.285,False,High,13.38
4319,Manikganj,2021,23.84376,90.05319,0.285,False,High,10.22
4320,Manikganj,2021,23.83927,90.08957,0.285,False,High,10.22
4321,Kushtia,2021,24.09753,88.98329,0.285,False,High,18.8
4322,Kushtia,2021,24.11685,88.94601,0.285,False,High,18.8
4323,Manikganj,2021,23.87924,90.02714,0.285,False,High,10.22
4324,Pabna,2021,24.0059,89.46659,0.285,False,High,13.38
4325,Manikganj,2021,23.88822,90.02848,0.285,False,High,10.22
4326,Manikganj,2021,23.89631,89.99929,0.285,False,High,10.22
4327,Narayanganj,2021,23.79749,90.53783,0.285,False,High,31.57
4328,Natore,2021,24.17613,88.86382,0.285,False,High,9.57
4329,Manikganj,2021,23.90799,90.02669,0.285,False,High,10.22
4330,Dhaka,2021,23.85409,90.31639,0.285,False,Low,-5.31
4331,Pabna,2021,24.12224,89.1113,0.285,False,High,13.38
4332,Pabna,2021,24.07328,89.31118,0.285,False,High,13.38
4333,Manikganj,2021,23.91023,90.05588,0.285,False,High,10.22
4334,Narayanganj,2021,23.82534,90.54591,0.285,False,High,31.57
4335,Manikganj,2021,23.92236,90.04825,0.285,False,High,10.22
4336,Narayanganj,2021,23.82085,90.60655,0.285,False,High,31.57
4337,Pabna,2021,24.09394,89.30489,0.285,False,High,13.38
4338,Dhaka,2021,23.89766,90.21938,0.285,False,Low,-5.31
4339,Rajshahi,2021,24.31987,88.55076,0.285,False,Low,-20.24
4340,Natore,2021,24.17613,89.07492,0.285,False,High,9.57
4341,Narayanganj,2021,23.87565,90.54951,0.285,False,High,31.57
4342,Manikganj,2021,23.99692,89.91979,0.285,False,High,10.22
4343,Natore,2021,24.2224,88.98285,0.285,False,High,9.57
4344,Brahamanbaria,2021,23.80693,91.13341,0.285,False,High,11.9
4345,Natore,2021,24.20578,89.10457,0.285,False,High,9.57
4346,Brahamanbaria,2021,23.824,91.21785,0.285,False,High,11.9
4347,Pabna,2021,24.17793,89.31208,0.285,False,High,13.38
4348,Dhaka,2021,23.99423,90.16997,0.285,False,Low,-5.31
4349,Rajshahi,2021,24.35715,88.66304,0.285,False,Low,-20.24
4350,Natore,2021,24.29292,88.9011,0.285,False,High,9.57
4351,Rajshahi,2021,24.33648,88.75243,0.285,False,Low,-20.24
4352,Brahamanbaria,2021,23.88598,90.96094,0.285,False,High,11.9
4353,Natore,2021,24.25474,89.1113,0.285,False,High,9.57
4354,Tangail,2021,24.05396,90.07609,0.284,False,High,8.96
4355,Natore,2021,24.26327,89.15173,0.284,False,High,9.57
4356,Gazipur,2021,24.02207,90.26609,0.284,False,Medium,1.1
4357,Nawabganj,2021,24.52333,88.26734,0.284,False,High,38.19
4358,Rajshahi,2021,24.38409,88.74569,0.284,False,Low,-20.24
4359,Brahamanbaria,2021,23.90215,91.16171,0.284,False,High,11.9
4360,Rajshahi,2021,24.42632,88.62442,0.284,False,Low,-20.24
4361,Gazipur,2021,24.05711,90.2625,0.284,False,Medium,1.1
4362,Gazipur,2021,24.05127,90.30247,0.284,False,Medium,1.1
4363,Gazipur,2021,24.05666,90.28091,0.284,False,Medium,1.1
4364,Sirajganj,2021,24.19096,89.67634,0.284,False,High,48.62
4365,Tangail,2021,24.10202,90.1273,0.284,False,High,8.96
4366,Natore,2021,24.36433,89.00216,0.284,False,High,9.57
4367,Tangail,2021,24.13302,90.15784,0.284,False,High,8.96
4368,Sirajganj,2021,24.26776,89.51959,0.284,False,High,48.62
4369,Gazipur,2021,24.12493,90.29169,0.284,False,Medium,1.1
4370,Nawabganj,2021,24.66078,88.12855,0.284,False,High,38.19
4371,Natore,2021,24.45057,88.90784,0.284,False,High,9.57
4372,Rajshahi,2021,24.48201,88.81845,0.284,False,Low,-20.24
4373,Sirajganj,2021,24.354,89.39427,0.284,False,High,48.62
4374,Natore,2021,24.44069,89.05291,0.284,False,High,9.57
4375,Tangail,2021,24.26327,89.90721,0.284,False,High,8.96
4376,Natore,2021,24.4883,88.96533,0.284,False,High,9.57
4377,Gazipur,2021,24.17479,90.40712,0.284,False,Medium,1.1
4378,Tangail,2021,24.23318,90.15245,0.284,False,High,8.96
4379,Habiganj,2021,24.05711,91.3782,0.284,False,Low,-1.01
4380,Rajshahi,2021,24.5934,88.64418,0.284,False,Low,-20.24
4381,Habiganj,2021,24.06968,91.32475,0.284,False,Low,-1.01
4382,Gazipur,2021,24.20533,90.41117,0.284,False,Medium,1.1
4383,Tangail,2021,24.31717,89.8331,0.284,False,High,8.96
4384,Habiganj,2021,24.08136,91.37596,0.284,False,Low,-1.01
4385,Rajshahi,2021,24.59475,88.79869,0.284,False,Low,-20.24
4386,Sirajganj,2021,24.37556,89.71407,0.284,False,High,48.62
4387,Rajshahi,2021,24.56016,88.94601,0.284,False,Low,-20.24
4388,Rajshahi,2021,24.60733,88.77668,0.284,False,Low,-20.24
4389,Sirajganj,2021,24.40251,89.70105,0.284,False,High,48.62
4390,Natore,2021,24.57678,88.99273,0.284,False,High,9.57
4391,Nawabganj,2021,24.82831,88.13484,0.284,False,High,38.19
4392,Rajshahi,2021,24.66482,88.72772,0.284,False,Low,-20.24
4393,Nawabganj,2021,24.8355,88.15145,0.284,False,High,38.19
4394,Gazipur,2021,24.28573,90.48034,0.284,False,Medium,1.1
4395,Mymensingh,2021,24.31537,90.34289,0.284,False,Low,-5.83
4396,Nawabganj,2021,24.84628,88.14741,0.284,False,High,38.19
4397,Tangail,2021,24.37511,90.04465,0.284,False,High,8.96
4398,Tangail,2021,24.43081,89.84613,0.284,False,High,8.96
4399,Mymensingh,2021,24.33469,90.36266,0.284,False,Low,-5.83
4400,Tangail,2021,24.36837,90.20186,0.284,False,High,8.96
4401,Kishoreganj,2021,24.27181,90.82529,0.284,False,High,12.02
4402,Tangail,2021,24.38499,90.15874,0.284,False,High,8.96
4403,Habiganj,2021,24.21476,91.31083,0.284,False,Low,-1.01
4404,Sirajganj,2021,24.50986,89.56181,0.284,False,High,48.62
4405,Tangail,2021,24.3823,90.18793,0.284,False,High,8.96
4406,Mymensingh,2021,24.35041,90.41251,0.284,False,Low,-5.83
4407,Tangail,2021,24.40521,90.11742,0.284,False,High,8.96
4408,Kishoreganj,2021,24.27854,90.89311,0.284,False,High,12.02
4409,Kishoreganj,2021,24.31133,90.69054,0.284,False,High,12.02
4410,Tangail,2021,24.43081,90.03926,0.284,False,High,8.96
4411,Tangail,2021,24.41374,90.14886,0.284,False,High,8.96
4412,Kishoreganj,2021,24.31537,90.75163,0.284,False,High,12.02
4413,Tangail,2021,24.41329,90.19557,0.284,False,High,8.96
4414,Tangail,2021,24.44698,90.14212,0.284,False,High,8.96
4415,Tangail,2021,24.44293,90.16143,0.284,False,High,8.96
4416,Tangail,2021,24.43799,90.20815,0.284,False,High,8.96
4417,Tangail,2021,24.4591,90.12505,0.284,False,High,8.96
4418,Habiganj,2021,24.29606,91.27355,0.284,False,Low,-1.01
4419,Tangail,2021,24.47482,90.15919,0.284,False,High,8.96
4420,Tangail,2021,24.48066,90.12101,0.284,False,High,8.96
4421,Naogaon,2021,24.76588,88.88268,0.284,False,High,22.41
4422,Tangail,2021,24.48156,90.17177,0.283,False,High,8.96
4423,Mymensingh,2021,24.47662,90.33661,0.283,False,Low,-5.83
4424,Habiganj,2021,24.32481,91.57179,0.283,False,Low,-1.01
4425,Tangail,2021,24.5696,89.95976,0.283,False,High,8.96
4426,Sirajganj,2021,24.63607,89.64221,0.283,False,High,48.62
4427,Mymensingh,2021,24.49728,90.37568,0.283,False,Low,-5.83
4428,Sirajganj,2021,24.66661,89.60178,0.283,False,High,48.62
4429,Habiganj,2021,24.38544,91.36113,0.283,False,Low,-1.01
4430,Sirajganj,2021,24.64371,89.74327,0.283,False,High,48.62
4431,Mymensingh,2021,24.52109,90.46776,0.283,False,Low,-5.83
4432,Mymensingh,2021,24.50222,90.60565,0.283,False,Low,-5.83
4433,Maulvibazar,2021,24.37062,91.68992,0.283,False,Medium,1.33
4434,Sirajganj,2021,24.68907,89.62155,0.283,False,High,48.62
4435,Mymensingh,2021,24.5422,90.38197,0.283,False,Low,-5.83
4436,Naogaon,2021,24.84718,88.97072,0.283,False,High,22.41
4437,Jamalpur,2021,24.65089,89.84163,0.283,False,High,16.99
4438,Tangail,2021,24.59969,90.11787,0.283,False,High,8.96
4439,Sirajganj,2021,24.68278,89.71946,0.283,False,High,48.62
4440,Tangail,2021,24.60733,90.1017,0.283,False,High,8.96
4441,Mymensingh,2021,24.54624,90.4471,0.283,False,Low,-5.83
4442,Mymensingh,2021,24.58756,90.23285,0.283,False,Low,-5.83
4443,Mymensingh,2021,24.53411,90.55175,0.283,False,Low,-5.83
4444,Naogaon,2021,24.88535,88.93029,0.283,False,High,22.41
4445,Kishoreganj,2021,24.51255,90.83293,0.283,False,High,12.02
4446,Mymensingh,2021,24.61272,90.22791,0.283,False,Low,-5.83
4447,Jamalpur,2021,24.68683,89.86858,0.283,False,High,16.99
4448,Kishoreganj,2021,24.5422,90.86841,0.283,False,High,12.02
4449,Mymensingh,2021,24.57544,90.64967,0.283,False,Low,-5.83
4450,Tangail,2021,24.70075,89.993,0.283,False,High,8.96
4451,Mymensingh,2021,24.58397,90.69369,0.283,False,Low,-5.83
4452,Bogra,2021,24.83146,89.38978,0.283,False,High,39.64
4453,Mymensingh,2021,24.60059,90.74085,0.283,False,Low,-5.83
4454,Jamalpur,2021,24.75914,89.84298,0.283,False,High,16.99
4455,Mymensingh,2021,24.66527,90.36895,0.283,False,Low,-5.83
4456,Bogra,2021,24.86604,89.42706,0.283,False,High,39.64
4457,Mymensingh,2021,24.70659,90.2086,0.283,False,Low,-5.83
4458,Bogra,2021,24.86559,89.44682,0.283,False,High,39.64
4459,Mymensingh,2021,24.68503,90.364,0.283,False,Low,-5.83
4460,Mymensingh,2021,24.69985,90.28316,0.283,False,Low,-5.83
4461,Mymensingh,2021,24.69222,90.37029,0.283,False,Low,-5.83
4462,Jamalpur,2021,24.76273,89.98806,0.283,False,High,16.99
4463,Mymensingh,2021,24.70524,90.37613,0.283,False,Low,-5.83
4464,Mymensingh,2021,24.72096,90.29304,0.283,False,Low,-5.83
4465,Mymensingh,2021,24.71063,90.3658,0.283,False,Low,-5.83
4466,Maulvibazar,2021,24.5166,92.03802,0.283,False,Medium,1.33
4467,Jamalpur,2021,24.809,89.85511,0.283,False,High,16.99
4468,Maulvibazar,2021,24.52917,92.00163,0.283,False,Medium,1.33
4469,Maulvibazar,2021,24.55433,91.7281,0.283,False,Medium,1.33
4470,Mymensingh,2021,24.68638,90.63799,0.283,False,Low,-5.83
4471,Bogra,2021,24.95542,89.30265,0.283,False,High,39.64
4472,Jamalpur,2021,24.85661,89.76707,0.283,False,High,16.99
4473,Naogaon,2021,25.04615,88.94377,0.283,False,High,22.41
4474,Mymensingh,2021,24.76633,90.24183,0.283,False,Low,-5.83
4475,Mymensingh,2021,24.70524,90.64877,0.283,False,Low,-5.83
4476,Mymensingh,2021,24.76273,90.36086,0.283,False,Low,-5.83
4477,Netrakona,2021,24.70884,90.69773,0.283,False,High,50.49
4478,Bogra,2021,24.97429,89.31657,0.283,False,High,39.64
4479,Mymensingh,2021,24.73354,90.5814,0.283,False,Low,-5.83
4480,Mymensingh,2021,24.7524,90.51717,0.283,False,Low,-5.83
4481,Habiganj,2021,24.62305,91.6185,0.283,False,Low,-1.01
4482,Mymensingh,2021,24.77396,90.43407,0.283,False,Low,-5.83
4483,Jamalpur,2021,24.87098,89.91709,0.283,False,High,16.99
4484,Habiganj,2021,24.67829,91.42806,0.283,False,Low,-1.01
4485,Mymensingh,2021,24.81304,90.40892,0.283,False,Low,-5.83
4486,Bogra,2021,25.00124,89.45536,0.283,False,High,39.64
4487,Bogra,2021,25.01875,89.40685,0.283,False,High,39.64
4488,Mymensingh,2021,24.83819,90.31594,0.283,False,Low,-5.83
4489,Mymensingh,2021,24.82472,90.39814,0.283,False,Low,-5.83
4490,Jamalpur,2021,24.88895,90.07744,0.283,False,High,16.99
4491,Netrakona,2021,24.79013,90.713,0.283,False,High,50.49
4492,Mymensingh,2021,24.81574,90.54951,0.283,False,Low,-5.83
4493,Joypurhat,2021,25.13329,89.00036,0.283,False,High,30.07
4494,Jamalpur,2021,24.90512,90.03342,0.283,False,High,16.99
4495,Mymensingh,2021,24.86829,90.2625,0.283,False,Low,-5.83
4496,Sunamganj,2021,24.69042,91.64096,0.283,False,High,31.03
4497,Sylhet,2021,24.68278,91.75235,0.283,False,High,13.59
4498,Jamalpur,2021,24.94105,89.89868,0.283,False,High,16.99
4499,Mymensingh,2021,24.87098,90.28181,0.283,False,Low,-5.83
4500,Mymensingh,2021,24.82921,90.54726,0.283,False,Low,-5.83
4501,Sherpur,2021,24.8903,90.20321,0.283,False,High,31.78
4502,Sherpur,2021,24.91724,90.14302,0.283,False,High,31.78
4503,Sylhet,2021,24.70614,91.77346,0.283,False,High,13.59
4504,Sherpur,2021,24.93162,90.08418,0.283,False,High,31.78
4505,Sylhet,2021,24.70075,91.9109,0.283,False,High,13.59
4506,Sunamganj,2021,24.73264,91.645,0.283,False,High,31.03
4507,Mymensingh,2021,24.92802,90.25576,0.282,False,Low,-5.83
4508,Gaibandha,2021,25.10993,89.35924,0.282,False,High,42.66
4509,Sylhet,2021,24.73579,91.94863,0.282,False,High,13.59
4510,Sherpur,2021,24.98192,90.03208,0.282,False,High,31.78
4511,Gaibandha,2021,25.12655,89.3534,0.282,False,High,42.66
4512,Gaibandha,2021,25.13149,89.36283,0.282,False,High,42.66
4513,Netrakona,2021,24.84628,91.02427,0.282,False,High,50.49
4514,Netrakona,2021,24.90871,90.5778,0.282,False,High,50.49
4515,Gaibandha,2021,25.1297,89.40865,0.282,False,High,42.66
4516,Sherpur,2021,25.02729,89.90766,0.282,False,High,31.78
4517,Netrakona,2021,24.88625,90.766,0.282,False,High,50.49
4518,Sylhet,2021,24.78025,91.71642,0.282,False,High,13.59
4519,Joypurhat,2021,25.2357,89.01923,0.282,False,High,30.07
4520,Sylhet,2021,24.79462,91.87362,0.282,False,High,13.59
4521,Jamalpur,2021,25.08253,89.80031,0.282,False,High,16.99
4522,Sunamganj,2021,24.83685,91.46579,0.282,False,High,31.03
4523,Sylhet,2021,24.80226,92.08383,0.282,False,High,13.59
4524,Sylhet,2021,24.82562,91.87856,0.282,False,High,13.59
4525,Sylhet,2021,24.83505,92.13458,0.282,False,High,13.59
4526,Jamalpur,2021,25.13374,89.83265,0.282,False,High,16.99
4527,Sherpur,2021,25.11398,89.93596,0.282,False,High,31.78
4528,Sylhet,2021,24.84718,92.21678,0.282,False,High,13.59
4529,Mymensingh,2021,25.05469,90.33256,0.282,False,Low,-5.83
4530,Sherpur,2021,25.13509,89.99075,0.282,False,High,31.78
4531,Jamalpur,2021,25.16069,89.86185,0.282,False,High,16.99
4532,Sylhet,2021,24.87368,92.16378,0.282,False,High,13.59
4533,Sylhet,2021,24.88985,91.95986,0.282,False,High,13.59
4534,Gaibandha,2021,25.25456,89.44548,0.282,False,High,42.66
4535,Gaibandha,2021,25.2887,89.33319,0.282,False,High,42.66
4536,Sylhet,2021,24.92084,91.79682,0.282,False,High,13.59
4537,Sylhet,2021,24.89524,92.2343,0.282,False,High,13.59
4538,Sylhet,2021,24.9397,91.82422,0.282,False,High,13.59
4539,Sylhet,2021,24.92129,92.15749,0.282,False,High,13.59
4540,Sylhet,2021,24.92578,92.17905,0.282,False,High,13.59
4541,Gaibandha,2021,25.30532,89.44727,0.282,False,High,42.66
4542,Dinajpur,2021,25.4185,88.99857,0.282,False,High,39.31
4543,Sherpur,2021,25.18539,90.11832,0.282,False,High,31.78
4544,Gaibandha,2021,25.31879,89.44952,0.282,False,High,42.66
4545,Sherpur,2021,25.2357,89.9144,0.282,False,High,31.78
4546,Gaibandha,2021,25.32822,89.47602,0.282,False,High,42.66
4547,Sunamganj,2021,25.01965,91.65219,0.282,False,High,31.03
4548,Sylhet,2021,24.97923,92.40049,0.282,False,High,13.59
4549,Sunamganj,2021,25.08568,91.60997,0.282,False,High,31.03
4550,Gaibandha,2021,25.40728,89.5398,0.282,False,High,42.66
4551,Dinajpur,2021,25.51373,89.08525,0.282,False,High,39.31
4552,Dinajpur,2021,25.53798,89.00126,0.282,False,High,39.31
4553,Dinajpur,2021,25.53888,89.05381,0.282,False,High,39.31
4554,Sylhet,2021,25.09691,91.98232,0.282,False,High,13.59
4555,Sunamganj,2021,25.14407,91.53631,0.282,False,High,31.03
4556,Sylhet,2021,25.13823,91.92573,0.282,False,High,13.59
4557,Sylhet,2021,25.13778,91.98861,0.282,False,High,13.59
4558,Sylhet,2021,25.16518,91.96346,0.281,False,High,13.59
4559,Sylhet,2021,25.17057,91.96795,0.281,False,High,13.59
4560,Rangpur,2021,25.60895,89.15263,0.281,False,High,75.35
4561,Sylhet,2021,25.1827,92.05014,0.281,False,High,13.59
4562,Rangpur,2021,25.64398,89.08076,0.281,False,High,75.35
4563,Gaibandha,2021,25.57346,89.45132,0.281,False,High,42.66
4564,Dinajpur,2021,25.82724,88.45419,0.281,False,High,39.31
4565,Dinajpur,2021,25.82724,88.53683,0.281,False,High,39.31
4566,Thakurgaon,2021,25.87934,88.36031,0.281,False,High,14.28
4567,Rangpur,2021,25.61524,89.43649,0.281,False,High,75.35
4568,Thakurgaon,2021,25.88698,88.33965,0.281,False,High,14.28
4569,Rangpur,2021,25.64533,89.32016,0.281,False,High,75.35
4570,Rangpur,2021,25.64668,89.33094,0.281,False,High,75.35
4571,Kurigram,2021,25.54786,89.81963,0.281,False,High,35.15
4572,Rangpur,2021,25.6862,89.2995,0.281,False,High,75.35
4573,Kurigram,2021,25.6058,89.82322,0.281,False,High,35.15
4574,Rangpur,2021,25.67408,89.50072,0.281,False,High,75.35
4575,Dinajpur,2021,25.90943,88.52515,0.281,False,High,39.31
4576,Dinajpur,2021,25.88877,88.61543,0.281,False,High,39.31
4577,Rangpur,2021,25.72797,89.28648,0.281,False,High,75.35
4578,Rangpur,2021,25.70686,89.38439,0.281,False,High,75.35
4579,Thakurgaon,2021,26.0051,88.21793,0.281,False,High,14.28
4580,Dinajpur,2021,25.9292,88.49641,0.281,False,High,39.31
4581,Thakurgaon,2021,25.93593,88.48383,0.281,False,High,14.28
4582,Rangpur,2021,25.74055,89.31657,0.281,False,High,75.35
4583,Nilphamari,2021,25.8452,88.86921,0.281,False,High,14.39
4584,Thakurgaon,2021,26.02352,88.20086,0.281,False,High,14.28
4585,Thakurgaon,2021,25.94582,88.49775,0.281,False,High,14.28
4586,Rangpur,2021,25.7136,89.48321,0.281,False,High,75.35
4587,Thakurgaon,2021,26.03295,88.19727,0.281,False,High,14.28
4588,Thakurgaon,2021,26.05002,88.19862,0.281,False,High,14.28
4589,Dinajpur,2021,25.95255,88.61049,0.281,False,High,39.31
4590,Rangpur,2021,25.76885,89.38888,0.281,False,High,75.35
4591,Thakurgaon,2021,26.05316,88.24982,0.281,False,High,14.28
4592,Dinajpur,2021,25.91168,88.78971,0.281,False,High,39.31
4593,Dinajpur,2021,25.95031,88.64643,0.281,False,High,39.31
4594,Kurigram,2021,25.72214,89.65299,0.281,False,High,35.15
4595,Rangpur,2021,25.78277,89.36777,0.281,False,High,75.35
4596,Kurigram,2021,25.73741,89.59056,0.281,False,High,35.15
4597,Dinajpur,2021,25.93728,88.74075,0.281,False,High,39.31
4598,Dinajpur,2021,25.93504,88.79016,0.281,False,High,39.31
4599,Dinajpur,2021,25.96917,88.66843,0.281,False,High,39.31
4600,Kurigram,2021,25.78412,89.49219,0.281,False,High,35.15
4601,Kurigram,2021,25.78816,89.48635,0.281,False,High,35.15
4602,Lalmonirhat,2021,25.79849,89.45356,0.281,False,High,33.32
4603,Rangpur,2021,25.84565,89.24605,0.281,False,High,75.35
4604,Kurigram,2021,25.79984,89.47961,0.281,False,High,35.15
4605,Rangpur,2021,25.87979,89.11984,0.281,False,High,75.35
4606,Nilphamari,2021,25.89776,89.09289,0.281,False,High,14.39
4607,Thakurgaon,2021,26.04822,88.49192,0.281,False,High,14.28
4608,Nilphamari,2021,25.9027,89.0857,0.281,False,High,14.39
4609,Thakurgaon,2021,26.04957,88.51078,0.281,False,High,14.28
4610,Kurigram,2021,25.81421,89.5142,0.281,False,High,35.15
4611,Nilphamari,2021,25.92695,89.03225,0.281,False,High,14.39
4612,Kurigram,2021,25.81646,89.58382,0.281,False,High,35.15
4613,Kurigram,2021,25.80568,89.62963,0.281,False,High,35.15
4614,Lalmonirhat,2021,25.83622,89.50252,0.281,False,High,33.32
4615,Thakurgaon,2021,26.14345,88.30057,0.281,False,High,14.28
4616,Thakurgaon,2021,26.15153,88.31091,0.281,False,High,14.28
4617,Kurigram,2021,25.83173,89.71632,0.281,False,High,35.15
4618,Lalmonirhat,2021,25.89147,89.42482,0.281,False,High,33.32
4619,Nilphamari,2021,25.96648,89.09064,0.281,False,High,14.39
4620,Lalmonirhat,2021,25.93683,89.38843,0.281,False,High,33.32
4621,Nilphamari,2021,26.0334,88.95904,0.281,False,High,14.39
4622,Lalmonirhat,2021,25.96288,89.40191,0.28,False,High,33.32
4623,Nilphamari,2021,26.05676,89.0309,0.28,False,High,14.39
4624,Panchagarh,2021,26.17623,88.58265,0.28,False,High,16.31
4625,Nilphamari,2021,26.08011,88.97566,0.28,False,High,14.39
4626,Kurigram,2021,25.94941,89.60044,0.28,False,High,35.15
4627,Nilphamari,2021,26.07562,89.06324,0.28,False,High,14.39
4628,Nilphamari,2021,26.12413,88.86921,0.28,False,High,14.39
4629,Kurigram,2021,25.98893,89.52677,0.28,False,High,35.15
4630,Kurigram,2021,26.00645,89.64939,0.28,False,High,35.15
4631,Nilphamari,2021,26.18117,88.91143,0.28,False,High,14.39
4632,Kurigram,2021,26.059,89.61256,0.28,False,High,35.15
4633,Kurigram,2021,26.07832,89.64086,0.28,False,High,35.15
4634,Lalmonirhat,2021,26.21262,89.05291,0.28,False,High,33.32
4635,Nilphamari,2021,26.2719,88.88134,0.28,False,High,14.39
4636,Kurigram,2021,26.11874,89.60178,0.28,False,High,35.15
4637,Kurigram,2021,26.13356,89.67006,0.28,False,High,35.15
4638,Panchagarh,2021,26.3797,88.67203,0.28,False,High,16.31
4639,Panchagarh,2021,26.43046,88.52964,0.28,False,High,16.31
4640,Manikganj,2020,23.95982,89.86681,4.101,False,High,10.22
4641,Dhaka,2020,23.8341,90.15943,3.818,False,Low,-5.31
4642,Mymensingh,2020,24.57392,90.35004,2.662,False,Low,-5.83
4643,Dhaka,2020,23.83748,90.23377,2.621,False,Low,-5.31
4644,Lalmonirhat,2020,26.2239,89.09109,2.24,False,High,33.32
4645,Thakurgaon,2020,25.89081,88.36615,2.081,False,High,14.28
4646,Tangail,2020,24.47936,90.17645,1.928,False,High,8.96
4647,Kushtia,2020,23.96926,89.00886,1.882,False,High,18.8
4648,Manikganj,2020,23.96654,89.9497,1.879,False,High,10.22
4649,Thakurgaon,2020,25.89331,88.28986,1.8,False,High,14.28
4650,Lalmonirhat,2020,26.44017,88.96686,1.622,False,High,33.32
4651,Gazipur,2020,24.0491,90.14714,1.593,False,Medium,1.1
4652,Tangail,2020,24.46425,90.14714,1.588,False,High,8.96
4653,Sherpur,2020,25.07976,89.92208,1.581,False,High,31.78
4654,Rangpur,2020,25.71492,89.33962,1.574,False,High,75.35
4655,Manikganj,2020,23.91652,89.93903,1.538,False,High,10.22
4656,Nawabganj,2020,24.89028,88.18765,1.532,False,High,38.19
4657,Sherpur,2020,25.01712,89.92831,1.525,False,High,31.78
4658,Munshiganj,2020,23.60125,90.38399,1.484,False,High,11.83
4659,Gazipur,2020,24.2115,90.39885,1.477,False,Medium,1.1
4660,Tangail,2020,24.66549,90.00575,1.472,False,High,8.96
4661,Tangail,2020,24.73148,89.96023,1.472,False,High,8.96
4662,Lalmonirhat,2020,26.20904,89.0893,1.456,False,High,33.32
4663,Lalmonirhat,2020,26.2004,89.1352,1.4,False,High,33.32
4664,Tangail,2020,24.56977,89.92903,1.36,False,High,8.96
4665,Rangpur,2020,25.69388,89.29123,1.35,False,High,75.35
4666,Rangpur,2020,25.7067,89.35402,1.349,False,High,75.35
4667,Manikganj,2020,23.82503,90.22322,1.311,False,High,10.22
4668,Dhaka,2020,23.84554,90.18436,1.31,False,Low,-5.31
4669,Mymensingh,2020,24.70616,90.66213,1.301,False,Low,-5.83
4670,Tangail,2020,24.67723,89.87338,1.246,False,High,8.96
4671,Tangail,2020,24.68693,89.95403,1.246,False,High,8.96
4672,Jamalpur,2020,25.17018,89.76028,1.241,False,High,16.99
4673,Gazipur,2020,24.06966,90.15102,1.195,False,Medium,1.1
4674,Sherpur,2020,24.94071,90.04172,1.187,False,High,31.78
4675,Satkhira,2020,22.86257,88.97038,1.15,False,High,10.7
4676,Pabna,2020,23.99378,89.27547,1.14,False,High,13.38
4677,Manikganj,2020,23.83769,90.05959,1.14,False,High,10.22
4678,Gazipur,2020,24.06789,90.1986,1.138,False,Medium,1.1
4679,Lalmonirhat,2020,26.17096,89.11276,1.121,False,High,33.32
4680,Gazipur,2020,24.22325,90.38346,1.079,False,Medium,1.1
4681,Munshiganj,2020,23.48433,90.51749,1.028,False,High,11.83
4682,Tangail,2020,23.99799,89.83003,1.025,False,High,8.96
4683,Tangail,2020,24.1144,90.03078,1.024,False,High,8.96
4684,Mymensingh,2020,24.4489,90.49017,1.02,False,Low,-5.83
4685,Mymensingh,2020,24.57067,90.41818,1.02,False,Low,-5.83
4686,Jamalpur,2020,24.71702,89.86497,1.019,False,High,16.99
4687,Tangail,2020,24.74933,90.01943,1.019,False,High,8.96
4688,Thakurgaon,2020,25.83804,88.28755,1.013,False,High,14.28
4689,Dinajpur,2020,25.87847,88.61993,1.012,False,High,39.31
4690,Thakurgaon,2020,26.05726,88.39472,1.011,False,High,14.28
4691,Lalmonirhat,2020,26.1794,89.09853,1.008,False,High,33.32
4692,Manikganj,2020,23.92273,89.8386,0.969,False,High,10.22
4693,Manikganj,2020,23.99631,89.87308,0.968,False,High,10.22
4694,Mymensingh,2020,24.55723,90.37296,0.963,False,Low,-5.83
4695,Sherpur,2020,24.93585,90.00862,0.961,False,High,31.78
4696,Jamalpur,2020,24.97865,89.84745,0.961,False,High,16.99
4697,Thakurgaon,2020,25.90035,88.28425,0.956,False,High,14.28
4698,Thakurgaon,2020,25.88079,88.37421,0.956,False,High,14.28
4699,Nilphamari,2020,25.97829,89.02509,0.954,False,High,14.39
4700,Narail,2020,23.00277,89.73861,0.918,False,Low,-8.78
4701,Manikganj,2020,23.83539,90.12783,0.912,False,High,10.22
4702,Tangail,2020,24.06629,90.1319,0.91,False,High,8.96
4703,Gazipur,2020,24.03836,90.2936,0.91,False,Medium,1.1
4704,Tangail,2020,24.41088,90.00782,0.908,False,High,8.96
4705,Mymensingh,2020,24.5612,90.18145,0.907,False,Low,-5.83
4706,Tangail,2020,24.61707,89.9135,0.907,False,High,8.96
4707,Mymensingh,2020,24.58801,90.53404,0.906,False,Low,-5.83
4708,Mymensingh,2020,24.72487,90.38778,0.905,False,Low,-5.83
4709,Sherpur,2020,25.08279,90.04502,0.903,False,High,31.78
4710,Thakurgaon,2020,25.88397,88.26158,0.9,False,High,14.28
4711,Rangpur,2020,25.7314,89.31219,0.899,False,High,75.35
4712,Nilphamari,2020,25.9957,88.90163,0.898,False,High,14.39
4713,Panchagarh,2020,26.3671,88.58764,0.896,False,High,16.31
4714,Lalmonirhat,2020,26.3438,89.03708,0.895,False,High,33.32
4715,Gopalganj,2020,23.06791,89.99135,0.86,False,Low,-0.76
4716,Manikganj,2020,23.95485,89.91455,0.854,False,High,10.22
4717,Narayanganj,2020,23.82983,90.61553,0.854,False,High,31.57
4718,Dhaka,2020,23.89571,90.29978,0.854,False,Low,-5.31
4719,Tangail,2020,24.17748,90.03088,0.853,False,High,8.96
4720,Gazipur,2020,24.20204,90.45324,0.852,False,Medium,1.1
4721,Gazipur,2020,24.22794,90.36281,0.852,False,Medium,1.1
4722,Narsingdi,2020,24.20099,90.67183,0.852,False,Low,-4.09
4723,Sirajganj,2020,24.47527,89.67545,0.851,False,High,48.62
4724,Mymensingh,2020,24.59685,90.23704,0.85,False,Low,-5.83
4725,Jamalpur,2020,24.8617,89.72051,0.849,False,High,16.99
4726,Mymensingh,2020,24.77127,90.25261,0.848,False,Low,-5.83
4727,Sherpur,2020,24.97354,90.03387,0.847,False,High,31.78
4728,Thakurgaon,2020,25.87709,88.30102,0.844,False,High,14.28
4729,Rangpur,2020,25.67707,89.34846,0.844,False,High,75.35
4730,Rangpur,2020,25.70716,89.36957,0.843,False,High,75.35
4731,Rangpur,2020,25.77618,89.34127,0.843,False,High,75.35
4732,Kurigram,2020,26.09494,89.65389,0.84,False,High,35.15
4733,Lalmonirhat,2020,26.22564,89.10681,0.84,False,High,33.32
4734,Barisal,2020,22.72561,90.37533,0.804,False,High,9.66
4735,Meherpur,2020,23.85284,88.82542,0.8,False,Low,-27.64
4736,Kushtia,2020,23.96015,89.03203,0.799,False,High,18.8
4737,Dhaka,2020,23.8238,90.19503,0.798,False,Low,-5.31
4738,Manikganj,2020,23.98053,89.87468,0.797,False,High,10.22
4739,Gazipur,2020,24.00106,90.28919,0.797,False,Medium,1.1
4740,Tangail,2020,24.25002,90.12525,0.795,False,High,8.96
4741,Mymensingh,2020,24.49818,90.26448,0.794,False,Low,-5.83
4742,Mymensingh,2020,24.56026,90.40436,0.793,False,Low,-5.83
4743,Jamalpur,2020,24.78051,89.98601,0.792,False,High,16.99
4744,Jamalpur,2020,24.81724,89.85286,0.792,False,High,16.99
4745,Mymensingh,2020,24.83441,90.33571,0.791,False,Low,-5.83
4746,Jamalpur,2020,24.93884,89.90949,0.791,False,High,16.99
4747,Sunamganj,2020,24.80666,91.52309,0.791,False,High,31.03
4748,Mymensingh,2020,25.15957,90.27267,0.789,False,Low,-5.83
4749,Jamalpur,2020,25.36698,89.78052,0.789,False,High,16.99
4750,Dinajpur,2020,25.74106,88.80151,0.788,False,High,39.31
4751,Dinajpur,2020,25.84678,88.45967,0.788,False,High,39.31
4752,Rangpur,2020,25.73641,89.35654,0.787,False,High,75.35
4753,Lalmonirhat,2020,25.89907,89.4783,0.786,False,High,33.32
4754,Nilphamari,2020,26.1113,88.9807,0.785,False,High,14.39
4755,Lalmonirhat,2020,26.1976,89.09443,0.784,False,High,33.32
4756,Lalmonirhat,2020,26.25439,89.09475,0.784,False,High,33.32
4757,Lalmonirhat,2020,26.42795,88.96064,0.783,False,High,33.32
4758,Cox's Bazar,2020,21.8326,91.9677,0.75,False,Medium,1.81
4759,Bhola,2020,22.32633,90.73373,0.748,False,Low,-6.7
4760,Khulna,2020,22.80745,89.4944,0.747,False,High,22.68
4761,Jessore,2020,23.10579,89.03021,0.746,False,High,7.75
4762,Gopalganj,2020,23.07072,89.94995,0.745,False,Low,-0.76
4763,Gopalganj,2020,23.24365,89.7905,0.744,False,Low,-0.76
4764,Manikganj,2020,23.807,89.98346,0.741,False,High,10.22
4765,Manikganj,2020,23.98528,89.79948,0.74,False,High,10.22
4766,Gazipur,2020,24.28967,90.40826,0.738,False,Medium,1.1
4767,Mymensingh,2020,24.32318,90.40636,0.738,False,Low,-5.83
4768,Mymensingh,2020,24.5735,90.69607,0.736,False,Low,-5.83
4769,Netrakona,2020,24.65089,90.78003,0.736,False,High,50.49
4770,Jamalpur,2020,24.82624,89.79395,0.736,False,High,16.99
4771,Sherpur,2020,24.93939,89.98951,0.735,False,High,31.78
4772,Bogra,2020,25.09366,89.34618,0.735,False,High,39.64
4773,Sherpur,2020,25.10161,90.00851,0.734,False,High,31.78
4774,Gaibandha,2020,25.25432,89.33184,0.734,False,High,42.66
4775,Jamalpur,2020,25.19558,89.88258,0.733,False,High,16.99
4776,Sylhet,2020,24.91883,92.32997,0.733,False,High,13.59
4777,Rangpur,2020,25.7496,89.30455,0.731,False,High,75.35
4778,Thakurgaon,2020,26.12258,88.42489,0.73,False,High,14.28
4779,Nilphamari,2020,26.21794,88.91171,0.728,False,High,14.39
4780,Lalmonirhat,2020,26.26648,89.09171,0.728,False,High,33.32
4781,Panchagarh,2020,26.42939,88.537,0.728,False,High,16.31
4782,Barguna,2020,22.15545,89.9455,0.692,False,High,63.87
4783,Noakhali,2020,22.88926,91.1004,0.688,False,High,17.85
4784,Munshiganj,2020,23.55196,90.35124,0.685,False,High,11.83
4785,Rajbari,2020,23.79244,89.35018,0.685,False,High,4.82
4786,Kushtia,2020,24.07129,88.90233,0.684,False,High,18.8
4787,Tangail,2020,24.05408,89.93427,0.683,False,High,8.96
4788,Gazipur,2020,24.23879,90.37669,0.681,False,Medium,1.1
4789,Gazipur,2020,24.29026,90.35162,0.681,False,Medium,1.1
4790,Gazipur,2020,24.30411,90.48561,0.681,False,Medium,1.1
4791,Tangail,2020,24.42968,90.16054,0.681,False,High,8.96
4792,Tangail,2020,24.4834,90.14575,0.68,False,High,8.96
4793,Tangail,2020,24.63723,89.91706,0.68,False,High,8.96
4794,Mymensingh,2020,24.57304,90.27114,0.68,False,Low,-5.83
4795,Tangail,2020,24.66399,89.91313,0.68,False,High,8.96
4796,Netrakona,2020,24.77161,90.7727,0.678,False,High,50.49
4797,Sherpur,2020,24.97578,90.01419,0.678,False,High,31.78
4798,Mymensingh,2020,24.93349,90.3155,0.678,False,Low,-5.83
4799,Mymensingh,2020,24.94622,90.49909,0.678,False,Low,-5.83
4800,Jamalpur,2020,25.092,89.77426,0.678,False,High,16.99
4801,Sunamganj,2020,24.83187,91.54132,0.678,False,High,31.03
4802,Jamalpur,2020,25.08639,89.86353,0.677,False,High,16.99
4803,Mymensingh,2020,25.12513,90.3314,0.677,False,Low,-5.83
4804,Sherpur,2020,25.22918,90.05031,0.676,False,High,31.78
4805,Sylhet,2020,25.04185,92.21188,0.676,False,High,13.59
4806,Thakurgaon,2020,25.87111,88.36503,0.675,False,High,14.28
4807,Rangpur,2020,25.70903,89.31462,0.675,False,High,75.35
4808,Thakurgaon,2020,26.06499,88.28437,0.674,False,High,14.28
4809,Lalmonirhat,2020,25.98471,89.30115,0.673,False,High,33.32
4810,Lalmonirhat,2020,26.28957,89.03371,0.672,False,High,33.32
4811,Lalmonirhat,2020,26.31334,89.11961,0.671,False,High,33.32
4812,Lalmonirhat,2020,26.36686,89.0178,0.671,False,High,33.32
4813,Satkhira,2020,22.45472,89.01661,0.634,False,High,10.7
4814,Jessore,2020,23.1799,89.2269,0.631,False,High,7.75
4815,Narail,2020,23.15642,89.40391,0.631,False,Low,-8.78
4816,Jhenaidah,2020,23.46696,89.28305,0.629,False,High,15.44
4817,Munshiganj,2020,23.58455,90.37838,0.628,False,High,11.83
4818,Tangail,2020,24.04065,89.92595,0.626,False,High,8.96
4819,Tangail,2020,24.07781,89.83326,0.626,False,High,8.96
4820,Gazipur,2020,24.02718,90.40982,0.626,False,Medium,1.1
4821,Tangail,2020,24.12395,90.16523,0.625,False,High,8.96
4822,Gazipur,2020,24.11395,90.32652,0.625,False,Medium,1.1
4823,Gazipur,2020,24.25155,90.35388,0.625,False,Medium,1.1
4824,Gazipur,2020,24.2636,90.35919,0.625,False,Medium,1.1
4825,Tangail,2020,24.32301,90.18728,0.624,False,High,8.96
4826,Mymensingh,2020,24.26115,90.57723,0.624,False,Low,-5.83
4827,Nawabganj,2020,24.87343,88.18833,0.624,False,High,38.19
4828,Mymensingh,2020,24.40182,90.59908,0.624,False,Low,-5.83
4829,Mymensingh,2020,24.42652,90.62215,0.624,False,Low,-5.83
4830,Tangail,2020,24.5827,89.93494,0.623,False,High,8.96
4831,Mymensingh,2020,24.53309,90.30447,0.623,False,Low,-5.83
4832,Mymensingh,2020,24.54269,90.41696,0.623,False,Low,-5.83
4833,Tangail,2020,24.67254,89.92269,0.623,False,High,8.96
4834,Mymensingh,2020,24.61782,90.4974,0.623,False,Low,-5.83
4835,Mymensingh,2020,24.64273,90.67911,0.622,False,Low,-5.83
4836,Jamalpur,2020,24.8865,89.87042,0.622,False,High,16.99
4837,Jamalpur,2020,24.92488,89.9086,0.622,False,High,16.99
4838,Sunamganj,2020,24.70806,91.49923,0.622,False,High,31.03
4839,Mymensingh,2020,24.90814,90.27977,0.621,False,Low,-5.83
4840,Sherpur,2020,24.99042,89.97618,0.621,False,High,31.78
4841,Gaibandha,2020,25.12761,89.36879,0.621,False,High,42.66
4842,Netrakona,2020,24.93836,90.55641,0.621,False,High,50.49
4843,Jamalpur,2020,25.13394,89.79325,0.621,False,High,16.99
4844,Sunamganj,2020,25.05575,91.6105,0.62,False,High,31.03
4845,Jamalpur,2020,25.36914,89.75282,0.62,False,High,16.99
4846,Kurigram,2020,25.50062,89.81836,0.619,False,High,35.15
4847,Kurigram,2020,25.50164,89.80958,0.619,False,High,35.15
4848,Rangpur,2020,25.68416,89.18117,0.619,False,High,75.35
4849,Rangpur,2020,25.64823,89.40513,0.619,False,High,75.35
4850,Thakurgaon,2020,26.0049,88.19649,0.618,False,High,14.28
4851,Dinajpur,2020,25.95141,88.70792,0.618,False,High,39.31
4852,Thakurgaon,2020,26.14169,88.52642,0.617,False,High,14.28
4853,Lalmonirhat,2020,26.12944,89.13584,0.616,False,High,33.32
4854,Lalmonirhat,2020,26.21376,89.11869,0.616,False,High,33.32
4855,Lalmonirhat,2020,26.31564,89.0209,0.616,False,High,33.32
4856,Bagerhat,2020,22.59937,89.69274,0.575,False,High,11.87
4857,Satkhira,2020,22.8884,88.97701,0.575,False,High,10.7
4858,Khulna,2020,22.90682,89.50117,0.574,False,High,22.68
4859,Noakhali,2020,22.95802,91.12914,0.573,False,High,17.85
4860,Munshiganj,2020,23.49094,90.50504,0.571,False,High,11.83
4861,Faridpur,2020,23.63872,89.93798,0.571,False,High,8.19
4862,Munshiganj,2020,23.57718,90.39163,0.571,False,High,11.83
4863,Dhaka,2020,23.72091,90.15402,0.57,False,Low,-5.31
4864,Dhaka,2020,23.76583,90.24655,0.57,False,Low,-5.31
4865,Pabna,2020,24.0854,89.05853,0.57,False,High,13.38
4866,Manikganj,2020,23.93584,89.83804,0.57,False,High,10.22
4867,Manikganj,2020,23.93741,89.951,0.57,False,High,10.22
4868,Narayanganj,2020,23.81748,90.62227,0.57,False,High,31.57
4869,Manikganj,2020,23.98277,90.00648,0.569,False,High,10.22
4870,Dhaka,2020,23.98929,90.13426,0.569,False,Low,-5.31
4871,Gazipur,2020,23.97851,90.29259,0.569,False,Medium,1.1
4872,Gazipur,2020,24.00927,90.29439,0.569,False,Medium,1.1
4873,Tangail,2020,24.09416,90.08598,0.569,False,High,8.96
4874,Tangail,2020,24.2233,90.0323,0.568,False,High,8.96
4875,Nawabganj,2020,24.7569,88.10721,0.568,False,High,38.19
4876,Sirajganj,2020,24.46539,89.69184,0.568,False,High,48.62
4877,Mymensingh,2020,24.34996,90.28473,0.567,False,Low,-5.83
4878,Mymensingh,2020,24.35894,90.35637,0.567,False,Low,-5.83
4879,Tangail,2020,24.4097,90.16974,0.567,False,High,8.96
4880,Mymensingh,2020,24.36366,90.55692,0.567,False,Low,-5.83
4881,Tangail,2020,24.46899,90.17513,0.567,False,High,8.96
4882,Mymensingh,2020,24.40318,90.58387,0.567,False,Low,-5.83
4883,Tangail,2020,24.55433,89.88902,0.567,False,High,8.96
4884,Kishoreganj,2020,24.44675,90.60296,0.567,False,High,12.02
4885,Tangail,2020,24.60508,89.83377,0.567,False,High,8.96
4886,Mymensingh,2020,24.53097,90.41004,0.567,False,Low,-5.83
4887,Mymensingh,2020,24.58734,90.22701,0.566,False,Low,-5.83
4888,Mymensingh,2020,24.54287,90.74175,0.566,False,Low,-5.83
4889,Jamalpur,2020,24.6994,89.88318,0.566,False,High,16.99
4890,Mymensingh,2020,24.608,90.52952,0.566,False,Low,-5.83
4891,Mymensingh,2020,24.60688,90.5385,0.566,False,Low,-5.83
4892,Mymensingh,2020,24.59363,90.74871,0.566,False,Low,-5.83
4893,Mymensingh,2020,24.6455,90.69571,0.566,False,Low,-5.83
4894,Mymensingh,2020,24.74365,90.22769,0.566,False,Low,-5.83
4895,Jamalpur,2020,24.86312,89.73878,0.566,False,High,16.99
4896,Jamalpur,2020,24.83752,89.87981,0.566,False,High,16.99
4897,Mymensingh,2020,24.80204,90.31303,0.565,False,Low,-5.83
4898,Sherpur,2020,24.93094,90.20096,0.565,False,High,31.78
4899,Gaibandha,2020,25.10589,89.37833,0.565,False,High,42.66
4900,Mymensingh,2020,24.93499,90.44755,0.565,False,Low,-5.83
4901,Sunamganj,2020,24.80585,91.60593,0.565,False,High,31.03
4902,Sunamganj,2020,24.90332,91.54551,0.564,False,High,31.03
4903,Jamalpur,2020,25.29611,89.79986,0.564,False,High,16.99
4904,Rangpur,2020,25.66981,89.33813,0.562,False,High,75.35
4905,Thakurgaon,2020,25.93257,88.3163,0.562,False,High,14.28
4906,Rangpur,2020,25.68688,89.30467,0.562,False,High,75.35
4907,Kurigram,2020,25.62332,89.82457,0.562,False,High,35.15
4908,Rangpur,2020,25.74212,89.33207,0.562,False,High,75.35
4909,Rangpur,2020,25.794,89.12276,0.562,False,High,75.35
4910,Dinajpur,2020,25.93908,88.65182,0.562,False,High,39.31
4911,Nilphamari,2020,25.93099,88.87639,0.562,False,High,14.39
4912,Lalmonirhat,2020,26.29504,89.08885,0.56,False,High,33.32
4913,Lalmonirhat,2020,26.42035,88.97162,0.559,False,High,33.32
4914,Bandarban,2020,21.64952,92.32997,0.52,False,Medium,1.48
4915,Cox's Bazar,2020,21.83068,91.97913,0.519,False,Medium,1.81
4916,Satkhira,2020,22.44378,89.04213,0.519,False,High,10.7
4917,Pirojpur,2020,22.24566,89.94694,0.519,False,High,9.18
4918,Satkhira,2020,22.50118,89.07083,0.519,False,High,10.7
4919,Bhola,2020,22.38439,90.78462,0.518,False,Low,-6.7
4920,Patuakhali,2020,22.47023,90.3679,0.518,False,High,12.98
4921,Satkhira,2020,22.83954,89.11475,0.518,False,High,10.7
4922,Jessore,2020,22.97703,89.00795,0.517,False,High,7.75
4923,Jessore,2020,23.07984,89.08555,0.517,False,High,7.75
4924,Chittagong,2020,22.85701,91.53471,0.516,False,Low,-1.19
4925,Noakhali,2020,22.94834,91.15342,0.516,False,High,17.85
4926,Comilla,2020,23.08658,91.17713,0.515,False,High,10.87
4927,Chuadanga,2020,23.5834,88.89716,0.515,False,Low,-14.74
4928,Madaripur,2020,23.32363,90.08892,0.515,False,High,3.68
4929,Comilla,2020,23.41022,91.18137,0.514,False,High,10.87
4930,Munshiganj,2020,23.59662,90.39959,0.514,False,High,11.83
4931,Kushtia,2020,23.87161,89.30389,0.513,False,High,18.8
4932,Kushtia,2020,23.94447,89.05236,0.513,False,High,18.8
4933,Manikganj,2020,23.73436,90.19722,0.513,False,High,10.22
4934,Manikganj,2020,23.80273,90.15754,0.513,False,High,10.22
4935,Dhaka,2020,23.82794,90.2057,0.513,False,Low,-5.31
4936,Pabna,2020,24.15083,89.05536,0.513,False,High,13.38
4937,Dhaka,2020,23.92201,90.06621,0.513,False,Low,-5.31
4938,Manikganj,2020,23.9839,89.97364,0.512,False,High,10.22
4939,Manikganj,2020,23.99912,89.96415,0.512,False,High,10.22
4940,Tangail,2020,24.02582,89.93521,0.512,False,High,8.96
4941,Gazipur,2020,23.97965,90.43028,0.512,False,Medium,1.1
4942,Tangail,2020,24.04653,90.12984,0.512,False,High,8.96
4943,Gazipur,2020,24.02232,90.39959,0.512,False,Medium,1.1
4944,Tangail,2020,24.08296,90.1523,0.512,False,High,8.96
4945,Sirajganj,2020,24.21022,89.61456,0.512,False,High,48.62
4946,Natore,2020,24.43779,89.08131,0.511,False,High,9.57
4947,Gazipur,2020,24.16705,90.40458,0.511,False,Medium,1.1
4948,Narsingdi,2020,24.09344,90.87195,0.511,False,Low,-4.09
4949,Tangail,2020,24.28708,89.82916,0.511,False,High,8.96
4950,Sirajganj,2020,24.31952,89.72735,0.511,False,High,48.62
4951,Narsingdi,2020,24.15782,90.68405,0.511,False,Low,-4.09
4952,Gazipur,2020,24.26387,90.42429,0.511,False,Medium,1.1
4953,Habiganj,2020,24.14609,91.50152,0.511,False,Low,-1.01
4954,Mymensingh,2020,24.33399,90.34943,0.511,False,Low,-5.83
4955,Habiganj,2020,24.18577,91.43739,0.511,False,Low,-1.01
4956,Tangail,2020,24.40361,90.02255,0.511,False,High,8.96
4957,Tangail,2020,24.38864,90.17875,0.511,False,High,8.96
4958,Tangail,2020,24.41284,90.20096,0.511,False,High,8.96
4959,Tangail,2020,24.46774,89.94344,0.511,False,High,8.96
4960,Mymensingh,2020,24.40411,90.35866,0.51,False,Low,-5.83
4961,Tangail,2020,24.53686,89.95767,0.51,False,High,8.96
4962,Mymensingh,2020,24.46749,90.4747,0.51,False,Low,-5.83
4963,Mymensingh,2020,24.53811,90.29354,0.51,False,Low,-5.83
4964,Mymensingh,2020,24.50367,90.50414,0.51,False,Low,-5.83
4965,Tangail,2020,24.60074,89.98536,0.51,False,High,8.96
4966,Mymensingh,2020,24.53935,90.55355,0.51,False,Low,-5.83
4967,Tangail,2020,24.61446,90.11986,0.51,False,High,8.96
4968,Maulvibazar,2020,24.39562,92.11911,0.51,False,Medium,1.33
4969,Tangail,2020,24.68608,89.94095,0.51,False,High,8.96
4970,Tangail,2020,24.69855,89.98686,0.51,False,High,8.96
4971,Tangail,2020,24.71627,89.99385,0.509,False,High,8.96
4972,Jamalpur,2020,24.78789,89.88206,0.509,False,High,16.99
4973,Tangail,2020,24.78414,90.06497,0.509,False,High,8.96
4974,Mymensingh,2020,24.729,90.42729,0.509,False,Low,-5.83
4975,Mymensingh,2020,24.7557,90.30951,0.509,False,Low,-5.83
4976,Mymensingh,2020,24.7834,90.32099,0.509,False,Low,-5.83
4977,Mymensingh,2020,24.75295,90.56877,0.509,False,Low,-5.83
4978,Sylhet,2020,24.68483,91.78823,0.509,False,High,13.59
4979,Sunamganj,2020,24.71827,91.49304,0.509,False,High,31.03
4980,Sherpur,2020,24.93461,90.07395,0.509,False,High,31.78
4981,Netrakona,2020,24.82407,90.77713,0.509,False,High,50.49
4982,Sherpur,2020,24.9955,89.912,0.508,False,High,31.78
4983,Sunamganj,2020,24.76618,91.62055,0.508,False,High,31.03
4984,Jamalpur,2020,25.05364,89.85187,0.508,False,High,16.99
4985,Sherpur,2020,25.05164,90.09017,0.508,False,High,31.78
4986,Sherpur,2020,25.19712,89.91924,0.508,False,High,31.78
4987,Sherpur,2020,25.1829,90.10389,0.508,False,High,31.78
4988,Sherpur,2020,25.16243,90.24837,0.507,False,High,31.78
4989,Sherpur,2020,25.20186,90.0485,0.507,False,High,31.78
4990,Dinajpur,2020,25.7925,88.40433,0.507,False,High,39.31
4991,Thakurgaon,2020,25.82744,88.28455,0.507,False,High,14.28
4992,Thakurgaon,2020,25.86412,88.30477,0.506,False,High,14.28
4993,Rangpur,2020,25.63904,89.29216,0.506,False,High,75.35
4994,Thakurgaon,2020,25.89082,88.3382,0.506,False,High,14.28
4995,Thakurgaon,2020,25.94147,88.2863,0.506,False,High,14.28
4996,Thakurgaon,2020,25.9295,88.3417,0.506,False,High,14.28
4997,Rangpur,2020,25.70567,89.26671,0.506,False,High,75.35
4998,Rangpur,2020,25.69494,89.35505,0.506,False,High,75.35
4999,Rangpur,2020,25.73112,89.32435,0.506,False,High,75.35
5000,Thakurgaon,2020,25.99587,88.26809,0.506,False,High,14.28
5001,Thakurgaon,2020,26.01933,88.2067,0.506,False,High,14.28
5002,Kurigram,2020,25.69169,89.61082,0.506,False,High,35.15
5003,Thakurgaon,2020,26.01633,88.29404,0.506,False,High,14.28
5004,Thakurgaon,2020,26.04528,88.21394,0.506,False,High,14.28
5005,Thakurgaon,2020,26.04678,88.27557,0.506,False,High,14.28
5006,Lalmonirhat,2020,25.89257,89.37226,0.505,False,High,33.32
5007,Lalmonirhat,2020,25.93349,89.3251,0.505,False,High,33.32
5008,Thakurgaon,2020,26.1391,88.56752,0.505,False,High,14.28
5009,Nilphamari,2020,26.08995,89.06933,0.505,False,High,14.39
5010,Lalmonirhat,2020,26.18502,89.10901,0.504,False,High,33.32
5011,Lalmonirhat,2020,26.23318,89.05985,0.504,False,High,33.32
5012,Lalmonirhat,2020,26.2464,89.116,0.504,False,High,33.32
5013,Lalmonirhat,2020,26.2998,89.05212,0.504,False,High,33.32
5014,Barguna,2020,22.114,89.93905,0.462,False,High,63.87
5015,Khulna,2020,22.30994,89.30377,0.462,False,High,22.68
5016,Barguna,2020,22.16705,89.99856,0.462,False,High,63.87
5017,Barguna,2020,22.16986,90.01484,0.462,False,High,63.87
5018,Barguna,2020,22.28468,90.06172,0.461,False,High,63.87
5019,Noakhali,2020,22.55782,91.20904,0.46,False,High,17.85
5020,Chittagong,2020,22.51964,91.70171,0.46,False,Low,-1.19
5021,Jessore,2020,23.10663,89.32959,0.459,False,High,7.75
5022,Jessore,2020,23.11197,89.31837,0.459,False,High,7.75
5023,Gopalganj,2020,22.94662,90.02298,0.459,False,Low,-0.76
5024,Noakhali,2020,22.90564,91.14616,0.458,False,High,17.85
5025,Jhenaidah,2020,23.30314,89.17492,0.458,False,High,15.44
5026,Noakhali,2020,23.07351,91.10742,0.458,False,High,17.85
5027,Comilla,2020,23.09681,91.16665,0.458,False,High,10.87
5028,Chuadanga,2020,23.6052,88.88381,0.458,False,Low,-14.74
5029,Comilla,2020,23.2032,91.22588,0.457,False,High,10.87
5030,Comilla,2020,23.2644,91.25171,0.457,False,High,10.87
5031,Munshiganj,2020,23.52519,90.37389,0.457,False,High,11.83
5032,Faridpur,2020,23.68914,89.79054,0.457,False,High,8.19
5033,Kushtia,2020,23.79946,89.32258,0.457,False,High,18.8
5034,Rajbari,2020,23.69026,89.77595,0.457,False,High,4.82
5035,Rajbari,2020,23.80592,89.34812,0.457,False,High,4.82
5036,Narayanganj,2020,23.57628,90.43677,0.457,False,High,31.57
5037,Munshiganj,2020,23.60267,90.36434,0.457,False,High,11.83
5038,Kushtia,2020,23.87554,89.27542,0.456,False,High,18.8
5039,Manikganj,2020,23.84157,89.89638,0.456,False,High,10.22
5040,Dhaka,2020,23.77953,90.29613,0.456,False,Low,-5.31
5041,Manikganj,2020,23.81378,90.23774,0.456,False,High,10.22
5042,Dhaka,2020,23.81322,90.29304,0.456,False,Low,-5.31
5043,Manikganj,2020,23.91484,89.81974,0.456,False,High,10.22
5044,Dhaka,2020,23.82978,90.28546,0.456,False,Low,-5.31
5045,Narayanganj,2020,23.79356,90.66303,0.456,False,High,31.57
5046,Narayanganj,2020,23.8003,90.68661,0.456,False,High,31.57
5047,Dhaka,2020,23.89519,90.27872,0.456,False,Low,-5.31
5048,Manikganj,2020,24.02151,89.95505,0.455,False,High,10.22
5049,Gazipur,2020,23.99007,90.28574,0.455,False,Medium,1.1
5050,Tangail,2020,24.0639,89.90508,0.455,False,High,8.96
5051,Gazipur,2020,24.04032,90.30595,0.455,False,Medium,1.1
5052,Tangail,2020,24.09057,90.0547,0.455,False,High,8.96
5053,Sirajganj,2020,24.18658,89.67713,0.455,False,High,48.62
5054,Gazipur,2020,24.06531,90.31241,0.455,False,Medium,1.1
5055,Natore,2020,24.34912,89.11316,0.455,False,High,9.57
5056,Natore,2020,24.36287,89.17632,0.455,False,High,9.57
5057,Sirajganj,2020,24.3275,89.56484,0.455,False,High,48.62
5058,Tangail,2020,24.24076,90.00726,0.455,False,High,8.96
5059,Gazipur,2020,24.20426,90.30118,0.454,False,Medium,1.1
5060,Tangail,2020,24.24216,90.13696,0.454,False,High,8.96
5061,Gazipur,2020,24.26855,90.3242,0.454,False,Medium,1.1
5062,Tangail,2020,24.36287,89.85062,0.454,False,High,8.96
5063,Gazipur,2020,24.28062,90.41543,0.454,False,Medium,1.1
5064,Gazipur,2020,24.25564,90.59818,0.454,False,Medium,1.1
5065,Tangail,2020,24.33031,90.1917,0.454,False,High,8.96
5066,Mymensingh,2020,24.31655,90.39662,0.454,False,Low,-5.83
5067,Mymensingh,2020,24.32161,90.42049,0.454,False,Low,-5.83
5068,Tangail,2020,24.43137,90.21135,0.454,False,High,8.96
5069,Tangail,2020,24.43586,90.20068,0.454,False,High,8.96
5070,Mymensingh,2020,24.43867,90.2324,0.454,False,Low,-5.83
5071,Mymensingh,2020,24.41481,90.37782,0.454,False,Low,-5.83
5072,Tangail,2020,24.45607,90.18917,0.454,False,High,8.96
5073,Mymensingh,2020,24.45551,90.51144,0.453,False,Low,-5.83
5074,Mymensingh,2020,24.46983,90.53334,0.453,False,Low,-5.83
5075,Mymensingh,2020,24.4805,90.48393,0.453,False,Low,-5.83
5076,Mymensingh,2020,24.48976,90.44575,0.453,False,Low,-5.83
5077,Tangail,2020,24.56471,90.03393,0.453,False,High,8.96
5078,Mymensingh,2020,24.4979,90.43452,0.453,False,Low,-5.83
5079,Kishoreganj,2020,24.45046,90.78599,0.453,False,High,12.02
5080,Kishoreganj,2020,24.48807,90.62092,0.453,False,High,12.02
5081,Mymensingh,2020,24.56078,90.3576,0.453,False,Low,-5.83
5082,Tangail,2020,24.66661,89.8888,0.453,False,High,8.96
5083,Tangail,2020,24.66128,89.93512,0.453,False,High,8.96
5084,Mymensingh,2020,24.53917,90.64591,0.453,False,Low,-5.83
5085,Tangail,2020,24.65342,90.05863,0.453,False,High,8.96
5086,Tangail,2020,24.67953,89.92894,0.453,False,High,8.96
5087,Sirajganj,2020,24.71406,89.75966,0.453,False,High,48.62
5088,Mymensingh,2020,24.57398,90.57488,0.453,False,Low,-5.83
5089,Tangail,2020,24.70872,89.90199,0.453,False,High,8.96
5090,Tangail,2020,24.7149,89.97133,0.453,False,High,8.96
5091,Jamalpur,2020,24.7455,89.82619,0.453,False,High,16.99
5092,Mymensingh,2020,24.66577,90.33037,0.453,False,Low,-5.83
5093,Mymensingh,2020,24.62254,90.64815,0.453,False,Low,-5.83
5094,Mymensingh,2020,24.73287,90.21051,0.453,False,Low,-5.83
5095,Mymensingh,2020,24.7236,90.26216,0.453,False,Low,-5.83
5096,Mymensingh,2020,24.74606,90.20994,0.453,False,Low,-5.83
5097,Jamalpur,2020,24.81287,90.02495,0.453,False,High,16.99
5098,Mymensingh,2020,24.74101,90.48112,0.452,False,Low,-5.83
5099,Mymensingh,2020,24.78789,90.35873,0.452,False,Low,-5.83
5100,Mymensingh,2020,24.78957,90.37108,0.452,False,Low,-5.83
5101,Maulvibazar,2020,24.63321,91.80249,0.452,False,Medium,1.33
5102,Mymensingh,2020,24.84824,90.36378,0.452,False,Low,-5.83
5103,Sherpur,2020,24.92909,89.99575,0.452,False,High,31.78
5104,Bogra,2020,25.04896,89.49578,0.452,False,High,39.64
5105,Gaibandha,2020,25.0863,89.38602,0.452,False,High,42.66
5106,Sylhet,2020,24.72585,91.79182,0.452,False,High,13.59
5107,Sherpur,2020,24.94229,90.14032,0.452,False,High,31.78
5108,Sherpur,2020,24.96923,90.15801,0.452,False,High,31.78
5109,Jamalpur,2020,25.0324,89.82619,0.452,False,High,16.99
5110,Gaibandha,2020,25.13655,89.36749,0.452,False,High,42.66
5111,Netrakona,2020,24.94986,90.5252,0.452,False,High,50.49
5112,Sherpur,2020,25.08714,90.03112,0.452,False,High,31.78
5113,Sylhet,2020,24.85245,91.89709,0.452,False,High,13.59
5114,Sherpur,2020,25.11268,89.94578,0.451,False,High,31.78
5115,Jamalpur,2020,25.15171,89.76921,0.451,False,High,16.99
5116,Sylhet,2020,24.91562,92.28309,0.451,False,High,13.59
5117,Sherpur,2020,25.23003,89.91097,0.451,False,High,31.78
5118,Mymensingh,2020,25.17416,90.52548,0.451,False,Low,-5.83
5119,Sunamganj,2020,25.08517,91.61777,0.451,False,High,31.03
5120,Jamalpur,2020,25.37797,89.76556,0.451,False,High,16.99
5121,Thakurgaon,2020,25.84706,88.13736,0.45,False,High,14.28
5122,Rangpur,2020,25.7255,89.33521,0.45,False,High,75.35
5123,Thakurgaon,2020,25.97029,88.41107,0.45,False,High,14.28
5124,Rangpur,2020,25.82011,89.01743,0.45,False,High,75.35
5125,Dinajpur,2020,25.94812,88.6261,0.449,False,High,39.31
5126,Dinajpur,2020,25.95682,88.6553,0.449,False,High,39.31
5127,Thakurgaon,2020,26.10392,88.3538,0.449,False,High,14.28
5128,Nilphamari,2020,25.98405,88.83496,0.449,False,High,14.39
5129,Thakurgaon,2020,26.11431,88.3552,0.449,False,High,14.28
5130,Nilphamari,2020,26.01072,88.8664,0.449,False,High,14.39
5131,Kurigram,2020,25.95822,89.5567,0.449,False,High,35.15
5132,Lalmonirhat,2020,26.02756,89.27654,0.449,False,High,33.32
5133,Lalmonirhat,2020,26.04356,89.28945,0.449,False,High,33.32
5134,Panchagarh,2020,26.25944,88.42538,0.449,False,High,16.31
5135,Panchagarh,2020,26.25495,88.45598,0.449,False,High,16.31
5136,Lalmonirhat,2020,26.11824,89.21366,0.448,False,High,33.32
5137,Lalmonirhat,2020,26.18786,89.09463,0.448,False,High,33.32
5138,Panchagarh,2020,26.39391,88.63144,0.448,False,High,16.31
5139,Cox's Bazar,2020,21.29472,92.13202,0.405,False,Medium,1.81
5140,Satkhira,2020,22.3419,89.11239,0.404,False,High,10.7
5141,Barguna,2020,22.15101,90.18941,0.404,False,High,63.87
5142,Barguna,2020,22.26587,90.12813,0.403,False,High,63.87
5143,Barguna,2020,22.32618,90.08386,0.403,False,High,63.87
5144,Satkhira,2020,22.71214,89.02353,0.403,False,High,10.7
5145,Chittagong,2020,22.28255,91.83333,0.403,False,Low,-1.19
5146,Bhola,2020,22.54595,90.7345,0.402,False,Low,-6.7
5147,Jessore,2020,22.878,89.24554,0.402,False,High,7.75
5148,Pirojpur,2020,22.73877,90.01199,0.402,False,High,9.18
5149,Jessore,2020,22.96687,89.19806,0.402,False,High,7.75
5150,Jessore,2020,23.11125,89.33986,0.402,False,High,7.75
5151,Chittagong,2020,22.70732,91.77975,0.402,False,Low,-1.19
5152,Gopalganj,2020,23.01564,90.01552,0.401,False,Low,-0.76
5153,Gopalganj,2020,23.13852,89.8426,0.401,False,Low,-0.76
5154,Narail,2020,23.21391,89.63855,0.401,False,Low,-8.78
5155,Noakhali,2020,22.94313,91.15831,0.401,False,High,17.85
5156,Lakshmipur,2020,22.99799,90.85513,0.401,False,Low,-1.16
5157,Noakhali,2020,22.95372,91.16761,0.401,False,High,17.85
5158,Feni,2020,23.00601,91.30653,0.401,False,Low,-4.77
5159,Madaripur,2020,23.29251,90.04151,0.401,False,High,3.68
5160,Feni,2020,23.10675,91.49357,0.4,False,Low,-4.77
5161,Madaripur,2020,23.36855,90.21668,0.4,False,High,3.68
5162,Feni,2020,23.19979,91.47368,0.4,False,Low,-4.77
5163,Comilla,2020,23.27711,91.06623,0.4,False,High,10.87
5164,Faridpur,2020,23.49335,90.04215,0.4,False,High,8.19
5165,Munshiganj,2020,23.46672,90.48906,0.4,False,High,11.83
5166,Munshiganj,2020,23.48341,90.55965,0.4,False,High,11.83
5167,Munshiganj,2020,23.51035,90.55291,0.4,False,High,11.83
5168,Munshiganj,2020,23.5819,90.41431,0.4,False,High,11.83
5169,Munshiganj,2020,23.59441,90.37421,0.399,False,High,11.83
5170,Kushtia,2020,23.92294,89.04534,0.399,False,High,18.8
5171,Kushtia,2020,24.02336,88.96096,0.399,False,High,18.8
5172,Dhaka,2020,23.75418,90.27475,0.399,False,Low,-5.31
5173,Kushtia,2020,24.06571,88.94556,0.399,False,High,18.8
5174,Pabna,2020,23.95598,89.38702,0.399,False,High,13.38
5175,Comilla,2020,23.67013,90.89202,0.399,False,High,10.87
5176,Pabna,2020,24.04934,89.06491,0.399,False,High,13.38
5177,Manikganj,2020,23.88861,89.83426,0.399,False,High,10.22
5178,Manikganj,2020,23.82958,90.12396,0.399,False,High,10.22
5179,Manikganj,2020,23.83471,90.10215,0.399,False,High,10.22
5180,Pabna,2020,24.0779,89.06106,0.399,False,High,13.38
5181,Pabna,2020,23.97844,89.46402,0.399,False,High,13.38
5182,Pabna,2020,24.02272,89.35013,0.399,False,High,13.38
5183,Manikganj,2020,23.87513,90.04023,0.399,False,High,10.22
5184,Pabna,2020,24.01951,89.45375,0.399,False,High,13.38
5185,Manikganj,2020,23.92101,89.95681,0.399,False,High,10.22
5186,Manikganj,2020,23.94893,89.93115,0.399,False,High,10.22
5187,Narayanganj,2020,23.84819,90.64948,0.399,False,High,31.57
5188,Tangail,2020,23.9932,89.88591,0.399,False,High,8.96
5189,Manikganj,2020,23.98582,89.96098,0.399,False,High,10.22
5190,Tangail,2020,24.01245,89.91607,0.398,False,High,8.96
5191,Tangail,2020,24.03587,89.91767,0.398,False,High,8.96
5192,Dhaka,2020,24.01405,90.12525,0.398,False,Low,-5.31
5193,Gazipur,2020,23.96593,90.4265,0.398,False,Medium,1.1
5194,Tangail,2020,24.06089,89.94815,0.398,False,High,8.96
5195,Gazipur,2020,23.99737,90.30395,0.398,False,Medium,1.1
5196,Tangail,2020,24.0471,90.12075,0.398,False,High,8.96
5197,Sirajganj,2020,24.1703,89.59749,0.398,False,High,48.62
5198,Gazipur,2020,24.04678,90.20513,0.398,False,Medium,1.1
5199,Tangail,2020,24.07886,90.07905,0.398,False,High,8.96
5200,Gazipur,2020,24.0487,90.26962,0.398,False,Medium,1.1
5201,Gazipur,2020,24.05351,90.25037,0.398,False,Medium,1.1
5202,Tangail,2020,24.07758,90.16439,0.398,False,High,8.96
5203,Tangail,2020,24.1087,90.10824,0.398,False,High,8.96
5204,Sirajganj,2020,24.21682,89.59781,0.398,False,High,48.62
5205,Rajshahi,2020,24.4446,88.772,0.398,False,Low,-20.24
5206,Sirajganj,2020,24.27874,89.52466,0.398,False,High,48.62
5207,Sirajganj,2020,24.29606,89.47846,0.398,False,High,48.62
5208,Sirajganj,2020,24.29831,89.51856,0.398,False,High,48.62
5209,Gazipur,2020,24.14303,90.31806,0.398,False,Medium,1.1
5210,Sirajganj,2020,24.30312,89.71362,0.398,False,High,48.62
5211,Gazipur,2020,24.15522,90.58371,0.398,False,Medium,1.1
5212,Tangail,2020,24.25018,90.06621,0.398,False,High,8.96
5213,Rajshahi,2020,24.57165,88.80665,0.398,False,Low,-20.24
5214,Sirajganj,2020,24.36792,89.70625,0.398,False,High,48.62
5215,Habiganj,2020,24.10388,91.38032,0.398,False,Low,-1.01
5216,Gazipur,2020,24.26141,90.43516,0.397,False,Medium,1.1
5217,Gazipur,2020,24.25018,90.64851,0.397,False,Medium,1.1
5218,Habiganj,2020,24.15875,91.3585,0.397,False,Low,-1.01
5219,Gazipur,2020,24.27938,90.48778,0.397,False,Medium,1.1
5220,Tangail,2020,24.40482,89.83297,0.397,False,High,8.96
5221,Nawabganj,2020,24.84467,88.15344,0.397,False,High,38.19
5222,Tangail,2020,24.40225,89.97767,0.397,False,High,8.96
5223,Mymensingh,2020,24.32365,90.39153,0.397,False,Low,-5.83
5224,Mymensingh,2020,24.33231,90.39474,0.397,False,Low,-5.83
5225,Tangail,2020,24.38108,90.16535,0.397,False,High,8.96
5226,Sirajganj,2020,24.50909,89.6748,0.397,False,High,48.62
5227,Tangail,2020,24.42247,90.19262,0.397,False,High,8.96
5228,Mymensingh,2020,24.40835,90.31774,0.397,False,Low,-5.83
5229,Tangail,2020,24.46417,90.03734,0.397,False,High,8.96
5230,Tangail,2020,24.45262,90.14802,0.397,False,High,8.96
5231,Mymensingh,2020,24.44043,90.29849,0.397,False,Low,-5.83
5232,Tangail,2020,24.50171,89.99531,0.397,False,High,8.96
5233,Tangail,2020,24.54983,89.84484,0.397,False,High,8.96
5234,Tangail,2020,24.49241,90.16471,0.397,False,High,8.96
5235,Naogaon,2020,24.8158,88.75852,0.397,False,High,22.41
5236,Tangail,2020,24.57486,89.86538,0.397,False,High,8.96
5237,Mymensingh,2020,24.46834,90.52179,0.397,False,Low,-5.83
5238,Mymensingh,2020,24.49594,90.3649,0.397,False,Low,-5.83
5239,Tangail,2020,24.5447,90.09445,0.397,False,High,8.96
5240,Kishoreganj,2020,24.43305,90.81181,0.397,False,High,12.02
5241,Mymensingh,2020,24.55144,90.20449,0.397,False,Low,-5.83
5242,Tangail,2020,24.56876,90.12364,0.397,False,High,8.96
5243,Tangail,2020,24.59282,90.03638,0.397,False,High,8.96
5244,Mymensingh,2020,24.54695,90.3402,0.397,False,Low,-5.83
5245,Mymensingh,2020,24.53219,90.4265,0.397,False,Low,-5.83
5246,Kishoreganj,2020,24.49208,90.6915,0.397,False,High,12.02
5247,Mymensingh,2020,24.5216,90.55419,0.397,False,Low,-5.83
5248,Mymensingh,2020,24.5739,90.24908,0.397,False,Low,-5.83
5249,Mymensingh,2020,24.58256,90.30234,0.397,False,Low,-5.83
5250,Mymensingh,2020,24.58865,90.29208,0.396,False,Low,-5.83
5251,Jamalpur,2020,24.67688,89.86217,0.396,False,High,16.99
5252,Mymensingh,2020,24.5662,90.55419,0.396,False,Low,-5.83
5253,Mymensingh,2020,24.56908,90.53526,0.396,False,Low,-5.83
5254,Mymensingh,2020,24.57678,90.53237,0.396,False,Low,-5.83
5255,Mymensingh,2020,24.6387,90.28983,0.396,False,Low,-5.83
5256,Mymensingh,2020,24.65539,90.28085,0.396,False,Low,-5.83
5257,Maulvibazar,2020,24.4446,92.13041,0.396,False,Medium,1.33
5258,Jamalpur,2020,24.75228,89.83907,0.396,False,High,16.99
5259,Kishoreganj,2020,24.58512,90.82304,0.396,False,High,12.02
5260,Mymensingh,2020,24.69389,90.3479,0.396,False,Low,-5.83
5261,Mymensingh,2020,24.6926,90.36073,0.396,False,Low,-5.83
5262,Mymensingh,2020,24.74618,90.1076,0.396,False,Low,-5.83
5263,Jamalpur,2020,24.80008,89.9366,0.396,False,High,16.99
5264,Mymensingh,2020,24.68586,90.63119,0.396,False,Low,-5.83
5265,Mymensingh,2020,24.76383,90.15059,0.396,False,Low,-5.83
5266,Mymensingh,2020,24.69132,90.61034,0.396,False,Low,-5.83
5267,Mymensingh,2020,24.78019,90.10215,0.396,False,Low,-5.83
5268,Jamalpur,2020,24.80938,90.15091,0.396,False,High,16.99
5269,Mymensingh,2020,24.80361,90.27603,0.396,False,Low,-5.83
5270,Mymensingh,2020,24.81869,90.371,0.396,False,Low,-5.83
5271,Mymensingh,2020,24.79334,90.57537,0.396,False,Low,-5.83
5272,Mymensingh,2020,24.77826,90.68477,0.396,False,Low,-5.83
5273,Jamalpur,2020,24.88991,90.04087,0.396,False,High,16.99
5274,Jamalpur,2020,24.92424,89.98986,0.396,False,High,16.99
5275,Sherpur,2020,24.96434,89.90772,0.396,False,High,31.78
5276,Sylhet,2020,24.73688,91.74285,0.395,False,High,13.59
5277,Sylhet,2020,24.72918,91.94562,0.395,False,High,13.59
5278,Netrakona,2020,24.87323,90.63344,0.395,False,High,50.49
5279,Sylhet,2020,24.74425,91.99342,0.395,False,High,13.59
5280,Netrakona,2020,24.9098,90.53494,0.395,False,High,50.49
5281,Netrakona,2020,24.862,91.0011,0.395,False,High,50.49
5282,Sylhet,2020,24.7866,91.78167,0.395,False,High,13.59
5283,Sherpur,2020,25.02658,89.99948,0.395,False,High,31.78
5284,Maulvibazar,2020,24.80361,92.23115,0.395,False,Medium,1.33
5285,Jamalpur,2020,25.09364,89.9042,0.395,False,High,16.99
5286,Jamalpur,2020,25.12893,89.82495,0.395,False,High,16.99
5287,Mymensingh,2020,25.16293,90.59847,0.395,False,Low,-5.83
5288,Sylhet,2020,25.05706,92.1102,0.394,False,High,13.59
5289,Sylhet,2020,25.13919,91.8776,0.394,False,High,13.59
5290,Thakurgaon,2020,25.81903,88.27183,0.394,False,High,14.28
5291,Kurigram,2020,25.4674,89.80666,0.394,False,High,35.15
5292,Kurigram,2020,25.47093,89.82014,0.394,False,High,35.15
5293,Thakurgaon,2020,25.84758,88.29653,0.394,False,High,14.28
5294,Thakurgaon,2020,25.90597,88.31867,0.394,False,High,14.28
5295,Thakurgaon,2020,25.91688,88.35364,0.394,False,High,14.28
5296,Rangpur,2020,25.67979,89.38349,0.394,False,High,75.35
5297,Kurigram,2020,25.62877,89.83105,0.393,False,High,35.15
5298,Thakurgaon,2020,26.05098,88.25386,0.393,False,High,14.28
5299,Rangpur,2020,25.80363,89.2834,0.393,False,High,75.35
5300,Rangpur,2020,25.77571,89.41301,0.393,False,High,75.35
5301,Kurigram,2020,25.75069,89.5731,0.393,False,High,35.15
5302,Nilphamari,2020,25.92939,88.93337,0.393,False,High,14.39
5303,Kurigram,2020,25.81646,89.62026,0.393,False,High,35.15
5304,Thakurgaon,2020,26.12092,88.36455,0.393,False,High,14.28
5305,Lalmonirhat,2020,25.8941,89.37964,0.393,False,High,33.32
5306,Nilphamari,2020,25.99965,89.04438,0.393,False,High,14.39
5307,Thakurgaon,2020,26.17418,88.4685,0.393,False,High,14.28
5308,Lalmonirhat,2020,25.97687,89.42873,0.393,False,High,33.32
5309,Nilphamari,2020,26.0821,88.9985,0.393,False,High,14.39
5310,Panchagarh,2020,26.2499,88.47299,0.392,False,High,16.31
5311,Kurigram,2020,26.12991,89.63181,0.392,False,High,35.15
5312,Panchagarh,2020,26.37021,88.61608,0.392,False,High,16.31
5313,Lalmonirhat,2020,26.2746,89.11015,0.392,False,High,33.32
5314,Lalmonirhat,2020,26.38881,89.07165,0.391,False,High,33.32
5315,Cox's Bazar,2020,21.43343,92.00957,0.347,False,Medium,1.81
5316,Cox's Bazar,2020,21.45439,92.00545,0.347,False,Medium,1.81
5317,Barguna,2020,22.14497,89.92585,0.346,False,High,63.87
5318,Cox's Bazar,2020,21.82607,91.95792,0.346,False,Medium,1.81
5319,Bhola,2020,22.02332,90.67482,0.346,False,Low,-6.7
5320,Barguna,2020,22.17641,90.01007,0.346,False,High,63.87
5321,Barguna,2020,22.13935,90.33571,0.346,False,High,63.87
5322,Patuakhali,2020,22.2741,90.20059,0.346,False,High,12.98
5323,Patuakhali,2020,22.23181,90.43752,0.346,False,High,12.98
5324,Barguna,2020,22.29843,90.13471,0.346,False,High,63.87
5325,Khulna,2020,22.60348,89.26709,0.346,False,High,22.68
5326,Patuakhali,2020,22.39088,90.24999,0.345,False,High,12.98
5327,Bhola,2020,22.31752,90.76353,0.345,False,Low,-6.7
5328,Patuakhali,2020,22.46499,90.27769,0.345,False,High,12.98
5329,Barisal,2020,22.47922,90.28555,0.345,False,High,9.66
5330,Bagerhat,2020,22.62557,89.6616,0.345,False,High,11.87
5331,Satkhira,2020,22.8202,88.97401,0.345,False,High,10.7
5332,Bhola,2020,22.46312,90.79535,0.345,False,Low,-6.7
5333,Patuakhali,2020,22.52189,90.57414,0.345,False,High,12.98
5334,Jessore,2020,22.9265,88.9654,0.345,False,High,7.75
5335,Satkhira,2020,22.90479,89.06684,0.345,False,High,10.7
5336,Barisal,2020,22.60348,90.4858,0.345,False,High,9.66
5337,Jessore,2020,22.94148,89.06235,0.345,False,High,7.75
5338,Jessore,2020,22.98265,89.04101,0.345,False,High,7.75
5339,Khulna,2020,22.87448,89.48044,0.345,False,High,22.68
5340,Bagerhat,2020,22.83817,89.8042,0.345,False,High,11.87
5341,Jessore,2020,23.05302,88.99946,0.345,False,High,7.75
5342,Bagerhat,2020,22.83143,89.90377,0.345,False,High,11.87
5343,Bhola,2020,22.68882,90.64862,0.345,False,Low,-6.7
5344,Jessore,2020,23.07173,88.99348,0.345,False,High,7.75
5345,Noakhali,2020,22.61995,91.18724,0.345,False,High,17.85
5346,Jessore,2020,23.07585,89.0732,0.344,False,High,7.75
5347,Barisal,2020,22.89244,90.16989,0.344,False,High,9.66
5348,Gopalganj,2020,22.95458,89.94868,0.344,False,Low,-0.76
5349,Narail,2020,23.07211,89.48867,0.344,False,Low,-8.78
5350,Barisal,2020,22.88458,90.45773,0.344,False,High,9.66
5351,Gopalganj,2020,23.03954,89.77089,0.344,False,Low,-0.76
5352,Lakshmipur,2020,22.85426,90.8309,0.344,False,Low,-1.16
5353,Chittagong,2020,22.74235,91.84563,0.344,False,Low,-1.19
5354,Chittagong,2020,22.74235,91.85461,0.344,False,Low,-1.19
5355,Jessore,2020,23.20348,89.23752,0.344,False,High,7.75
5356,Lakshmipur,2020,22.85988,90.8848,0.344,False,Low,-1.16
5357,Gopalganj,2020,23.07622,89.8888,0.344,False,Low,-0.76
5358,Jessore,2020,23.28658,89.07582,0.344,False,High,7.75
5359,Narail,2020,23.18215,89.49466,0.344,False,Low,-8.78
5360,Chittagong,2020,22.81646,91.71762,0.344,False,Low,-1.19
5361,Gopalganj,2020,23.10804,90.0052,0.344,False,Low,-0.76
5362,Narail,2020,23.20311,89.62267,0.344,False,Low,-8.78
5363,Chittagong,2020,22.85838,91.71163,0.344,False,Low,-1.19
5364,Jhenaidah,2020,23.3794,88.97401,0.344,False,High,15.44
5365,Narail,2020,23.25102,89.58973,0.344,False,Low,-8.78
5366,Gopalganj,2020,23.24578,89.96478,0.344,False,Low,-0.76
5367,Jhenaidah,2020,23.48084,89.0747,0.343,False,High,15.44
5368,Noakhali,2020,23.05788,91.23253,0.343,False,High,17.85
5369,Faridpur,2020,23.33561,89.71849,0.343,False,High,8.19
5370,Chuadanga,2020,23.55944,88.88867,0.343,False,Low,-14.74
5371,Gopalganj,2020,23.32251,89.83939,0.343,False,Low,-0.76
5372,Shariatpur,2020,23.27909,90.37988,0.343,False,High,11.14
5373,Faridpur,2020,23.40448,89.8757,0.343,False,High,8.19
5374,Shariatpur,2020,23.35732,90.29416,0.343,False,High,11.14
5375,Comilla,2020,23.2192,91.23627,0.343,False,High,10.87
5376,Chuadanga,2020,23.72638,88.84301,0.343,False,Low,-14.74
5377,Chuadanga,2020,23.72451,88.87707,0.343,False,Low,-14.74
5378,Faridpur,2020,23.54372,89.86372,0.343,False,High,8.19
5379,Munshiganj,2020,23.41983,90.51051,0.343,False,High,11.83
5380,Jhenaidah,2020,23.66986,89.34831,0.343,False,High,15.44
5381,Munshiganj,2020,23.49132,90.55729,0.343,False,High,11.83
5382,Faridpur,2020,23.66499,89.77314,0.343,False,High,8.19
5383,Rajbari,2020,23.70879,89.781,0.342,False,High,4.82
5384,Comilla,2020,23.5411,90.83128,0.342,False,High,10.87
5385,Rajbari,2020,23.82856,89.41493,0.342,False,High,4.82
5386,Kushtia,2020,24.00411,88.78724,0.342,False,High,18.8
5387,Manikganj,2020,23.74322,89.94681,0.342,False,High,10.22
5388,Kushtia,2020,24.0187,88.93434,0.342,False,High,18.8
5389,Narayanganj,2020,23.67959,90.57788,0.342,False,High,31.57
5390,Pabna,2020,23.994,89.14769,0.342,False,High,13.38
5391,Dhaka,2020,23.73723,90.31587,0.342,False,Low,-5.31
5392,Manikganj,2020,23.84054,90.00071,0.342,False,High,10.22
5393,Manikganj,2020,23.88807,89.81993,0.342,False,High,10.22
5394,Manikganj,2020,23.86899,89.91724,0.342,False,High,10.22
5395,Manikganj,2020,23.89107,89.94232,0.342,False,High,10.22
5396,Manikganj,2020,23.85776,90.10664,0.342,False,High,10.22
5397,Dhaka,2020,23.8323,90.27844,0.342,False,Low,-5.31
5398,Manikganj,2020,23.88433,90.02654,0.342,False,High,10.22
5399,Pabna,2020,24.03967,89.3543,0.342,False,High,13.38
5400,Manikganj,2020,23.91764,89.92323,0.342,False,High,10.22
5401,Manikganj,2020,23.90454,90.01194,0.342,False,High,10.22
5402,Manikganj,2020,23.91016,90.02055,0.342,False,High,10.22
5403,Manikganj,2020,23.93037,89.9775,0.342,False,High,10.22
5404,Dhaka,2020,23.88957,90.28593,0.342,False,Low,-5.31
5405,Manikganj,2020,23.94197,90.02616,0.342,False,High,10.22
5406,Narayanganj,2020,23.83418,90.62392,0.342,False,High,31.57
5407,Pabna,2020,24.03443,89.60807,0.342,False,High,13.38
5408,Natore,2020,24.16992,89.06609,0.342,False,High,9.57
5409,Tangail,2020,23.99288,89.83639,0.342,False,High,8.96
5410,Dhaka,2020,23.92026,90.29191,0.342,False,Low,-5.31
5411,Tangail,2020,24.00261,89.88243,0.342,False,High,8.96
5412,Narsingdi,2020,23.89631,90.65873,0.342,False,Low,-4.09
5413,Tangail,2020,24.09319,89.82629,0.341,False,High,8.96
5414,Gazipur,2020,24.03443,90.16016,0.341,False,Medium,1.1
5415,Tangail,2020,24.05351,90.1145,0.341,False,High,8.96
5416,Tangail,2020,24.08683,90.09466,0.341,False,High,8.96
5417,Narsingdi,2020,23.98165,90.74781,0.341,False,Low,-4.09
5418,Gazipur,2020,24.06474,90.32186,0.341,False,Medium,1.1
5419,Tangail,2020,24.13249,90.07332,0.341,False,High,8.96
5420,Gazipur,2020,24.10142,90.46784,0.341,False,Medium,1.1
5421,Rajshahi,2020,24.45364,88.87445,0.341,False,Low,-20.24
5422,Tangail,2020,24.19462,90.03852,0.341,False,High,8.96
5423,Tangail,2020,24.19762,90.06022,0.341,False,High,8.96
5424,Sirajganj,2020,24.31889,89.54369,0.341,False,High,48.62
5425,Tangail,2020,24.21559,90.06808,0.341,False,High,8.96
5426,Habiganj,2020,24.02694,91.36465,0.341,False,Low,-1.01
5427,Tangail,2020,24.24141,89.99697,0.341,False,High,8.96
5428,Gazipur,2020,24.15158,90.52997,0.341,False,Medium,1.1
5429,Sirajganj,2020,24.3159,89.70913,0.341,False,High,48.62
5430,Narsingdi,2020,24.14784,90.71337,0.341,False,Low,-4.09
5431,Natore,2020,24.47348,89.13833,0.341,False,High,9.57
5432,Sirajganj,2020,24.34771,89.70576,0.341,False,High,48.62
5433,Sirajganj,2020,24.35744,89.66908,0.341,False,High,48.62
5434,Nawabganj,2020,24.78003,88.09217,0.341,False,High,38.19
5435,Narsingdi,2020,24.19575,90.68455,0.341,False,Low,-4.09
5436,Gazipur,2020,24.259,90.31063,0.341,False,Medium,1.1
5437,Tangail,2020,24.29456,90.17738,0.341,False,High,8.96
5438,Gazipur,2020,24.27061,90.37538,0.341,False,Medium,1.1
5439,Gazipur,2020,24.25788,90.45885,0.341,False,Medium,1.1
5440,Tangail,2020,24.35482,89.93783,0.341,False,High,8.96
5441,Nawabganj,2020,24.81708,88.16665,0.341,False,High,38.19
5442,Tangail,2020,24.33162,90.14781,0.341,False,High,8.96
5443,Tangail,2020,24.33574,90.18636,0.341,False,High,8.96
5444,Nawabganj,2020,24.82981,88.18013,0.341,False,High,38.19
5445,Gazipur,2020,24.29643,90.41656,0.341,False,Medium,1.1
5446,Gazipur,2020,24.28184,90.515,0.341,False,Medium,1.1
5447,Kishoreganj,2020,24.26761,90.67445,0.341,False,High,12.02
5448,Gazipur,2020,24.30429,90.51724,0.341,False,Medium,1.1
5449,Tangail,2020,24.38664,90.05386,0.341,False,High,8.96
5450,Tangail,2020,24.3945,90.06247,0.34,False,High,8.96
5451,Tangail,2020,24.46899,89.87794,0.34,False,High,8.96
5452,Tangail,2020,24.41172,90.18449,0.34,False,High,8.96
5453,Tangail,2020,24.44054,90.08643,0.34,False,High,8.96
5454,Mymensingh,2020,24.42519,90.24812,0.34,False,Low,-5.83
5455,Sirajganj,2020,24.57079,89.62117,0.34,False,High,48.62
5456,Tangail,2020,24.51502,89.94606,0.34,False,High,8.96
5457,Tangail,2020,24.4746,90.19759,0.34,False,High,8.96
5458,Mymensingh,2020,24.45214,90.39747,0.34,False,Low,-5.83
5459,Tangail,2020,24.51727,90.06958,0.34,False,High,8.96
5460,Mymensingh,2020,24.45439,90.44463,0.34,False,Low,-5.83
5461,Mymensingh,2020,24.50642,90.21968,0.34,False,Low,-5.83
5462,Tangail,2020,24.54871,90.02803,0.34,False,High,8.96
5463,Jamalpur,2020,24.59924,89.77988,0.34,False,High,16.99
5464,Mymensingh,2020,24.47086,90.51275,0.34,False,Low,-5.83
5465,Sirajganj,2020,24.64341,89.62566,0.34,False,High,48.62
5466,Kishoreganj,2020,24.46861,90.59248,0.34,False,High,12.02
5467,Mymensingh,2020,24.50492,90.45361,0.34,False,Low,-5.83
5468,Mymensingh,2020,24.53486,90.27395,0.34,False,Low,-5.83
5469,Mymensingh,2020,24.49107,90.54382,0.34,False,Low,-5.83
5470,Mymensingh,2020,24.54347,90.25486,0.34,False,Low,-5.83
5471,Mymensingh,2020,24.5562,90.2208,0.34,False,Low,-5.83
5472,Tangail,2020,24.58053,90.09054,0.34,False,High,8.96
5473,Kishoreganj,2020,24.46487,90.78861,0.34,False,High,12.02
5474,Mymensingh,2020,24.55171,90.25561,0.34,False,Low,-5.83
5475,Mymensingh,2020,24.52663,90.4319,0.34,False,Low,-5.83
5476,Mymensingh,2020,24.54347,90.38512,0.34,False,Low,-5.83
5477,Mymensingh,2020,24.51952,90.54082,0.34,False,Low,-5.83
5478,Mymensingh,2020,24.54983,90.4072,0.34,False,Low,-5.83
5479,Mymensingh,2020,24.53673,90.53334,0.34,False,Low,-5.83
5480,Tangail,2020,24.66137,89.87607,0.34,False,High,8.96
5481,Tangail,2020,24.64865,89.96253,0.34,False,High,8.96
5482,Tangail,2020,24.65127,89.98611,0.34,False,High,8.96
5483,Mymensingh,2020,24.60336,90.24775,0.34,False,Low,-5.83
5484,Mymensingh,2020,24.55919,90.61793,0.34,False,Low,-5.83
5485,Mymensingh,2020,24.60448,90.34843,0.34,False,Low,-5.83
5486,Mymensingh,2020,24.63031,90.2309,0.34,False,Low,-5.83
5487,Mymensingh,2020,24.57716,90.54419,0.34,False,Low,-5.83
5488,Jamalpur,2020,24.70891,89.8727,0.34,False,High,16.99
5489,Tangail,2020,24.70142,89.91575,0.34,False,High,8.96
5490,Mymensingh,2020,24.65277,90.24026,0.34,False,Low,-5.83
5491,Tangail,2020,24.69394,90.01007,0.34,False,High,8.96
5492,Tangail,2020,24.70592,89.98986,0.34,False,High,8.96
5493,Mymensingh,2020,24.61122,90.5951,0.34,False,Low,-5.83
5494,Mymensingh,2020,24.61683,90.67894,0.34,False,Low,-5.83
5495,Naogaon,2020,24.99151,88.89691,0.34,False,High,22.41
5496,Mymensingh,2020,24.71116,90.20133,0.34,False,Low,-5.83
5497,Jamalpur,2020,24.76431,89.92922,0.34,False,High,16.99
5498,Mymensingh,2020,24.68458,90.40196,0.34,False,Low,-5.83
5499,Mymensingh,2020,24.68271,90.48992,0.34,False,Low,-5.83
5500,Jamalpur,2020,24.80585,89.8218,0.34,False,High,16.99
5501,Mymensingh,2020,24.7527,90.12797,0.339,False,Low,-5.83
5502,Netrakona,2020,24.65651,90.72722,0.339,False,High,50.49
5503,Maulvibazar,2020,24.53187,91.86883,0.339,False,Medium,1.33
5504,Mymensingh,2020,24.68271,90.59173,0.339,False,Low,-5.83
5505,Mymensingh,2020,24.7134,90.42928,0.339,False,Low,-5.83
5506,Mymensingh,2020,24.76992,90.13471,0.339,False,Low,-5.83
5507,Mymensingh,2020,24.68421,90.6606,0.339,False,Low,-5.83
5508,Netrakona,2020,24.66512,90.78749,0.339,False,High,50.49
5509,Maulvibazar,2020,24.57828,91.67794,0.339,False,Medium,1.33
5510,Mymensingh,2020,24.73174,90.47046,0.339,False,Low,-5.83
5511,Netrakona,2020,24.68533,90.82192,0.339,False,High,50.49
5512,Mymensingh,2020,24.73511,90.52323,0.339,False,Low,-5.83
5513,Jamalpur,2020,24.82569,90.01606,0.339,False,High,16.99
5514,Mymensingh,2020,24.76281,90.37089,0.339,False,Low,-5.83
5515,Netrakona,2020,24.70704,90.77476,0.339,False,High,50.49
5516,Netrakona,2020,24.69993,90.89566,0.339,False,High,50.49
5517,Mymensingh,2020,24.73923,90.70402,0.339,False,Low,-5.83
5518,Bogra,2020,24.996,89.34644,0.339,False,High,39.64
5519,Jamalpur,2020,24.93087,89.6994,0.339,False,High,16.99
5520,Mymensingh,2020,24.77778,90.58611,0.339,False,Low,-5.83
5521,Jamalpur,2020,24.89344,89.95205,0.339,False,High,16.99
5522,Netrakona,2020,24.7789,90.72086,0.339,False,High,50.49
5523,Sunamganj,2020,24.69918,91.4193,0.339,False,High,31.03
5524,Sunamganj,2020,24.70105,91.447,0.339,False,High,31.03
5525,Mymensingh,2020,24.85713,90.31624,0.339,False,Low,-5.83
5526,Jamalpur,2020,24.89381,90.12236,0.339,False,High,16.99
5527,Jamalpur,2020,24.93836,89.91837,0.339,False,High,16.99
5528,Bogra,2020,25.03193,89.50851,0.339,False,High,39.64
5529,Netrakona,2020,24.81484,90.70439,0.339,False,High,50.49
5530,Mymensingh,2020,24.86724,90.39934,0.339,False,Low,-5.83
5531,Mymensingh,2020,24.87023,90.41356,0.339,False,Low,-5.83
5532,Sherpur,2020,24.93386,90.05611,0.339,False,High,31.78
5533,Sherpur,2020,24.96418,89.91575,0.339,False,High,31.78
5534,Sherpur,2020,24.91927,90.23876,0.339,False,High,31.78
5535,Mymensingh,2020,24.91477,90.2717,0.339,False,Low,-5.83
5536,Sherpur,2020,24.94734,90.09429,0.339,False,High,31.78
5537,Mymensingh,2020,24.91403,90.28929,0.339,False,Low,-5.83
5538,Mymensingh,2020,24.89269,90.45511,0.339,False,Low,-5.83
5539,Sherpur,2020,24.96755,90.02317,0.339,False,High,31.78
5540,Sherpur,2020,24.94958,90.12273,0.339,False,High,31.78
5541,Jamalpur,2020,25.00423,89.85399,0.339,False,High,16.99
5542,Jamalpur,2020,24.99862,89.88842,0.339,False,High,16.99
5543,Sherpur,2020,24.95744,90.12386,0.339,False,High,31.78
5544,Sherpur,2020,24.95408,90.15604,0.339,False,High,31.78
5545,Sherpur,2020,24.96381,90.12947,0.339,False,High,31.78
5546,Mymensingh,2020,24.96006,90.36752,0.339,False,Low,-5.83
5547,Sherpur,2020,24.99375,90.20957,0.339,False,High,31.78
5548,Sherpur,2020,25.07984,89.96104,0.339,False,High,31.78
5549,Sherpur,2020,25.08209,90.00071,0.339,False,High,31.78
5550,Sunamganj,2020,24.87398,91.5271,0.339,False,High,31.03
5551,Sylhet,2020,24.83131,92.09004,0.339,False,High,13.59
5552,Sunamganj,2020,24.86724,91.66334,0.339,False,High,31.03
5553,Jamalpur,2020,25.127,89.8334,0.339,False,High,16.99
5554,Sherpur,2020,25.11802,89.93483,0.339,False,High,31.78
5555,Sherpur,2020,25.08021,90.19273,0.339,False,High,31.78
5556,Dinajpur,2020,25.27485,89.24912,0.339,False,High,39.31
5557,Jamalpur,2020,25.1431,89.89853,0.339,False,High,16.99
5558,Gaibandha,2020,25.26063,89.4052,0.339,False,High,42.66
5559,Sunamganj,2020,24.91103,91.68954,0.339,False,High,31.03
5560,Jamalpur,2020,25.18502,89.87644,0.338,False,High,16.99
5561,Jamalpur,2020,25.20074,89.84538,0.338,False,High,16.99
5562,Mymensingh,2020,25.12438,90.314,0.338,False,Low,-5.83
5563,Jamalpur,2020,25.23442,89.77351,0.338,False,High,16.99
5564,Gaibandha,2020,25.34372,89.37788,0.338,False,High,42.66
5565,Sylhet,2020,24.94809,92.31312,0.338,False,High,13.59
5566,Sylhet,2020,24.98963,91.9276,0.338,False,High,13.59
5567,Gaibandha,2020,25.35645,89.59684,0.338,False,High,42.66
5568,Sunamganj,2020,25.13,91.54207,0.338,False,High,31.03
5569,Rangpur,2020,25.56493,89.26185,0.338,False,High,75.35
5570,Thakurgaon,2020,25.87672,88.14981,0.338,False,High,14.28
5571,Thakurgaon,2020,25.85277,88.28493,0.338,False,High,14.28
5572,Dinajpur,2020,25.72925,88.78349,0.338,False,High,39.31
5573,Thakurgaon,2020,25.87934,88.246,0.338,False,High,14.28
5574,Thakurgaon,2020,25.86886,88.29129,0.338,False,High,14.28
5575,Dinajpur,2020,25.82694,88.46347,0.338,False,High,39.31
5576,Thakurgaon,2020,25.91902,88.23627,0.338,False,High,14.28
5577,Rangpur,2020,25.66337,89.27869,0.337,False,High,75.35
5578,Rangpur,2020,25.66038,89.38686,0.337,False,High,75.35
5579,Rangpur,2020,25.68807,89.26372,0.337,False,High,75.35
5580,Rangpur,2020,25.67685,89.33259,0.337,False,High,75.35
5581,Thakurgaon,2020,25.94335,88.27744,0.337,False,High,14.28
5582,Dinajpur,2020,25.88196,88.50951,0.337,False,High,39.31
5583,Dinajpur,2020,25.8887,88.49528,0.337,False,High,39.31
5584,Rangpur,2020,25.70492,89.29628,0.337,False,High,75.35
5585,Rangpur,2020,25.69818,89.34569,0.337,False,High,75.35
5586,Thakurgaon,2020,25.94821,88.37214,0.337,False,High,14.28
5587,Rangpur,2020,25.71914,89.32623,0.337,False,High,75.35
5588,Rangpur,2020,25.73898,89.28243,0.337,False,High,75.35
5589,Thakurgaon,2020,25.94484,88.43802,0.337,False,High,14.28
5590,Rangpur,2020,25.78801,89.11587,0.337,False,High,75.35
5591,Nilphamari,2020,25.83966,88.9392,0.337,False,High,14.39
5592,Dinajpur,2020,25.89319,88.77189,0.337,False,High,39.31
5593,Rangpur,2020,25.74796,89.41493,0.337,False,High,75.35
5594,Dinajpur,2020,25.89469,88.78537,0.337,False,High,39.31
5595,Kurigram,2020,25.69781,89.67283,0.337,False,High,35.15
5596,Dinajpur,2020,25.94671,88.74307,0.337,False,High,39.31
5597,Thakurgaon,2020,26.02607,88.4893,0.337,False,High,14.28
5598,Dinajpur,2020,25.97703,88.7019,0.337,False,High,39.31
5599,Kurigram,2020,25.78352,89.55754,0.337,False,High,35.15
5600,Thakurgaon,2020,26.0867,88.30439,0.337,False,High,14.28
5601,Kurigram,2020,25.83143,89.47857,0.337,False,High,35.15
5602,Thakurgaon,2020,26.12151,88.37251,0.337,False,High,14.28
5603,Lalmonirhat,2020,25.86137,89.45835,0.337,False,High,33.32
5604,Kurigram,2020,25.81758,89.69865,0.337,False,High,35.15
5605,Nilphamari,2020,25.96468,89.06347,0.337,False,High,14.39
5606,Thakurgaon,2020,26.17279,88.26547,0.337,False,High,14.28
5607,Thakurgaon,2020,26.15408,88.38599,0.337,False,High,14.28
5608,Thakurgaon,2020,26.12937,88.56303,0.337,False,High,14.28
5609,Lalmonirhat,2020,25.94222,89.446,0.337,False,High,33.32
5610,Lalmonirhat,2020,25.96169,89.44263,0.337,False,High,33.32
5611,Thakurgaon,2020,26.19787,88.49266,0.337,False,High,14.28
5612,Lalmonirhat,2020,26.02943,89.23789,0.336,False,High,33.32
5613,Panchagarh,2020,26.24877,88.35343,0.336,False,High,16.31
5614,Nilphamari,2020,26.07547,89.04513,0.336,False,High,14.39
5615,Nilphamari,2020,26.10953,88.92386,0.336,False,High,14.39
5616,Lalmonirhat,2020,26.06424,89.22217,0.336,False,High,33.32
5617,Kurigram,2020,26.04777,89.67956,0.336,False,High,35.15
5618,Nilphamari,2020,26.25027,88.89616,0.336,False,High,14.39
5619,Panchagarh,2020,26.33262,88.61768,0.336,False,High,16.31
5620,Kurigram,2020,26.13536,89.65935,0.336,False,High,35.15
5621,Panchagarh,2020,26.38389,88.64987,0.336,False,High,16.31
5622,Lalmonirhat,2020,26.30567,89.05748,0.336,False,High,33.32
5623,Lalmonirhat,2020,26.33037,89.0586,0.336,False,High,33.32
5624,Lalmonirhat,2020,26.35994,88.97813,0.336,False,High,33.32
5625,Lalmonirhat,2020,26.34946,89.05748,0.336,False,High,33.32
5626,Panchagarh,2020,26.5003,88.45486,0.336,False,High,16.31
5627,Lalmonirhat,2020,26.36181,89.04737,0.336,False,High,33.32
5628,Lalmonirhat,2020,26.37454,89.04101,0.336,False,High,33.32
5629,Lalmonirhat,2020,26.38801,89.05112,0.336,False,High,33.32
5630,Lalmonirhat,2020,26.41047,88.96353,0.336,False,High,33.32
5631,Barguna,2020,22.03949,89.93641,0.289,False,High,63.87
5632,Barguna,2020,22.04578,90.05948,0.289,False,High,63.87
5633,Barguna,2020,22.07318,89.95842,0.289,False,High,63.87
5634,Cox's Bazar,2020,21.81177,92.00972,0.289,False,Medium,1.81
5635,Barguna,2020,22.14459,89.97863,0.289,False,High,63.87
5636,Barguna,2020,22.13651,90.01501,0.289,False,High,63.87
5637,Barguna,2020,22.14774,90.08598,0.288,False,High,63.87
5638,Barguna,2020,22.13112,90.25935,0.288,False,High,63.87
5639,Barguna,2020,22.20433,90.01321,0.288,False,High,63.87
5640,Bhola,2020,22.07183,90.69099,0.288,False,Low,-6.7
5641,Pirojpur,2020,22.22499,89.94808,0.288,False,High,9.18
5642,Patuakhali,2020,22.1693,90.38736,0.288,False,High,12.98
5643,Barguna,2020,22.2232,90.13673,0.288,False,High,63.87
5644,Patuakhali,2020,22.16301,90.43093,0.288,False,High,12.98
5645,Patuakhali,2020,22.1684,90.42284,0.288,False,High,12.98
5646,Bhola,2020,22.12393,90.70581,0.288,False,Low,-6.7
5647,Bagerhat,2020,22.30764,89.84747,0.288,False,High,11.87
5648,Chittagong,2020,21.97616,92.06496,0.288,False,Low,-1.19
5649,Patuakhali,2020,22.2497,90.17626,0.288,False,High,12.98
5650,Patuakhali,2020,22.2506,90.18389,0.288,False,High,12.98
5651,Chittagong,2020,21.9829,92.0717,0.288,False,Low,-1.19
5652,Bagerhat,2020,22.34357,89.82681,0.288,False,High,11.87
5653,Bhola,2020,22.18322,90.66674,0.288,False,Low,-6.7
5654,Bagerhat,2020,22.36917,89.83265,0.288,False,High,11.87
5655,Bagerhat,2020,22.39388,89.85511,0.288,False,High,11.87
5656,Satkhira,2020,22.57174,89.25189,0.288,False,High,10.7
5657,Noakhali,2020,22.25554,91.16171,0.288,False,High,17.85
5658,Patuakhali,2020,22.43295,90.2333,0.288,False,High,12.98
5659,Bhola,2020,22.33594,90.82439,0.288,False,Low,-6.7
5660,Bhola,2020,22.34088,90.7925,0.288,False,Low,-6.7
5661,Patuakhali,2020,22.44598,90.3402,0.288,False,High,12.98
5662,Patuakhali,2020,22.4626,90.39365,0.288,False,High,12.98
5663,Bagerhat,2020,22.58252,89.84388,0.288,False,High,11.87
5664,Patuakhali,2020,22.47158,90.395,0.288,False,High,12.98
5665,Chittagong,2020,22.27799,91.85072,0.288,False,Low,-1.19
5666,Jhalokati,2020,22.53671,90.16099,0.288,False,High,15.14
5667,Satkhira,2020,22.8327,88.98868,0.288,False,High,10.7
5668,Satkhira,2020,22.84573,88.97251,0.288,False,High,10.7
5669,Chittagong,2020,22.30764,91.82961,0.288,False,Low,-1.19
5670,Satkhira,2020,22.84932,89.02731,0.288,False,High,10.7
5671,Bhola,2020,22.48865,90.78487,0.288,False,Low,-6.7
5672,Khulna,2020,22.77566,89.44503,0.287,False,High,22.68
5673,Satkhira,2020,22.92119,89.01788,0.287,False,High,10.7
5674,Jessore,2020,22.95622,88.89661,0.287,False,High,7.75
5675,Barisal,2020,22.59375,90.49291,0.287,False,High,9.66
5676,Pirojpur,2020,22.68628,90.03837,0.287,False,High,9.18
5677,Jessore,2020,22.95218,89.04932,0.287,False,High,7.75
5678,Khulna,2020,22.85381,89.4338,0.287,False,High,22.68
5679,Jessore,2020,23.00877,88.96173,0.287,False,High,7.75
5680,Noakhali,2020,22.53357,91.29017,0.287,False,High,17.85
5681,Noakhali,2020,22.54434,91.30364,0.287,False,High,17.85
5682,Jessore,2020,23.04785,88.94916,0.287,False,High,7.75
5683,Jessore,2020,23.03168,89.05336,0.287,False,High,7.75
5684,Pirojpur,2020,22.81339,89.96246,0.287,False,High,9.18
5685,Jessore,2020,23.07345,89.04303,0.287,False,High,7.75
5686,Khulna,2020,22.93915,89.57978,0.287,False,High,22.68
5687,Chittagong,2020,22.59375,91.64276,0.287,False,Low,-1.19
5688,Lakshmipur,2020,22.69841,90.86122,0.287,False,Low,-1.16
5689,Jessore,2020,23.01012,89.39517,0.287,False,High,7.75
5690,Narail,2020,22.95892,89.60403,0.287,False,Low,-8.78
5691,Bagerhat,2020,22.90502,89.83804,0.287,False,High,11.87
5692,Lakshmipur,2020,22.76937,90.86526,0.287,False,Low,-1.16
5693,Jessore,2020,23.12286,89.27659,0.287,False,High,7.75
5694,Jessore,2020,23.11163,89.3516,0.287,False,High,7.75
5695,Chittagong,2020,22.71952,91.49184,0.287,False,Low,-1.19
5696,Gopalganj,2020,22.96925,89.97638,0.287,False,Low,-0.76
5697,Barisal,2020,22.89289,90.4974,0.287,False,High,9.66
5698,Noakhali,2020,22.80665,91.11275,0.287,False,High,17.85
5699,Noakhali,2020,22.80081,91.17788,0.287,False,High,17.85
5700,Jessore,2020,23.21763,89.14185,0.287,False,High,7.75
5701,Narail,2020,23.14756,89.4347,0.287,False,Low,-8.78
5702,Gopalganj,2020,23.04021,89.91485,0.287,False,Low,-0.76
5703,Narail,2020,23.16643,89.42571,0.287,False,Low,-8.78
5704,Jessore,2020,23.28635,89.0866,0.287,False,High,7.75
5705,Jessore,2020,23.29264,89.09424,0.287,False,High,7.75
5706,Lakshmipur,2020,22.93421,90.73007,0.287,False,Low,-1.16
5707,Narail,2020,23.19023,89.53127,0.287,False,Low,-8.78
5708,Gopalganj,2020,23.11837,89.84568,0.287,False,Low,-0.76
5709,Gopalganj,2020,23.13139,89.78594,0.287,False,Low,-0.76
5710,Gopalganj,2020,23.11927,89.85511,0.287,False,Low,-0.76
5711,Lakshmipur,2020,22.93556,90.82574,0.287,False,Low,-1.16
5712,Jessore,2020,23.31645,89.2465,0.286,False,High,7.75
5713,Madaripur,2020,23.08288,90.28944,0.286,False,High,3.68
5714,Jhenaidah,2020,23.41661,88.97835,0.286,False,High,15.44
5715,Gopalganj,2020,23.21179,89.83085,0.286,False,Low,-0.76
5716,Feni,2020,22.98182,91.274,0.286,False,Low,-4.77
5717,Noakhali,2020,22.98901,91.221,0.286,False,High,17.85
5718,Gopalganj,2020,23.25312,89.781,0.286,False,Low,-0.76
5719,Lakshmipur,2020,23.0492,90.85943,0.286,False,Low,-1.16
5720,Shariatpur,2020,23.14891,90.30921,0.286,False,High,11.14
5721,Magura,2020,23.36181,89.4621,0.286,False,High,12.28
5722,Noakhali,2020,23.05818,91.04897,0.286,False,High,17.85
5723,Noakhali,2020,23.05773,91.08266,0.286,False,High,17.85
5724,Noakhali,2020,23.08917,90.9816,0.286,False,High,17.85
5725,Shariatpur,2020,23.17945,90.48618,0.286,False,High,11.14
5726,Madaripur,2020,23.2639,90.08373,0.286,False,High,3.68
5727,Shariatpur,2020,23.2365,90.34828,0.286,False,High,11.14
5728,Magura,2020,23.45209,89.3781,0.286,False,High,12.28
5729,Lakshmipur,2020,23.16373,90.85763,0.286,False,Low,-1.16
5730,Faridpur,2020,23.36451,89.85735,0.286,False,High,8.19
5731,Shariatpur,2020,23.23201,90.53199,0.286,False,High,11.14
5732,Faridpur,2020,23.40448,89.68892,0.286,False,High,8.19
5733,Comilla,2020,23.16059,91.0346,0.286,False,High,10.87
5734,Feni,2020,23.12735,91.45366,0.286,False,Low,-4.77
5735,Faridpur,2020,23.35552,90.02085,0.286,False,High,8.19
5736,Khagrachhari,2020,23.08244,91.98007,0.286,False,Low,0.68
5737,Comilla,2020,23.17945,91.05885,0.286,False,High,10.87
5738,Comilla,2020,23.16328,91.20887,0.286,False,High,10.87
5739,Comilla,2020,23.16104,91.32026,0.286,False,High,10.87
5740,Comilla,2020,23.21,91.04852,0.286,False,High,10.87
5741,Faridpur,2020,23.40044,90.00648,0.286,False,High,8.19
5742,Feni,2020,23.18709,91.49453,0.286,False,Low,-4.77
5743,Comilla,2020,23.22347,91.20752,0.286,False,High,10.87
5744,Shariatpur,2020,23.38157,90.29439,0.286,False,High,11.14
5745,Comilla,2020,23.24683,91.18866,0.286,False,High,10.87
5746,Comilla,2020,23.24323,91.23582,0.286,False,High,10.87
5747,Jhenaidah,2020,23.61873,89.28468,0.286,False,High,15.44
5748,Chuadanga,2020,23.7153,88.93838,0.286,False,Low,-14.74
5749,Chandpur,2020,23.37933,90.55714,0.286,False,High,15.78
5750,Faridpur,2020,23.53025,89.83041,0.286,False,High,8.19
5751,Faridpur,2020,23.51812,89.97009,0.286,False,High,8.19
5752,Faridpur,2020,23.5033,90.05454,0.286,False,High,8.19
5753,Meherpur,2020,23.81546,88.81037,0.286,False,Low,-27.64
5754,Meherpur,2020,23.83028,88.77758,0.286,False,Low,-27.64
5755,Comilla,2020,23.32408,91.2219,0.286,False,High,10.87
5756,Kushtia,2020,23.81187,88.955,0.286,False,High,18.8
5757,Chandpur,2020,23.41571,90.83787,0.286,False,High,15.78
5758,Munshiganj,2020,23.50644,90.501,0.285,False,High,11.83
5759,Kushtia,2020,23.8734,88.92445,0.285,False,High,18.8
5760,Rajbari,2020,23.69239,89.71273,0.285,False,High,4.82
5761,Comilla,2020,23.47904,90.85853,0.285,False,High,10.87
5762,Munshiganj,2020,23.56483,90.38556,0.285,False,High,11.83
5763,Munshiganj,2020,23.57965,90.32852,0.285,False,High,11.83
5764,Faridpur,2020,23.70632,89.80391,0.285,False,High,8.19
5765,Kushtia,2020,23.84555,89.2986,0.285,False,High,18.8
5766,Kushtia,2020,23.92865,89.03809,0.285,False,High,18.8
5767,Kushtia,2020,23.93269,89.04842,0.285,False,High,18.8
5768,Kushtia,2020,24.00635,88.80633,0.285,False,High,18.8
5769,Kushtia,2020,23.93494,89.07852,0.285,False,High,18.8
5770,Kushtia,2020,23.94886,89.09424,0.285,False,High,18.8
5771,Comilla,2020,23.56708,91.08445,0.285,False,High,10.87
5772,Manikganj,2020,23.76381,90.05049,0.285,False,High,10.22
5773,Manikganj,2020,23.78312,90.01636,0.285,False,High,10.22
5774,Pabna,2020,23.92685,89.43066,0.285,False,High,13.38
5775,Manikganj,2020,23.81861,89.98132,0.285,False,High,10.22
5776,Narayanganj,2020,23.71305,90.55849,0.285,False,High,31.57
5777,Comilla,2020,23.66993,90.90254,0.285,False,High,10.87
5778,Manikganj,2020,23.83882,89.97728,0.285,False,High,10.22
5779,Kushtia,2020,24.07148,89.01249,0.285,False,High,18.8
5780,Manikganj,2020,23.8204,90.15065,0.285,False,High,10.22
5781,Manikganj,2020,23.83073,90.10978,0.285,False,High,10.22
5782,Manikganj,2020,23.84241,90.08643,0.285,False,High,10.22
5783,Manikganj,2020,23.84421,90.10574,0.285,False,High,10.22
5784,Pabna,2020,24.06654,89.1405,0.285,False,High,13.38
5785,Pabna,2020,23.99782,89.46389,0.285,False,High,13.38
5786,Dhaka,2020,23.84735,90.17177,0.285,False,Low,-5.31
5787,Rajshahi,2020,24.16356,88.82878,0.285,False,Low,-20.24
5788,Comilla,2020,23.72743,90.92635,0.285,False,High,10.87
5789,Dhaka,2020,23.8487,90.2068,0.285,False,Low,-5.31
5790,Dhaka,2020,23.83972,90.27777,0.285,False,Low,-5.31
5791,Narayanganj,2020,23.793,90.5522,0.285,False,High,31.57
5792,Dhaka,2020,23.83837,90.29663,0.285,False,Low,-5.31
5793,Pabna,2020,24.04363,89.46524,0.285,False,High,13.38
5794,Manikganj,2020,23.95784,89.85107,0.285,False,High,10.22
5795,Manikganj,2020,23.95605,89.92742,0.285,False,High,10.22
5796,Pabna,2020,24.06519,89.44413,0.285,False,High,13.38
5797,Dhaka,2020,23.90574,90.19512,0.285,False,Low,-5.31
5798,Tangail,2020,23.98524,89.8358,0.285,False,High,8.96
5799,Tangail,2020,23.98345,89.85556,0.285,False,High,8.96
5800,Pabna,2020,24.0854,89.50342,0.285,False,High,13.38
5801,Narayanganj,2020,23.8761,90.58948,0.285,False,High,31.57
5802,Dhaka,2020,23.92506,90.31999,0.285,False,Low,-5.31
5803,Narayanganj,2020,23.89451,90.5001,0.285,False,High,31.57
5804,Manikganj,2020,24.02387,89.94584,0.285,False,High,10.22
5805,Pabna,2020,24.12179,89.53711,0.285,False,High,13.38
5806,Tangail,2020,24.04678,89.90721,0.285,False,High,8.96
5807,Gazipur,2020,23.94886,90.44485,0.285,False,Medium,1.1
5808,Dhaka,2020,24.00006,90.18704,0.285,False,Low,-5.31
5809,Tangail,2020,24.03285,90.03387,0.285,False,High,8.96
5810,Gazipur,2020,23.98884,90.26789,0.285,False,Medium,1.1
5811,Gazipur,2020,24.00276,90.26609,0.285,False,Medium,1.1
5812,Gazipur,2020,23.97222,90.4453,0.285,False,Medium,1.1
5813,Gazipur,2020,24.00276,90.36311,0.284,False,Medium,1.1
5814,Gazipur,2020,24.05082,90.16638,0.284,False,Medium,1.1
5815,Gazipur,2020,24.01309,90.395,0.284,False,Medium,1.1
5816,Tangail,2020,24.08136,90.08912,0.284,False,High,8.96
5817,Narsingdi,2020,23.98524,90.64787,0.284,False,Low,-4.09
5818,Natore,2020,24.30639,89.10008,0.284,False,High,9.57
5819,Natore,2020,24.31672,89.09648,0.284,False,High,9.57
5820,Natore,2020,24.34187,89.01339,0.284,False,High,9.57
5821,Gazipur,2020,24.04857,90.37254,0.284,False,Medium,1.1
5822,Nawabganj,2020,24.57544,88.20311,0.284,False,High,38.19
5823,Gazipur,2020,24.04273,90.41611,0.284,False,Medium,1.1
5824,Gazipur,2020,24.06429,90.32987,0.284,False,Medium,1.1
5825,Tangail,2020,24.10202,90.13314,0.284,False,High,8.96
5826,Tangail,2020,24.10247,90.15425,0.284,False,High,8.96
5827,Tangail,2020,24.13841,90.00827,0.284,False,High,8.96
5828,Rajshahi,2020,24.41868,88.84945,0.284,False,Low,-20.24
5829,Nawabganj,2020,24.60733,88.23185,0.284,False,High,38.19
5830,Sirajganj,2020,24.26552,89.55732,0.284,False,High,48.62
5831,Tangail,2020,24.21476,89.81558,0.284,False,High,8.96
5832,Pabna,2020,24.31178,89.41988,0.284,False,High,13.38
5833,Tangail,2020,24.19141,90.02803,0.284,False,High,8.96
5834,Tangail,2020,24.18467,90.06666,0.284,False,High,8.96
5835,Sirajganj,2020,24.26911,89.67275,0.284,False,High,48.62
5836,Tangail,2020,24.17883,90.12775,0.284,False,High,8.96
5837,Nawabganj,2020,24.69446,88.11238,0.284,False,High,38.19
5838,Narsingdi,2020,24.11101,90.68425,0.284,False,Low,-4.09
5839,Natore,2020,24.45237,89.06369,0.284,False,High,9.57
5840,Gazipur,2020,24.14469,90.55669,0.284,False,Medium,1.1
5841,Gazipur,2020,24.1941,90.27238,0.284,False,Medium,1.1
5842,Nawabganj,2020,24.71512,88.16493,0.284,False,High,38.19
5843,Gazipur,2020,24.1932,90.31415,0.284,False,Medium,1.1
5844,Narsingdi,2020,24.13391,90.70402,0.284,False,Low,-4.09
5845,Gazipur,2020,24.20084,90.35727,0.284,False,Medium,1.1
5846,Gazipur,2020,24.21252,90.30561,0.284,False,Medium,1.1
5847,Kishoreganj,2020,24.10876,91.00091,0.284,False,High,12.02
5848,Sirajganj,2020,24.35355,89.63996,0.284,False,High,48.62
5849,Gazipur,2020,24.17344,90.58858,0.284,False,Medium,1.1
5850,Gazipur,2020,24.19455,90.4718,0.284,False,Medium,1.1
5851,Gazipur,2020,24.22824,90.29349,0.284,False,Medium,1.1
5852,Habiganj,2020,24.07642,91.37865,0.284,False,Low,-1.01
5853,Natore,2020,24.48156,89.13825,0.284,False,High,9.57
5854,Nawabganj,2020,24.71827,88.28575,0.284,False,High,38.19
5855,Gazipur,2020,24.24126,90.28765,0.284,False,Medium,1.1
5856,Tangail,2020,24.30774,90.01097,0.284,False,High,8.96
5857,Tangail,2020,24.30325,90.03567,0.284,False,High,8.96
5858,Tangail,2020,24.26237,90.27866,0.284,False,High,8.96
5859,Nawabganj,2020,24.75824,88.24757,0.284,False,High,38.19
5860,Tangail,2020,24.33424,89.93416,0.284,False,High,8.96
5861,Habiganj,2020,24.11415,91.37686,0.284,False,Low,-1.01
5862,Tangail,2020,24.28034,90.24588,0.284,False,High,8.96
5863,Sirajganj,2020,24.41149,89.64984,0.284,False,High,48.62
5864,Tangail,2020,24.38724,89.83894,0.284,False,High,8.96
5865,Gazipur,2020,24.26103,90.52166,0.284,False,Medium,1.1
5866,Tangail,2020,24.34771,90.046,0.284,False,High,8.96
5867,Tangail,2020,24.39487,89.83085,0.284,False,High,8.96
5868,Sirajganj,2020,24.42721,89.67814,0.284,False,High,48.62
5869,Mymensingh,2020,24.32481,90.25845,0.284,False,Low,-5.83
5870,Mymensingh,2020,24.31268,90.33975,0.284,False,Low,-5.83
5871,Habiganj,2020,24.16401,91.44962,0.284,False,Low,-1.01
5872,Tangail,2020,24.34457,90.19827,0.284,False,High,8.96
5873,Nawabganj,2020,24.84268,88.16762,0.284,False,High,38.19
5874,Habiganj,2020,24.15997,91.49409,0.284,False,Low,-1.01
5875,Sirajganj,2020,24.4874,89.53576,0.284,False,High,48.62
5876,Gazipur,2020,24.31043,90.43407,0.284,False,Medium,1.1
5877,Mymensingh,2020,24.3275,90.36266,0.284,False,Low,-5.83
5878,Gazipur,2020,24.31492,90.43767,0.284,False,Medium,1.1
5879,Tangail,2020,24.39263,90.04061,0.284,False,High,8.96
5880,Kishoreganj,2020,24.25069,90.89626,0.284,False,High,12.02
5881,Mymensingh,2020,24.29561,90.61014,0.284,False,Low,-5.83
5882,Mymensingh,2020,24.34053,90.38062,0.284,False,Low,-5.83
5883,Naogaon,2020,24.71108,88.7421,0.284,False,High,22.41
5884,Mymensingh,2020,24.3275,90.5239,0.284,False,Low,-5.83
5885,Tangail,2020,24.38589,90.19422,0.284,False,High,8.96
5886,Kishoreganj,2020,24.30953,90.64877,0.284,False,High,12.02
5887,Sirajganj,2020,24.50402,89.61706,0.284,False,High,48.62
5888,Nawabganj,2020,24.87323,88.2606,0.284,False,High,38.19
5889,Tangail,2020,24.41958,90.16952,0.284,False,High,8.96
5890,Tangail,2020,24.50312,89.75989,0.284,False,High,8.96
5891,Tangail,2020,24.42362,90.21758,0.284,False,High,8.96
5892,Habiganj,2020,24.25204,91.52912,0.284,False,Low,-1.01
5893,Nawabganj,2020,24.93836,88.16583,0.284,False,High,38.19
5894,Tangail,2020,24.47527,90.02848,0.284,False,High,8.96
5895,Tangail,2020,24.44383,90.19557,0.284,False,High,8.96
5896,Tangail,2020,24.44967,90.17985,0.284,False,High,8.96
5897,Mymensingh,2020,24.39038,90.57511,0.284,False,Low,-5.83
5898,Tangail,2020,24.50447,89.94225,0.284,False,High,8.96
5899,Tangail,2020,24.46494,90.18434,0.284,False,High,8.96
5900,Tangail,2020,24.48021,90.19422,0.283,False,High,8.96
5901,Mymensingh,2020,24.41868,90.57196,0.283,False,Low,-5.83
5902,Tangail,2020,24.53905,89.89508,0.283,False,High,8.96
5903,Kishoreganj,2020,24.39173,90.79295,0.283,False,High,12.02
5904,Mymensingh,2020,24.49189,90.28091,0.283,False,Low,-5.83
5905,Tangail,2020,24.51929,90.14437,0.283,False,High,8.96
5906,Sirajganj,2020,24.59879,89.76887,0.283,False,High,48.62
5907,Mymensingh,2020,24.50492,90.24543,0.283,False,Low,-5.83
5908,Tangail,2020,24.52064,90.16188,0.283,False,High,8.96
5909,Sirajganj,2020,24.63203,89.62739,0.283,False,High,48.62
5910,Kishoreganj,2020,24.42721,90.82484,0.283,False,High,12.02
5911,Tangail,2020,24.56106,90.04645,0.283,False,High,8.96
5912,Mymensingh,2020,24.51884,90.29169,0.283,False,Low,-5.83
5913,Mymensingh,2020,24.54714,90.22522,0.283,False,Low,-5.83
5914,Tangail,2020,24.61002,89.93326,0.283,False,High,8.96
5915,Bogra,2020,24.72635,89.39113,0.283,False,High,39.64
5916,Mymensingh,2020,24.55163,90.28091,0.283,False,Low,-5.83
5917,Mymensingh,2020,24.513,90.5248,0.283,False,Low,-5.83
5918,Mymensingh,2020,24.53816,90.3923,0.283,False,Low,-5.83
5919,Jamalpur,2020,24.6464,89.81603,0.283,False,High,16.99
5920,Tangail,2020,24.61811,89.95572,0.283,False,High,8.96
5921,Mymensingh,2020,24.55073,90.36176,0.283,False,Low,-5.83
5922,Mymensingh,2020,24.51121,90.60969,0.283,False,Low,-5.83
5923,Mymensingh,2020,24.54938,90.38467,0.283,False,Low,-5.83
5924,Tangail,2020,24.61182,90.04645,0.283,False,High,8.96
5925,Sirajganj,2020,24.67784,89.71857,0.283,False,High,48.62
5926,Tangail,2020,24.63203,89.98581,0.283,False,High,8.96
5927,Mymensingh,2020,24.58577,90.24273,0.283,False,Low,-5.83
5928,Mymensingh,2020,24.51076,90.72378,0.283,False,Low,-5.83
5929,Tangail,2020,24.64146,89.97773,0.283,False,High,8.96
5930,Mymensingh,2020,24.51435,90.73546,0.283,False,Low,-5.83
5931,Mymensingh,2020,24.54938,90.52705,0.283,False,Low,-5.83
5932,Tangail,2020,24.66751,89.93102,0.283,False,High,8.96
5933,Tangail,2020,24.64595,90.05678,0.283,False,High,8.96
5934,Mymensingh,2020,24.55477,90.59891,0.283,False,Low,-5.83
5935,Maulvibazar,2020,24.41778,91.77346,0.283,False,Medium,1.33
5936,Mymensingh,2020,24.53905,90.73456,0.283,False,Low,-5.83
5937,Sirajganj,2020,24.71018,89.77022,0.283,False,High,48.62
5938,Mymensingh,2020,24.6235,90.28001,0.283,False,Low,-5.83
5939,Tangail,2020,24.69536,89.9144,0.283,False,High,8.96
5940,Tangail,2020,24.68458,89.98716,0.283,False,High,8.96
5941,Mymensingh,2020,24.63517,90.30202,0.283,False,Low,-5.83
5942,Mymensingh,2020,24.57813,90.6573,0.283,False,Low,-5.83
5943,Jamalpur,2020,24.72456,89.82951,0.283,False,High,16.99
5944,Mymensingh,2020,24.60104,90.53334,0.283,False,Low,-5.83
5945,Bogra,2020,24.79283,89.58022,0.283,False,High,39.64
5946,Mymensingh,2020,24.61766,90.52346,0.283,False,Low,-5.83
5947,Mymensingh,2020,24.67335,90.20455,0.283,False,Low,-5.83
5948,Mymensingh,2020,24.64506,90.40218,0.283,False,Low,-5.83
5949,Netrakona,2020,24.58532,90.7934,0.283,False,High,50.49
5950,Tangail,2020,24.7295,89.9939,0.283,False,High,8.96
5951,Maulvibazar,2020,24.47213,91.98996,0.283,False,Medium,1.33
5952,Mymensingh,2020,24.69267,90.21803,0.283,False,Low,-5.83
5953,Jamalpur,2020,24.76453,89.83759,0.283,False,High,16.99
5954,Jamalpur,2020,24.78519,89.74057,0.283,False,High,16.99
5955,Habiganj,2020,24.52693,91.42177,0.283,False,Low,-1.01
5956,Mymensingh,2020,24.703,90.2041,0.283,False,Low,-5.83
5957,Jamalpur,2020,24.74926,89.97548,0.283,False,High,16.99
5958,Jamalpur,2020,24.79732,89.73024,0.283,False,High,16.99
5959,Tangail,2020,24.76229,90.02624,0.283,False,High,8.96
5960,Maulvibazar,2020,24.51345,91.99175,0.283,False,Medium,1.33
5961,Mymensingh,2020,24.66437,90.65102,0.283,False,Low,-5.83
5962,Mymensingh,2020,24.72366,90.29888,0.283,False,Low,-5.83
5963,Mymensingh,2020,24.70434,90.41566,0.283,False,Low,-5.83
5964,Tangail,2020,24.77576,90.03298,0.283,False,High,8.96
5965,Jamalpur,2020,24.82651,89.77875,0.283,False,High,16.99
5966,Mymensingh,2020,24.6738,90.65012,0.283,False,Low,-5.83
5967,Mymensingh,2020,24.71872,90.37299,0.283,False,Low,-5.83
5968,Jamalpur,2020,24.84089,89.75585,0.283,False,High,16.99
5969,Mymensingh,2020,24.71602,90.43901,0.283,False,Low,-5.83
5970,Mymensingh,2020,24.70884,90.65012,0.283,False,Low,-5.83
5971,Netrakona,2020,24.6994,90.74175,0.283,False,High,50.49
5972,Netrakona,2020,24.69671,90.78666,0.283,False,High,50.49
5973,Mymensingh,2020,24.77396,90.29933,0.283,False,Low,-5.83
5974,Netrakona,2020,24.70973,90.71704,0.283,False,High,50.49
5975,Bogra,2020,24.97474,89.34576,0.283,False,High,39.64
5976,Mymensingh,2020,24.76857,90.44306,0.283,False,Low,-5.83
5977,Jamalpur,2020,24.84852,90.00782,0.283,False,High,16.99
5978,Mymensingh,2020,24.76902,90.48213,0.283,False,Low,-5.83
5979,Netrakona,2020,24.71602,90.88368,0.283,False,High,50.49
5980,Mymensingh,2020,24.76004,90.60385,0.283,False,Low,-5.83
5981,Naogaon,2020,25.15799,88.74794,0.283,False,High,22.41
5982,Mymensingh,2020,24.81798,90.31729,0.283,False,Low,-5.83
5983,Jamalpur,2020,24.91006,89.88341,0.283,False,High,16.99
5984,Jamalpur,2020,24.90602,89.91575,0.283,False,High,16.99
5985,Jamalpur,2020,24.92758,89.80705,0.283,False,High,16.99
5986,Netrakona,2020,24.78744,90.70761,0.283,False,High,50.49
5987,Mymensingh,2020,24.84224,90.35906,0.283,False,Low,-5.83
5988,Jamalpur,2020,24.89344,90.14122,0.283,False,High,16.99
5989,Sherpur,2020,24.92443,90.00917,0.283,False,High,31.78
5990,Netrakona,2020,24.78474,90.95599,0.283,False,High,50.49
5991,Sherpur,2020,24.93027,90.03881,0.283,False,High,31.78
5992,Sherpur,2020,24.92802,90.05993,0.283,False,High,31.78
5993,Sherpur,2020,24.94869,90.02265,0.283,False,High,31.78
5994,Sherpur,2020,24.95587,89.98581,0.283,False,High,31.78
5995,Sylhet,2020,24.71288,91.80535,0.283,False,High,13.59
5996,Netrakona,2020,24.82831,90.76465,0.283,False,High,50.49
5997,Netrakona,2020,24.84179,90.7422,0.282,False,High,50.49
5998,Sherpur,2020,24.96396,90.02848,0.282,False,High,31.78
5999,Netrakona,2020,24.87413,90.61913,0.282,False,High,50.49
6000,Sherpur,2020,24.95722,90.13628,0.282,False,High,31.78
6001,Sunamganj,2020,24.7551,91.65309,0.282,False,High,31.03
6002,Gaibandha,2020,25.11712,89.36957,0.282,False,High,42.66
6003,Sherpur,2020,24.95812,90.17401,0.282,False,High,31.78
6004,Sherpur,2020,24.9689,90.12415,0.282,False,High,31.78
6005,Sunamganj,2020,24.77262,91.57583,0.282,False,High,31.03
6006,Jamalpur,2020,25.02459,89.86364,0.282,False,High,16.99
6007,Mymensingh,2020,24.93341,90.38691,0.282,False,Low,-5.83
6008,Sherpur,2020,24.98237,90.13314,0.282,False,High,31.78
6009,Netrakona,2020,24.9159,90.56702,0.282,False,High,50.49
6010,Sylhet,2020,24.78295,91.69666,0.282,False,High,13.59
6011,Mymensingh,2020,24.95542,90.34514,0.282,False,Low,-5.83
6012,Sunamganj,2020,24.80496,91.6468,0.282,False,High,31.03
6013,Sylhet,2020,24.78923,91.85296,0.282,False,High,13.59
6014,Jamalpur,2020,25.06232,89.86499,0.282,False,High,16.99
6015,Sherpur,2020,24.99809,90.22611,0.282,False,High,31.78
6016,Sunamganj,2020,24.83146,91.43031,0.282,False,High,31.03
6017,Sunamganj,2020,24.81843,91.63737,0.282,False,High,31.03
6018,Sherpur,2020,25.05424,89.9692,0.282,False,High,31.78
6019,Sylhet,2020,24.82517,91.71552,0.282,False,High,13.59
6020,Sylhet,2020,24.80046,92.14312,0.282,False,High,13.59
6021,Sherpur,2020,25.07445,89.98581,0.282,False,High,31.78
6022,Netrakona,2020,24.98821,90.50998,0.282,False,High,50.49
6023,Mymensingh,2020,25.00034,90.46911,0.282,False,Low,-5.83
6024,Sylhet,2020,24.85796,91.7281,0.282,False,High,13.59
6025,Sherpur,2020,25.1023,89.98716,0.282,False,High,31.78
6026,Jamalpur,2020,25.15081,89.75764,0.282,False,High,16.99
6027,Mymensingh,2020,25.06367,90.37254,0.282,False,Low,-5.83
6028,Gaibandha,2020,25.24782,89.49354,0.282,False,High,42.66
6029,Gaibandha,2020,25.27118,89.38843,0.282,False,High,42.66
6030,Gaibandha,2020,25.24064,89.53711,0.282,False,High,42.66
6031,Jamalpur,2020,25.19303,89.76797,0.282,False,High,16.99
6032,Sylhet,2020,24.9168,91.72855,0.282,False,High,13.59
6033,Sherpur,2020,25.16428,90.09721,0.282,False,High,31.78
6034,Sherpur,2020,25.16428,90.10843,0.282,False,High,31.78
6035,Sherpur,2020,25.17686,90.06936,0.282,False,High,31.78
6036,Mymensingh,2020,25.13823,90.32403,0.282,False,Low,-5.83
6037,Sylhet,2020,24.95857,91.86599,0.282,False,High,13.59
6038,Mymensingh,2020,25.14991,90.28361,0.282,False,Low,-5.83
6039,Sherpur,2020,25.1544,90.25621,0.282,False,High,31.78
6040,Mymensingh,2020,25.14721,90.31999,0.282,False,Low,-5.83
6041,Rangpur,2020,25.36011,89.25728,0.282,False,High,75.35
6042,Sherpur,2020,25.20156,90.05633,0.282,False,High,31.78
6043,Jamalpur,2020,25.26265,89.74686,0.282,False,High,16.99
6044,Gaibandha,2020,25.31565,89.55103,0.282,False,High,42.66
6045,Jamalpur,2020,25.26759,89.79627,0.282,False,High,16.99
6046,Sherpur,2020,25.19123,90.2315,0.282,False,High,31.78
6047,Dinajpur,2020,25.48363,88.93164,0.282,False,High,39.31
6048,Rangpur,2020,25.40234,89.28423,0.282,False,High,75.35
6049,Dinajpur,2020,25.57526,88.61543,0.282,False,High,39.31
6050,Sunamganj,2020,25.06232,91.61266,0.282,False,High,31.03
6051,Sylhet,2020,25.03403,92.10808,0.282,False,High,13.59
6052,Sunamganj,2020,25.1005,91.58347,0.282,False,High,31.03
6053,Sylhet,2020,25.06053,92.19477,0.282,False,High,13.59
6054,Sylhet,2020,25.09197,92.18669,0.282,False,High,13.59
6055,Dinajpur,2020,25.5802,89.04932,0.282,False,High,39.31
6056,Thakurgaon,2020,25.79086,88.27542,0.282,False,High,14.28
6057,Sylhet,2020,25.16563,91.86464,0.281,False,High,13.59
6058,Rangpur,2020,25.56358,89.32735,0.281,False,High,75.35
6059,Kurigram,2020,25.46297,89.81513,0.281,False,High,35.15
6060,Dinajpur,2020,25.70013,88.80408,0.281,False,High,39.31
6061,Kurigram,2020,25.47555,89.81468,0.281,False,High,35.15
6062,Dinajpur,2020,25.72842,88.79465,0.281,False,High,39.31
6063,Dinajpur,2020,25.82724,88.41601,0.281,False,High,39.31
6064,Dinajpur,2020,25.78412,88.58938,0.281,False,High,39.31
6065,Dinajpur,2020,25.85015,88.42544,0.281,False,High,39.31
6066,Dinajpur,2020,25.81691,88.54626,0.281,False,High,39.31
6067,Rangpur,2020,25.67408,89.14903,0.281,False,High,75.35
6068,Thakurgaon,2020,25.91572,88.24533,0.281,False,High,14.28
6069,Rangpur,2020,25.67587,89.22494,0.281,False,High,75.35
6070,Thakurgaon,2020,25.87665,88.47036,0.281,False,High,14.28
6071,Dinajpur,2020,25.86901,88.51303,0.281,False,High,39.31
6072,Rangpur,2020,25.70192,89.27929,0.281,False,High,75.35
6073,Dinajpur,2020,25.89731,88.49641,0.281,False,High,39.31
6074,Rangpur,2020,25.69698,89.43874,0.281,False,High,75.35
6075,Dinajpur,2020,25.91842,88.51437,0.281,False,High,39.31
6076,Rangpur,2020,25.77783,89.10322,0.281,False,High,75.35
6077,Rangpur,2020,25.70507,89.48725,0.281,False,High,75.35
6078,Rangpur,2020,25.72753,89.38888,0.281,False,High,75.35
6079,Rangpur,2020,25.70507,89.50207,0.281,False,High,75.35
6080,Thakurgaon,2020,26.02801,88.20131,0.281,False,High,14.28
6081,Rangpur,2020,25.74729,89.31881,0.281,False,High,75.35
6082,Rangpur,2020,25.74729,89.4091,0.281,False,High,75.35
6083,Kurigram,2020,25.69743,89.66017,0.281,False,High,35.15
6084,Rangpur,2020,25.78547,89.29905,0.281,False,High,75.35
6085,Dinajpur,2020,25.97277,88.63071,0.281,False,High,39.31
6086,Rangpur,2020,25.78906,89.41404,0.281,False,High,75.35
6087,Dinajpur,2020,25.96064,88.70167,0.281,False,High,39.31
6088,Thakurgaon,2020,26.06754,88.35088,0.281,False,High,14.28
6089,Kurigram,2020,25.78592,89.54654,0.281,False,High,35.15
6090,Kurigram,2020,25.77693,89.64311,0.281,False,High,35.15
6091,Dinajpur,2020,25.99882,88.69449,0.281,False,High,39.31
6092,Thakurgaon,2020,26.08146,88.40433,0.281,False,High,14.28
6093,Thakurgaon,2020,26.07472,88.49641,0.281,False,High,14.28
6094,Nilphamari,2020,25.91662,89.14724,0.281,False,High,14.39
6095,Nilphamari,2020,25.96154,88.99003,0.281,False,High,14.39
6096,Thakurgaon,2020,26.10796,88.447,0.281,False,High,14.28
6097,Thakurgaon,2020,26.14434,88.3684,0.281,False,High,14.28
6098,Thakurgaon,2020,26.09853,88.55839,0.281,False,High,14.28
6099,Lalmonirhat,2020,25.88518,89.47782,0.281,False,High,33.32
6100,Nilphamari,2020,26.03071,88.89436,0.281,False,High,14.39
6101,Nilphamari,2020,26.02487,89.07043,0.28,False,High,14.39
6102,Lalmonirhat,2020,25.98534,89.26941,0.28,False,High,33.32
6103,Lalmonirhat,2020,25.98265,89.28378,0.28,False,High,33.32
6104,Nilphamari,2020,26.0626,88.97746,0.28,False,High,14.39
6105,Lalmonirhat,2020,26.04014,89.17643,0.28,False,High,33.32
6106,Lalmonirhat,2020,26.02487,89.25459,0.28,False,High,33.32
6107,Lalmonirhat,2020,25.98759,89.42482,0.28,False,High,33.32
6108,Nilphamari,2020,26.10617,88.96353,0.28,False,High,14.39
6109,Nilphamari,2020,26.10257,88.98958,0.28,False,High,14.39
6110,Lalmonirhat,2020,26.05227,89.25683,0.28,False,High,33.32
6111,Lalmonirhat,2020,26.14704,89.12478,0.28,False,High,33.32
6112,Lalmonirhat,2020,26.20228,89.07178,0.28,False,High,33.32
6113,Lalmonirhat,2020,26.21666,89.10367,0.28,False,High,33.32
6114,Lalmonirhat,2020,26.23283,89.07852,0.28,False,High,33.32
6115,Lalmonirhat,2020,26.23777,89.07357,0.28,False,High,33.32
6116,Lalmonirhat,2020,26.24046,89.06235,0.28,False,High,33.32
6117,Kurigram,2020,26.1129,89.67095,0.28,False,High,35.15
6118,Lalmonirhat,2020,26.23058,89.14364,0.28,False,High,33.32
6119,Lalmonirhat,2020,26.24181,89.09918,0.28,False,High,33.32
6120,Panchagarh,2020,26.36892,88.67966,0.28,False,High,16.31
6121,Lalmonirhat,2020,26.2755,89.09289,0.28,False,High,33.32
6122,Lalmonirhat,2020,26.29751,89.07582,0.28,False,High,33.32
6123,Lalmonirhat,2020,26.302,89.07088,0.28,False,High,33.32
6124,Panchagarh,2020,26.39812,88.68101,0.28,False,High,16.31
6125,Lalmonirhat,2020,26.30784,89.09019,0.28,False,High,33.32
6126,Panchagarh,2020,26.50412,88.41331,0.28,False,High,16.31
6127,Lalmonirhat,2020,26.35949,89.08615,0.28,False,High,33.32
6128,Lalmonirhat,2020,26.36892,89.07268,0.28,False,High,33.32
6129,Lalmonirhat,2020,26.3806,89.0354,0.28,False,High,33.32
6130,Lalmonirhat,2020,26.38644,89.02102,0.28,False,High,33.32
6131,Lalmonirhat,2019,26.18068,89.13257,3.137,False,High,33.32
6132,Rangpur,2019,25.81339,89.28331,2.303,False,High,75.35
6133,Lalmonirhat,2019,26.37672,89.01199,2.126,False,High,33.32
6134,Nilphamari,2019,26.17117,88.90138,2.074,False,High,14.39
6135,Lalmonirhat,2019,26.16083,89.11894,1.961,False,High,33.32
6136,Lalmonirhat,2019,26.11522,89.17688,1.85,False,High,33.32
6137,Natore,2019,24.47656,88.90465,1.819,False,High,9.57
6138,Natore,2019,24.30338,89.07532,1.536,False,High,9.57
6139,Gazipur,2019,24.25996,90.49017,1.533,False,Medium,1.1
6140,Tangail,2019,24.45293,89.90368,1.532,False,High,8.96
6141,Munshiganj,2019,23.48818,90.27861,1.485,False,High,11.83
6142,Mymensingh,2019,24.41526,90.36775,1.475,False,Low,-5.83
6143,Gopalganj,2019,23.07103,89.98096,1.433,False,Low,-0.76
6144,Kishoreganj,2019,24.30262,90.89491,1.418,False,High,12.02
6145,Mymensingh,2019,24.82948,90.32897,1.413,False,Low,-5.83
6146,Thakurgaon,2019,26.03412,88.39059,1.404,False,High,14.28
6147,Nilphamari,2019,26.03277,88.86175,1.403,False,High,14.39
6148,Mymensingh,2019,24.43988,90.42545,1.361,False,Low,-5.83
6149,Lalmonirhat,2019,25.86306,89.52208,1.347,False,High,33.32
6150,Jamalpur,2019,25.13901,89.83744,1.298,False,High,16.99
6151,Nilphamari,2019,26.06047,88.90827,1.29,False,High,14.39
6152,Thakurgaon,2019,26.1711,88.51984,1.29,False,High,14.28
6153,Jamalpur,2019,25.03748,89.91217,1.242,False,High,16.99
6154,Jamalpur,2019,25.12077,89.83704,1.242,False,High,16.99
6155,Tangail,2019,24.57924,90.05071,1.19,False,High,8.96
6156,Thakurgaon,2019,25.87143,88.47577,1.181,False,High,14.28
6157,Nilphamari,2019,25.99922,88.80472,1.179,False,High,14.39
6158,Panchagarh,2019,26.25342,88.45288,1.177,False,High,16.31
6159,Kushtia,2019,23.99816,88.81115,1.141,False,High,18.8
6160,Comilla,2019,23.55922,91.1214,1.141,False,High,10.87
6161,Comilla,2019,23.62434,90.9487,1.14,False,High,10.87
6162,Brahamanbaria,2019,23.7491,90.82675,1.139,False,High,11.9
6163,Mymensingh,2019,24.51559,90.49965,1.133,False,Low,-5.83
6164,Mymensingh,2019,24.62608,90.61722,1.132,False,Low,-5.83
6165,Gaibandha,2019,25.43052,89.52419,1.127,False,High,42.66
6166,Dinajpur,2019,25.92482,88.50045,1.124,False,High,39.31
6167,Comilla,2019,23.24527,91.22622,1.086,False,High,10.87
6168,Nilphamari,2019,26.00499,88.87453,1.066,False,High,14.39
6169,Nilphamari,2019,26.25474,88.87784,1.064,False,High,14.39
6170,Brahamanbaria,2019,23.80947,90.81518,1.025,False,High,11.9
6171,Brahamanbaria,2019,23.81172,90.82953,1.025,False,High,11.9
6172,Tangail,2019,24.47385,89.86347,1.021,False,High,8.96
6173,Mymensingh,2019,24.45963,90.31749,1.021,False,Low,-5.83
6174,Thakurgaon,2019,26.01197,88.32523,1.012,False,High,14.28
6175,Nilphamari,2019,25.98315,88.7946,1.011,False,High,14.39
6176,Lalmonirhat,2019,26.2207,89.05823,1.008,False,High,33.32
6177,Gopalganj,2019,23.21874,89.82737,0.974,False,Low,-0.76
6178,Natore,2019,24.37955,88.96842,0.967,False,High,9.57
6179,Tangail,2019,24.65248,89.93424,0.963,False,High,8.96
6180,Jamalpur,2019,25.05685,89.9283,0.96,False,High,16.99
6181,Thakurgaon,2019,25.93073,88.24673,0.956,False,High,14.28
6182,Dinajpur,2019,25.89031,88.53577,0.956,False,High,39.31
6183,Kurigram,2019,25.81791,89.64427,0.954,False,High,35.15
6184,Nilphamari,2019,26.05966,88.94556,0.954,False,High,14.39
6185,Nilphamari,2019,26.19798,88.9276,0.953,False,High,14.39
6186,Narayanganj,2019,23.73391,90.54793,0.912,False,High,31.57
6187,Gazipur,2019,23.94473,90.60633,0.91,False,Medium,1.1
6188,Tangail,2019,24.07906,90.02691,0.91,False,High,8.96
6189,Natore,2019,24.35305,89.02417,0.91,False,High,9.57
6190,Natore,2019,24.48274,88.95371,0.909,False,High,9.57
6191,Kishoreganj,2019,24.50183,90.82206,0.906,False,High,12.02
6192,Mymensingh,2019,24.57159,90.63299,0.906,False,Low,-5.83
6193,Mymensingh,2019,24.79757,90.34638,0.905,False,Low,-5.83
6194,Thakurgaon,2019,26.13213,88.54034,0.898,False,High,14.28
6195,Nilphamari,2019,26.20484,88.86935,0.897,False,High,14.39
6196,Noakhali,2019,22.78719,91.14494,0.86,False,High,17.85
6197,Faridpur,2019,23.33995,89.7253,0.859,False,High,8.19
6198,Comilla,2019,23.37124,91.22264,0.857,False,High,10.87
6199,Kushtia,2019,23.86098,88.91772,0.856,False,High,18.8
6200,Narayanganj,2019,23.75707,90.5245,0.855,False,High,31.57
6201,Brahamanbaria,2019,23.7942,90.80208,0.854,False,High,11.9
6202,Natore,2019,24.34172,89.14125,0.853,False,High,9.57
6203,Natore,2019,24.41613,89.02402,0.853,False,High,9.57
6204,Tangail,2019,24.34547,89.85795,0.852,False,High,8.96
6205,Gazipur,2019,24.28753,90.50279,0.851,False,Medium,1.1
6206,Mymensingh,2019,24.43769,90.36371,0.851,False,Low,-5.83
6207,Kishoreganj,2019,24.42452,90.66344,0.85,False,High,12.02
6208,Tangail,2019,24.55373,89.93521,0.85,False,High,8.96
6209,Mymensingh,2019,24.52708,90.53978,0.85,False,Low,-5.83
6210,Jamalpur,2019,25.13254,89.81993,0.847,False,High,16.99
6211,Jamalpur,2019,25.27582,89.81813,0.846,False,High,16.99
6212,Thakurgaon,2019,25.98849,88.32663,0.843,False,High,14.28
6213,Nilphamari,2019,25.9789,88.84585,0.842,False,High,14.39
6214,Nilphamari,2019,26.05661,88.78102,0.842,False,High,14.39
6215,Lalmonirhat,2019,26.20573,89.12208,0.84,False,High,33.32
6216,Panchagarh,2019,26.50816,88.39026,0.839,False,High,16.31
6217,Chittagong,2019,22.00167,92.0701,0.807,False,Low,-1.19
6218,Comilla,2019,23.40929,91.16408,0.799,False,High,10.87
6219,Narayanganj,2019,23.78707,90.67145,0.798,False,High,31.57
6220,Narsingdi,2019,23.88332,90.62525,0.797,False,Low,-4.09
6221,Natore,2019,24.30199,89.10694,0.796,False,High,9.57
6222,Natore,2019,24.35124,88.92583,0.796,False,High,9.57
6223,Narsingdi,2019,23.98983,90.66055,0.796,False,Low,-4.09
6224,Gazipur,2019,24.26943,90.31678,0.795,False,Medium,1.1
6225,Tangail,2019,24.51583,89.97013,0.794,False,High,8.96
6226,Tangail,2019,24.59218,89.9127,0.793,False,High,8.96
6227,Jamalpur,2019,24.64031,89.82704,0.793,False,High,16.99
6228,Mymensingh,2019,24.57005,90.24395,0.793,False,Low,-5.83
6229,Mymensingh,2019,24.58336,90.24957,0.793,False,Low,-5.83
6230,Jamalpur,2019,24.83521,89.92633,0.792,False,High,16.99
6231,Jamalpur,2019,25.25148,89.85046,0.789,False,High,16.99
6232,Thakurgaon,2019,25.82705,88.18793,0.788,False,High,14.28
6233,Rangpur,2019,25.78101,89.11496,0.787,False,High,75.35
6234,Thakurgaon,2019,26.01617,88.27087,0.787,False,High,14.28
6235,Kurigram,2019,25.76031,89.59813,0.786,False,High,35.15
6236,Thakurgaon,2019,26.06077,88.38957,0.786,False,High,14.28
6237,Lalmonirhat,2019,25.86121,89.51006,0.786,False,High,33.32
6238,Panchagarh,2019,26.22872,88.38091,0.785,False,High,16.31
6239,Lalmonirhat,2019,26.05836,89.16613,0.785,False,High,33.32
6240,Nilphamari,2019,26.21797,88.90241,0.784,False,High,14.39
6241,Lalmonirhat,2019,26.38946,89.05994,0.783,False,High,33.32
6242,Noakhali,2019,22.90091,91.10239,0.745,False,High,17.85
6243,Manikganj,2019,23.78367,90.04324,0.741,False,High,10.22
6244,Brahamanbaria,2019,23.78247,90.81302,0.74,False,High,11.9
6245,Tangail,2019,24.31074,89.88983,0.738,False,High,8.96
6246,Tangail,2019,24.47762,89.92335,0.737,False,High,8.96
6247,Mymensingh,2019,24.42873,90.34452,0.737,False,Low,-5.83
6248,Kishoreganj,2019,24.44998,90.79281,0.737,False,High,12.02
6249,Mymensingh,2019,24.59561,90.32759,0.736,False,Low,-5.83
6250,Bogra,2019,24.75178,89.54415,0.736,False,High,39.64
6251,Tangail,2019,24.67992,89.92179,0.736,False,High,8.96
6252,Tangail,2019,24.706,89.88828,0.736,False,High,8.96
6253,Sirajganj,2019,24.7504,89.76597,0.736,False,High,48.62
6254,Tangail,2019,24.7637,90.04393,0.736,False,High,8.96
6255,Sherpur,2019,24.92419,90.06863,0.735,False,High,31.78
6256,Mymensingh,2019,25.16259,90.25693,0.733,False,Low,-5.83
6257,Dinajpur,2019,25.91579,88.52819,0.731,False,High,39.31
6258,Rangpur,2019,25.70918,89.49181,0.731,False,High,75.35
6259,Dinajpur,2019,25.96727,88.60472,0.73,False,High,39.31
6260,Lalmonirhat,2019,26.19427,89.10018,0.728,False,High,33.32
6261,Panchagarh,2019,26.5472,88.38585,0.727,False,High,16.31
6262,Noakhali,2019,22.54996,91.30533,0.689,False,High,17.85
6263,Madaripur,2019,23.29893,90.03384,0.687,False,High,3.68
6264,Comilla,2019,23.36649,91.16403,0.685,False,High,10.87
6265,Comilla,2019,23.46269,90.90764,0.685,False,High,10.87
6266,Manikganj,2019,23.78514,90.01157,0.684,False,High,10.22
6267,Narsingdi,2019,23.98128,90.7639,0.683,False,Low,-4.09
6268,Narsingdi,2019,24.19519,90.79703,0.681,False,Low,-4.09
6269,Mymensingh,2019,24.40854,90.5644,0.68,False,Low,-5.83
6270,Mymensingh,2019,24.46412,90.49797,0.68,False,Low,-5.83
6271,Tangail,2019,24.65763,89.98611,0.68,False,High,8.96
6272,Sunamganj,2019,24.76281,91.61431,0.678,False,High,31.03
6273,Sherpur,2019,25.08377,89.97975,0.677,False,High,31.78
6274,Jamalpur,2019,25.15302,89.82685,0.677,False,High,16.99
6275,Sherpur,2019,25.18483,90.244,0.677,False,High,31.78
6276,Sherpur,2019,25.25408,89.91406,0.676,False,High,31.78
6277,Dinajpur,2019,25.75657,88.56191,0.675,False,High,39.31
6278,Rangpur,2019,25.72438,89.32005,0.675,False,High,75.35
6279,Dinajpur,2019,26.00117,88.62479,0.674,False,High,39.31
6280,Nilphamari,2019,26.03486,88.7936,0.674,False,High,14.39
6281,Thakurgaon,2019,26.18533,88.28025,0.673,False,High,14.28
6282,Nilphamari,2019,26.01652,88.97869,0.673,False,High,14.39
6283,Nilphamari,2019,26.03823,88.89204,0.673,False,High,14.39
6284,Nilphamari,2019,26.06331,88.79229,0.673,False,High,14.39
6285,Lalmonirhat,2019,25.9411,89.36141,0.673,False,High,33.32
6286,Panchagarh,2019,26.23867,88.41612,0.673,False,High,16.31
6287,Lalmonirhat,2019,26.17223,89.10502,0.672,False,High,33.32
6288,Nilphamari,2019,26.2164,88.92591,0.672,False,High,14.39
6289,Nilphamari,2019,26.23848,88.88324,0.672,False,High,14.39
6290,Lalmonirhat,2019,26.21415,89.13926,0.672,False,High,33.32
6291,Lalmonirhat,2019,26.29163,89.05692,0.672,False,High,33.32
6292,Lalmonirhat,2019,26.3124,89.04812,0.672,False,High,33.32
6293,Noakhali,2019,22.76484,91.07253,0.631,False,High,17.85
6294,Noakhali,2019,22.79179,91.20871,0.631,False,High,17.85
6295,Gopalganj,2019,23.06026,89.99149,0.631,False,Low,-0.76
6296,Dhaka,2019,23.6654,90.33367,0.627,False,Low,-5.31
6297,Dhaka,2019,23.68439,90.34592,0.627,False,Low,-5.31
6298,Pabna,2019,24.02248,89.11869,0.627,False,High,13.38
6299,Tangail,2019,24.00023,89.86123,0.626,False,High,8.96
6300,Brahamanbaria,2019,23.98961,91.04885,0.625,False,High,11.9
6301,Natore,2019,24.42162,88.94169,0.625,False,High,9.57
6302,Brahamanbaria,2019,24.01881,91.04681,0.625,False,High,11.9
6303,Natore,2019,24.49042,88.99273,0.625,False,High,9.57
6304,Kishoreganj,2019,24.2589,90.89613,0.624,False,High,12.02
6305,Mymensingh,2019,24.4402,90.33571,0.624,False,Low,-5.83
6306,Mymensingh,2019,24.4257,90.52129,0.624,False,Low,-5.83
6307,Naogaon,2019,24.82545,88.7216,0.624,False,High,22.41
6308,Mymensingh,2019,24.47389,90.44106,0.624,False,Low,-5.83
6309,Tangail,2019,24.59761,90.0362,0.623,False,High,8.96
6310,Mymensingh,2019,24.548,90.31692,0.623,False,Low,-5.83
6311,Mymensingh,2019,24.53697,90.63562,0.623,False,Low,-5.83
6312,Mymensingh,2019,24.56943,90.7769,0.623,False,Low,-5.83
6313,Jamalpur,2019,24.89262,90.13461,0.622,False,High,16.99
6314,Sherpur,2019,25.02165,89.97659,0.621,False,High,31.78
6315,Jamalpur,2019,25.16477,89.83428,0.621,False,High,16.99
6316,Rangpur,2019,25.65823,89.23833,0.619,False,High,75.35
6317,Rangpur,2019,25.68886,89.35859,0.618,False,High,75.35
6318,Dinajpur,2019,25.90119,88.50764,0.618,False,High,39.31
6319,Kurigram,2019,25.64986,89.86838,0.618,False,High,35.15
6320,Kurigram,2019,25.78053,89.59154,0.618,False,High,35.15
6321,Nilphamari,2019,25.98816,88.83777,0.618,False,High,14.39
6322,Thakurgaon,2019,26.07166,88.52683,0.618,False,High,14.28
6323,Nilphamari,2019,26.01021,88.83021,0.617,False,High,14.39
6324,Nilphamari,2019,26.02981,88.82633,0.617,False,High,14.39
6325,Lalmonirhat,2019,25.94957,89.43964,0.617,False,High,33.32
6326,Nilphamari,2019,26.07003,88.91392,0.617,False,High,14.39
6327,Lalmonirhat,2019,25.96448,89.43229,0.617,False,High,33.32
6328,Nilphamari,2019,26.07125,88.99518,0.617,False,High,14.39
6329,Nilphamari,2019,26.10249,88.92433,0.617,False,High,14.39
6330,Lalmonirhat,2019,26.02756,89.30612,0.617,False,High,33.32
6331,Nilphamari,2019,26.17987,88.86962,0.617,False,High,14.39
6332,Kurigram,2019,26.06411,89.67463,0.616,False,High,35.15
6333,Lakshmipur,2019,22.8893,90.91153,0.573,False,Low,-1.16
6334,Noakhali,2019,22.86415,91.17878,0.573,False,High,17.85
6335,Gopalganj,2019,23.08311,90.08732,0.573,False,Low,-0.76
6336,Munshiganj,2019,23.48331,90.52705,0.571,False,High,11.83
6337,Comilla,2019,23.41391,91.2046,0.571,False,High,10.87
6338,Munshiganj,2019,23.5974,90.38197,0.571,False,High,11.83
6339,Comilla,2019,23.68902,91.00361,0.57,False,High,10.87
6340,Narayanganj,2019,23.8332,90.59308,0.57,False,High,31.57
6341,Narayanganj,2019,23.85094,90.56074,0.569,False,High,31.57
6342,Natore,2019,24.1822,89.06414,0.569,False,High,9.57
6343,Natore,2019,24.36141,88.97319,0.569,False,High,9.57
6344,Tangail,2019,24.15974,89.94292,0.569,False,High,8.96
6345,Natore,2019,24.36927,89.03719,0.569,False,High,9.57
6346,Brahamanbaria,2019,24.02095,91.01416,0.568,False,High,11.9
6347,Mymensingh,2019,24.34861,90.37703,0.567,False,Low,-5.83
6348,Tangail,2019,24.45259,89.87757,0.567,False,High,8.96
6349,Naogaon,2019,24.79889,88.78566,0.567,False,High,22.41
6350,Mymensingh,2019,24.45102,90.46686,0.567,False,Low,-5.83
6351,Mymensingh,2019,24.46719,90.37254,0.567,False,Low,-5.83
6352,Kishoreganj,2019,24.42856,90.84932,0.567,False,High,12.02
6353,Tangail,2019,24.58105,89.97009,0.567,False,High,8.96
6354,Sirajganj,2019,24.65696,89.6202,0.567,False,High,48.62
6355,Mymensingh,2019,24.54399,90.23802,0.567,False,Low,-5.83
6356,Mymensingh,2019,24.57836,90.2717,0.567,False,Low,-5.83
6357,Mymensingh,2019,24.59408,90.25845,0.566,False,Low,-5.83
6358,Mymensingh,2019,24.54781,90.60161,0.566,False,Low,-5.83
6359,Tangail,2019,24.67964,89.89441,0.566,False,High,8.96
6360,Mymensingh,2019,24.54938,90.73209,0.566,False,Low,-5.83
6361,Tangail,2019,24.7003,89.90047,0.566,False,High,8.96
6362,Mymensingh,2019,24.66976,90.31213,0.566,False,Low,-5.83
6363,Jamalpur,2019,24.90063,90.12236,0.565,False,High,16.99
6364,Sherpur,2019,24.9406,90.0716,0.565,False,High,31.78
6365,Netrakona,2019,25.00348,90.52974,0.564,False,High,50.49
6366,Jamalpur,2019,25.17416,89.83153,0.564,False,High,16.99
6367,Dinajpur,2019,25.46948,89.05426,0.564,False,High,39.31
6368,Jamalpur,2019,25.31452,89.80233,0.564,False,High,16.99
6369,Gaibandha,2019,25.44006,89.50791,0.563,False,High,42.66
6370,Kurigram,2019,25.48251,89.81132,0.563,False,High,35.15
6371,Rangpur,2019,25.67857,89.37855,0.562,False,High,75.35
6372,Thakurgaon,2019,25.95929,88.2624,0.562,False,High,14.28
6373,Kurigram,2019,25.59255,89.83737,0.562,False,High,35.15
6374,Thakurgaon,2019,25.96962,88.25678,0.562,False,High,14.28
6375,Thakurgaon,2019,26.0096,88.20625,0.562,False,High,14.28
6376,Kurigram,2019,25.74235,89.54766,0.562,False,High,35.15
6377,Thakurgaon,2019,26.03408,88.34055,0.562,False,High,14.28
6378,Kurigram,2019,25.73696,89.59909,0.562,False,High,35.15
6379,Dinajpur,2019,25.97905,88.58557,0.562,False,High,39.31
6380,Kurigram,2019,25.76391,89.58314,0.562,False,High,35.15
6381,Kurigram,2019,25.76907,89.61526,0.562,False,High,35.15
6382,Thakurgaon,2019,26.10886,88.35447,0.561,False,High,14.28
6383,Thakurgaon,2019,26.13334,88.39512,0.561,False,High,14.28
6384,Kurigram,2019,25.86519,89.54654,0.561,False,High,35.15
6385,Nilphamari,2019,26.05519,88.82474,0.561,False,High,14.39
6386,Panchagarh,2019,26.25237,88.42162,0.561,False,High,16.31
6387,Lalmonirhat,2019,26.01903,89.4082,0.561,False,High,33.32
6388,Kurigram,2019,25.99814,89.63862,0.561,False,High,35.15
6389,Lalmonirhat,2019,26.1129,89.15016,0.56,False,High,33.32
6390,Nilphamari,2019,26.17691,88.88358,0.56,False,High,14.39
6391,Kurigram,2019,26.05653,89.68465,0.56,False,High,35.15
6392,Lalmonirhat,2019,26.17938,89.1158,0.56,False,High,33.32
6393,Kurigram,2019,26.05631,89.7116,0.56,False,High,35.15
6394,Nilphamari,2019,26.24495,88.89324,0.56,False,High,14.39
6395,Panchagarh,2019,26.38801,88.5941,0.56,False,High,16.31
6396,Lalmonirhat,2019,26.28807,89.04281,0.56,False,High,33.32
6397,Panchagarh,2019,26.43944,88.54941,0.56,False,High,16.31
6398,Panchagarh,2019,26.50142,88.40164,0.56,False,High,16.31
6399,Chittagong,2019,22.01933,92.08293,0.519,False,Low,-1.19
6400,Bhola,2019,22.21347,90.68156,0.519,False,Low,-6.7
6401,Patuakhali,2019,22.48271,90.57052,0.518,False,High,12.98
6402,Noakhali,2019,22.54734,91.17064,0.517,False,High,17.85
6403,Barisal,2019,22.92513,90.03003,0.516,False,High,9.66
6404,Noakhali,2019,22.76917,91.14269,0.516,False,High,17.85
6405,Noakhali,2019,22.84229,91.18586,0.516,False,High,17.85
6406,Noakhali,2019,22.87423,91.18761,0.516,False,High,17.85
6407,Jhenaidah,2019,23.35008,88.93084,0.516,False,High,15.44
6408,Jessore,2019,23.23131,89.37775,0.516,False,High,7.75
6409,Noakhali,2019,22.8877,91.17688,0.516,False,High,17.85
6410,Comilla,2019,23.20361,91.20458,0.515,False,High,10.87
6411,Chandpur,2019,23.36381,90.83003,0.514,False,High,15.78
6412,Faridpur,2019,23.53124,90.03028,0.514,False,High,8.19
6413,Narayanganj,2019,23.56992,90.43752,0.514,False,High,31.57
6414,Comilla,2019,23.48982,91.19659,0.514,False,High,10.87
6415,Comilla,2019,23.65426,90.93533,0.513,False,High,10.87
6416,Pabna,2019,24.02607,89.4072,0.513,False,High,13.38
6417,Brahamanbaria,2019,23.78951,90.82055,0.513,False,High,11.9
6418,Brahamanbaria,2019,23.84166,90.80009,0.512,False,High,11.9
6419,Tangail,2019,24.01983,89.88455,0.512,False,High,8.96
6420,Brahamanbaria,2019,23.82644,91.15717,0.512,False,High,11.9
6421,Narsingdi,2019,23.91677,90.6858,0.512,False,Low,-4.09
6422,Brahamanbaria,2019,23.87859,90.96503,0.512,False,High,11.9
6423,Gazipur,2019,23.97167,90.4183,0.512,False,Medium,1.1
6424,Narsingdi,2019,23.97416,90.78412,0.512,False,Low,-4.09
6425,Natore,2019,24.35121,89.04388,0.512,False,High,9.57
6426,Sirajganj,2019,24.27984,89.49803,0.512,False,High,48.62
6427,Natore,2019,24.46,88.92635,0.512,False,High,9.57
6428,Tangail,2019,24.23617,89.91125,0.511,False,High,8.96
6429,Tangail,2019,24.29831,89.90002,0.511,False,High,8.96
6430,Gazipur,2019,24.2731,90.41206,0.511,False,Medium,1.1
6431,Tangail,2019,24.39263,89.96565,0.511,False,High,8.96
6432,Sirajganj,2019,24.46574,89.67619,0.511,False,High,48.62
6433,Mymensingh,2019,24.36418,90.3674,0.511,False,Low,-5.83
6434,Mymensingh,2019,24.37341,90.33371,0.511,False,Low,-5.83
6435,Bogra,2019,24.59275,89.53396,0.51,False,High,39.64
6436,Naogaon,2019,24.82207,88.64338,0.51,False,High,22.41
6437,Kishoreganj,2019,24.4061,90.80707,0.51,False,High,12.02
6438,Tangail,2019,24.55982,89.95068,0.51,False,High,8.96
6439,Kishoreganj,2019,24.45551,90.70951,0.51,False,High,12.02
6440,Mymensingh,2019,24.55907,90.20395,0.51,False,Low,-5.83
6441,Tangail,2019,24.6217,89.88131,0.51,False,High,8.96
6442,Bogra,2019,24.72201,89.44438,0.51,False,High,39.64
6443,Kishoreganj,2019,24.49119,90.85349,0.51,False,High,12.02
6444,Mymensingh,2019,24.54185,90.52585,0.51,False,Low,-5.83
6445,Mymensingh,2019,24.51914,90.70252,0.51,False,Low,-5.83
6446,Habiganj,2019,24.47622,91.51599,0.51,False,Low,-1.01
6447,Bogra,2019,24.82956,89.45711,0.51,False,High,39.64
6448,Jamalpur,2019,24.77915,89.86434,0.509,False,High,16.99
6449,Mymensingh,2019,24.66013,90.54531,0.509,False,Low,-5.83
6450,Mymensingh,2019,24.68383,90.47095,0.509,False,Low,-5.83
6451,Sherpur,2019,24.94983,90.19298,0.508,False,High,31.78
6452,Sherpur,2019,24.97828,90.19896,0.508,False,High,31.78
6453,Jamalpur,2019,25.18215,89.82966,0.508,False,High,16.99
6454,Jamalpur,2019,25.18514,89.81568,0.508,False,High,16.99
6455,Jamalpur,2019,25.2615,89.76353,0.507,False,High,16.99
6456,Jamalpur,2019,25.26025,89.86484,0.507,False,High,16.99
6457,Jamalpur,2019,25.30317,89.8062,0.507,False,High,16.99
6458,Dinajpur,2019,25.58215,88.73222,0.507,False,High,39.31
6459,Sunamganj,2019,25.07909,91.6455,0.507,False,High,31.03
6460,Rangpur,2019,25.51128,89.32161,0.507,False,High,75.35
6461,Rangpur,2019,25.61409,89.22853,0.506,False,High,75.35
6462,Thakurgaon,2019,25.90879,88.24238,0.506,False,High,14.28
6463,Thakurgaon,2019,25.89855,88.30427,0.506,False,High,14.28
6464,Rangpur,2019,25.69194,89.2747,0.506,False,High,75.35
6465,Thakurgaon,2019,25.96992,88.19148,0.506,False,High,14.28
6466,Dinajpur,2019,25.82943,88.82404,0.506,False,High,39.31
6467,Dinajpur,2019,25.91228,88.59173,0.506,False,High,39.31
6468,Thakurgaon,2019,25.94222,88.48543,0.506,False,High,14.28
6469,Rangpur,2019,25.75732,89.30514,0.506,False,High,75.35
6470,Rangpur,2019,25.7658,89.27969,0.506,False,High,75.35
6471,Thakurgaon,2019,26.0318,88.2858,0.506,False,High,14.28
6472,Kurigram,2019,25.73486,89.57189,0.506,False,High,35.15
6473,Thakurgaon,2019,25.99038,88.49516,0.506,False,High,14.28
6474,Dinajpur,2019,25.98215,88.53434,0.506,False,High,39.31
6475,Dinajpur,2019,25.93524,88.78412,0.506,False,High,39.31
6476,Nilphamari,2019,25.94871,88.96054,0.505,False,High,14.39
6477,Nilphamari,2019,26.00411,88.84176,0.505,False,High,14.39
6478,Thakurgaon,2019,26.11415,88.50389,0.505,False,High,14.28
6479,Nilphamari,2019,26.04528,88.77738,0.505,False,High,14.39
6480,Thakurgaon,2019,26.13137,88.46023,0.505,False,High,14.28
6481,Nilphamari,2019,26.04728,88.8717,0.505,False,High,14.39
6482,Lalmonirhat,2019,25.91253,89.47782,0.505,False,High,33.32
6483,Nilphamari,2019,26.06898,88.83502,0.505,False,High,14.39
6484,Nilphamari,2019,26.03305,89.05736,0.505,False,High,14.39
6485,Thakurgaon,2019,26.18502,88.47195,0.505,False,High,14.28
6486,Nilphamari,2019,26.07123,88.96328,0.505,False,High,14.39
6487,Kurigram,2019,25.94023,89.66522,0.505,False,High,35.15
6488,Lalmonirhat,2019,26.0338,89.22853,0.505,False,High,33.32
6489,Panchagarh,2019,26.21895,88.49291,0.505,False,High,16.31
6490,Panchagarh,2019,26.23991,88.4485,0.505,False,High,16.31
6491,Panchagarh,2019,26.23617,88.48019,0.505,False,High,16.31
6492,Kurigram,2019,25.99687,89.50876,0.505,False,High,35.15
6493,Panchagarh,2019,26.24441,88.46372,0.505,False,High,16.31
6494,Nilphamari,2019,26.1416,88.9261,0.505,False,High,14.39
6495,Panchagarh,2019,26.28233,88.37638,0.505,False,High,16.31
6496,Nilphamari,2019,26.17653,88.82055,0.505,False,High,14.39
6497,Nilphamari,2019,26.1401,89.04687,0.504,False,High,14.39
6498,Kurigram,2019,26.03904,89.68767,0.504,False,High,35.15
6499,Lalmonirhat,2019,26.20398,89.0878,0.504,False,High,33.32
6500,Panchagarh,2019,26.32376,88.64238,0.504,False,High,16.31
6501,Panchagarh,2019,26.37092,88.67382,0.504,False,High,16.31
6502,Lalmonirhat,2019,26.28383,89.06634,0.504,False,High,33.32
6503,Lalmonirhat,2019,26.34197,89.00445,0.504,False,High,33.32
6504,Chittagong,2019,21.96212,92.127,0.461,False,Low,-1.19
6505,Patuakhali,2019,22.38967,90.5965,0.46,False,High,12.98
6506,Khulna,2019,22.94634,89.72878,0.459,False,High,22.68
6507,Noakhali,2019,22.88599,91.16356,0.459,False,High,17.85
6508,Barisal,2019,23.05751,90.47551,0.458,False,High,9.66
6509,Shariatpur,2019,23.24335,90.50667,0.458,False,High,11.14
6510,Faridpur,2019,23.37501,89.8815,0.458,False,High,8.19
6511,Comilla,2019,23.18608,91.12454,0.458,False,High,10.87
6512,Comilla,2019,23.21949,91.28848,0.457,False,High,10.87
6513,Comilla,2019,23.23156,91.23374,0.457,False,High,10.87
6514,Comilla,2019,23.23773,91.27164,0.457,False,High,10.87
6515,Comilla,2019,23.31858,91.22055,0.457,False,High,10.87
6516,Chandpur,2019,23.41543,90.8441,0.457,False,High,15.78
6517,Narayanganj,2019,23.55551,90.45193,0.457,False,High,31.57
6518,Munshiganj,2019,23.63215,90.26216,0.456,False,High,11.83
6519,Comilla,2019,23.63692,90.81883,0.456,False,High,10.87
6520,Narayanganj,2019,23.72058,90.62963,0.456,False,High,31.57
6521,Narayanganj,2019,23.74332,90.66219,0.456,False,High,31.57
6522,Brahamanbaria,2019,23.82753,90.79638,0.456,False,High,11.9
6523,Rajshahi,2019,24.26799,88.77545,0.456,False,Low,-20.24
6524,Narsingdi,2019,23.89378,90.62598,0.455,False,Low,-4.09
6525,Nawabganj,2019,24.52373,88.20417,0.455,False,High,38.19
6526,Natore,2019,24.24806,89.20074,0.455,False,High,9.57
6527,Natore,2019,24.28427,89.07975,0.455,False,High,9.57
6528,Tangail,2019,24.11106,89.87897,0.455,False,High,8.96
6529,Rajshahi,2019,24.37214,88.87959,0.455,False,Low,-20.24
6530,Narsingdi,2019,23.98305,90.78683,0.455,False,Low,-4.09
6531,Natore,2019,24.36849,88.9523,0.455,False,High,9.57
6532,Natore,2019,24.35978,89.00255,0.455,False,High,9.57
6533,Rajshahi,2019,24.44091,88.82738,0.455,False,Low,-20.24
6534,Brahamanbaria,2019,24.00832,91.04145,0.455,False,High,11.9
6535,Natore,2019,24.3901,89.11063,0.455,False,High,9.57
6536,Nawabganj,2019,24.71715,88.05848,0.455,False,High,38.19
6537,Tangail,2019,24.24385,89.88009,0.455,False,High,8.96
6538,Rajshahi,2019,24.51137,88.91132,0.455,False,Low,-20.24
6539,Nawabganj,2019,24.75111,88.14663,0.454,False,High,38.19
6540,Kishoreganj,2019,24.13801,90.89014,0.454,False,High,12.02
6541,Narsingdi,2019,24.23907,90.68212,0.454,False,Low,-4.09
6542,Tangail,2019,24.38252,89.92473,0.454,False,High,8.96
6543,Mymensingh,2019,24.30757,90.3708,0.454,False,Low,-5.83
6544,Kishoreganj,2019,24.24834,90.78122,0.454,False,High,12.02
6545,Gazipur,2019,24.30224,90.50863,0.454,False,Medium,1.1
6546,Kishoreganj,2019,24.25086,90.86403,0.454,False,High,12.02
6547,Gazipur,2019,24.31571,90.46681,0.454,False,Medium,1.1
6548,Tangail,2019,24.4687,89.91603,0.454,False,High,8.96
6549,Mymensingh,2019,24.37354,90.48309,0.454,False,Low,-5.83
6550,Mymensingh,2019,24.36399,90.59706,0.454,False,Low,-5.83
6551,Bogra,2019,24.58801,89.56372,0.454,False,High,39.64
6552,Mymensingh,2019,24.44709,90.31325,0.454,False,Low,-5.83
6553,Mymensingh,2019,24.45776,90.26216,0.454,False,Low,-5.83
6554,Mymensingh,2019,24.46955,90.33936,0.454,False,Low,-5.83
6555,Kishoreganj,2019,24.43586,90.64871,0.453,False,High,12.02
6556,Mymensingh,2019,24.4659,90.5673,0.453,False,Low,-5.83
6557,Tangail,2019,24.597,89.98986,0.453,False,High,8.96
6558,Kishoreganj,2019,24.46899,90.75511,0.453,False,High,12.02
6559,Tangail,2019,24.63489,89.90396,0.453,False,High,8.96
6560,Kishoreganj,2019,24.50323,90.76072,0.453,False,High,12.02
6561,Naogaon,2019,24.91534,88.91104,0.453,False,High,22.41
6562,Naogaon,2019,24.90551,88.96578,0.453,False,High,22.41
6563,Naogaon,2019,24.93807,88.92002,0.453,False,High,22.41
6564,Tangail,2019,24.73595,89.88599,0.453,False,High,8.96
6565,Mymensingh,2019,24.63237,90.47747,0.453,False,Low,-5.83
6566,Tangail,2019,24.71967,90.00473,0.453,False,High,8.96
6567,Jamalpur,2019,24.82157,89.8509,0.453,False,High,16.99
6568,Mymensingh,2019,24.78929,90.10832,0.453,False,Low,-5.83
6569,Mymensingh,2019,24.81119,90.33037,0.452,False,Low,-5.83
6570,Mymensingh,2019,24.83533,90.24981,0.452,False,Low,-5.83
6571,Mymensingh,2019,24.92207,90.28349,0.452,False,Low,-5.83
6572,Netrakona,2019,24.94958,90.89744,0.452,False,High,50.49
6573,Gaibandha,2019,25.24715,89.33521,0.451,False,High,42.66
6574,Jamalpur,2019,25.29038,89.81328,0.451,False,High,16.99
6575,Dinajpur,2019,25.49671,89.02697,0.451,False,High,39.31
6576,Dinajpur,2019,25.56353,88.79622,0.451,False,High,39.31
6577,Dinajpur,2019,25.72831,88.49416,0.45,False,High,39.31
6578,Dinajpur,2019,25.68424,88.67158,0.45,False,High,39.31
6579,Sylhet,2019,25.15255,92.13374,0.45,False,High,13.59
6580,Rangpur,2019,25.56437,89.27794,0.45,False,High,75.35
6581,Thakurgaon,2019,25.85155,88.18621,0.45,False,High,14.28
6582,Dinajpur,2019,25.8552,88.41247,0.45,False,High,39.31
6583,Dinajpur,2019,25.85267,88.47311,0.45,False,High,39.31
6584,Thakurgaon,2019,25.94166,88.18958,0.45,False,High,14.28
6585,Rangpur,2019,25.64466,89.44638,0.45,False,High,75.35
6586,Rangpur,2019,25.70922,89.27626,0.45,False,High,75.35
6587,Rangpur,2019,25.74487,89.28019,0.45,False,High,75.35
6588,Thakurgaon,2019,26.01381,88.25807,0.45,False,High,14.28
6589,Thakurgaon,2019,26.00763,88.37682,0.45,False,High,14.28
6590,Rangpur,2019,25.78109,89.37255,0.449,False,High,75.35
6591,Rangpur,2019,25.77631,89.40286,0.449,False,High,75.35
6592,Dinajpur,2019,25.96917,88.61824,0.449,False,High,39.31
6593,Rangpur,2019,25.79372,89.35458,0.449,False,High,75.35
6594,Thakurgaon,2019,26.03262,88.40236,0.449,False,High,14.28
6595,Dinajpur,2019,25.99444,88.58231,0.449,False,High,39.31
6596,Nilphamari,2019,25.92847,88.86416,0.449,False,High,14.39
6597,Nilphamari,2019,25.94026,88.90514,0.449,False,High,14.39
6598,Kurigram,2019,25.78305,89.64569,0.449,False,High,35.15
6599,Thakurgaon,2019,26.06771,88.48377,0.449,False,High,14.28
6600,Nilphamari,2019,25.99865,88.88521,0.449,False,High,14.39
6601,Nilphamari,2019,26.03121,88.76562,0.449,False,High,14.39
6602,Lalmonirhat,2019,25.92622,89.39079,0.449,False,High,33.32
6603,Lalmonirhat,2019,25.9585,89.26531,0.449,False,High,33.32
6604,Nilphamari,2019,26.05339,88.92114,0.449,False,High,14.39
6605,Nilphamari,2019,26.08651,88.79847,0.449,False,High,14.39
6606,Lalmonirhat,2019,25.95738,89.41325,0.449,False,High,33.32
6607,Nilphamari,2019,26.07192,88.92704,0.449,False,High,14.39
6608,Nilphamari,2019,26.10729,88.84226,0.449,False,High,14.39
6609,Thakurgaon,2019,26.20077,88.48546,0.449,False,High,14.28
6610,Nilphamari,2019,26.10841,88.90346,0.449,False,High,14.39
6611,Kurigram,2019,25.93885,89.71278,0.449,False,High,35.15
6612,Nilphamari,2019,26.12385,88.87286,0.449,False,High,14.39
6613,Panchagarh,2019,26.22968,88.49248,0.449,False,High,16.31
6614,Nilphamari,2019,26.22435,88.91497,0.448,False,High,14.39
6615,Lalmonirhat,2019,26.23109,89.11344,0.448,False,High,33.32
6616,Lalmonirhat,2019,26.23642,89.0994,0.448,False,High,33.32
6617,Panchagarh,2019,26.36499,88.66484,0.448,False,High,16.31
6618,Lalmonirhat,2019,26.27095,89.06656,0.448,False,High,33.32
6619,Lalmonirhat,2019,26.29986,88.98964,0.448,False,High,33.32
6620,Panchagarh,2019,26.3824,88.65895,0.448,False,High,16.31
6621,Panchagarh,2019,26.52416,88.36643,0.448,False,High,16.31
6622,Lalmonirhat,2019,26.39531,89.01041,0.447,False,High,33.32
6623,Bhola,2019,22.23218,90.76818,0.403,False,Low,-6.7
6624,Bhola,2019,22.26234,90.77428,0.403,False,Low,-6.7
6625,Pirojpur,2019,22.41954,90.02996,0.403,False,High,9.18
6626,Bhola,2019,22.54916,90.7377,0.402,False,Low,-6.7
6627,Barisal,2019,22.7439,90.40757,0.402,False,High,9.66
6628,Noakhali,2019,22.78336,91.1012,0.402,False,High,17.85
6629,Narail,2019,23.16194,89.45728,0.401,False,Low,-8.78
6630,Gopalganj,2019,23.0551,89.94366,0.401,False,Low,-0.76
6631,Barisal,2019,22.98516,90.32769,0.401,False,High,9.66
6632,Noakhali,2019,22.90046,91.19552,0.401,False,High,17.85
6633,Noakhali,2019,23.02398,91.12751,0.401,False,High,17.85
6634,Gopalganj,2019,23.297,89.80827,0.401,False,Low,-0.76
6635,Comilla,2019,23.0782,91.1166,0.401,False,High,10.87
6636,Comilla,2019,23.09424,91.1166,0.401,False,High,10.87
6637,Faridpur,2019,23.39133,90.06878,0.4,False,High,8.19
6638,Feni,2019,23.23926,91.40695,0.4,False,Low,-4.77
6639,Faridpur,2019,23.50618,90.04311,0.4,False,High,8.19
6640,Chandpur,2019,23.38042,90.87181,0.4,False,High,15.78
6641,Faridpur,2019,23.55046,90.01713,0.4,False,High,8.19
6642,Chandpur,2019,23.42758,90.85513,0.4,False,High,15.78
6643,Comilla,2019,23.4802,90.84807,0.4,False,High,10.87
6644,Kushtia,2019,23.89342,89.03187,0.399,False,High,18.8
6645,Manikganj,2019,23.73108,90.02675,0.399,False,High,10.22
6646,Dhaka,2019,23.67686,90.35528,0.399,False,Low,-5.31
6647,Kushtia,2019,24.00764,88.9369,0.399,False,High,18.8
6648,Comilla,2019,23.57324,91.10184,0.399,False,High,10.87
6649,Kushtia,2019,24.03009,88.95359,0.399,False,High,18.8
6650,Manikganj,2019,23.81129,89.92248,0.399,False,High,10.22
6651,Comilla,2019,23.61206,91.08805,0.399,False,High,10.87
6652,Pabna,2019,24.02464,89.09122,0.399,False,High,13.38
6653,Manikganj,2019,23.79108,90.19807,0.399,False,High,10.22
6654,Narayanganj,2019,23.73076,90.67739,0.399,False,High,31.57
6655,Narayanganj,2019,23.73461,90.66327,0.399,False,High,31.57
6656,Narayanganj,2019,23.75932,90.56638,0.399,False,High,31.57
6657,Comilla,2019,23.70349,90.94175,0.399,False,High,10.87
6658,Comilla,2019,23.70253,91.05244,0.399,False,High,10.87
6659,Pabna,2019,24.05576,89.35622,0.399,False,High,13.38
6660,Manikganj,2019,23.89342,90.10022,0.399,False,High,10.22
6661,Brahamanbaria,2019,23.78242,90.79866,0.399,False,High,11.9
6662,Dhaka,2019,23.90144,90.1214,0.399,False,Low,-5.31
6663,Brahamanbaria,2019,23.84049,90.81053,0.399,False,High,11.9
6664,Dhaka,2019,23.96689,90.15187,0.398,False,Low,-5.31
6665,Tangail,2019,24.041,89.84035,0.398,False,High,8.96
6666,Narsingdi,2019,23.87931,90.74027,0.398,False,Low,-4.09
6667,Narsingdi,2019,23.93898,90.73931,0.398,False,Low,-4.09
6668,Natore,2019,24.35638,88.95038,0.398,False,High,9.57
6669,Rajshahi,2019,24.39905,88.85381,0.398,False,Low,-20.24
6670,Rajshahi,2019,24.41573,88.79927,0.398,False,Low,-20.24
6671,Natore,2019,24.37659,88.95519,0.398,False,High,9.57
6672,Sirajganj,2019,24.23992,89.52049,0.398,False,High,48.62
6673,Rajshahi,2019,24.47027,88.72259,0.398,False,Low,-20.24
6674,Rajshahi,2019,24.43145,88.87562,0.398,False,Low,-20.24
6675,Tangail,2019,24.1735,90.17497,0.398,False,High,8.96
6676,Nawabganj,2019,24.73142,88.08479,0.398,False,High,38.19
6677,Rajshahi,2019,24.50748,88.8721,0.398,False,Low,-20.24
6678,Nawabganj,2019,24.74008,88.1297,0.398,False,High,38.19
6679,Natore,2019,24.52577,88.89552,0.398,False,High,9.57
6680,Narsingdi,2019,24.14335,90.82016,0.398,False,Low,-4.09
6681,Rajshahi,2019,24.59956,88.67254,0.398,False,Low,-20.24
6682,Sirajganj,2019,24.37498,89.63983,0.398,False,High,48.62
6683,Tangail,2019,24.3352,89.87468,0.398,False,High,8.96
6684,Habiganj,2019,24.12089,91.31455,0.397,False,Low,-1.01
6685,Narsingdi,2019,24.20559,90.78358,0.397,False,Low,-4.09
6686,Gazipur,2019,24.25082,90.51537,0.397,False,Medium,1.1
6687,Kishoreganj,2019,24.1889,90.94432,0.397,False,High,12.02
6688,Tangail,2019,24.31371,90.19454,0.397,False,High,8.96
6689,Gazipur,2019,24.28836,90.34116,0.397,False,Medium,1.1
6690,Tangail,2019,24.40322,89.82463,0.397,False,High,8.96
6691,Kishoreganj,2019,24.21361,90.92282,0.397,False,High,12.02
6692,Gazipur,2019,24.29766,90.49388,0.397,False,Medium,1.1
6693,Kishoreganj,2019,24.26109,90.884,0.397,False,High,12.02
6694,Naogaon,2019,24.69902,88.80023,0.397,False,High,22.41
6695,Mymensingh,2019,24.35028,90.4881,0.397,False,Low,-5.83
6696,Sirajganj,2019,24.52673,89.67288,0.397,False,High,48.62
6697,Kishoreganj,2019,24.32076,90.88047,0.397,False,High,12.02
6698,Mymensingh,2019,24.39712,90.48168,0.397,False,Low,-5.83
6699,Mymensingh,2019,24.44877,90.24652,0.397,False,Low,-5.83
6700,Tangail,2019,24.46353,90.2,0.397,False,High,8.96
6701,Mymensingh,2019,24.46257,90.26737,0.397,False,Low,-5.83
6702,Mymensingh,2019,24.41637,90.58595,0.397,False,Low,-5.83
6703,Mymensingh,2019,24.4507,90.51601,0.397,False,Low,-5.83
6704,Tangail,2019,24.55914,89.92377,0.397,False,High,8.96
6705,Kishoreganj,2019,24.41412,90.83684,0.397,False,High,12.02
6706,Kishoreganj,2019,24.42182,90.83684,0.397,False,High,12.02
6707,Kishoreganj,2019,24.43851,90.88111,0.397,False,High,12.02
6708,Tangail,2019,24.58577,90.0306,0.397,False,High,8.96
6709,Tangail,2019,24.63197,89.8426,0.397,False,High,8.96
6710,Mymensingh,2019,24.54021,90.3325,0.397,False,Low,-5.83
6711,Mymensingh,2019,24.51326,90.54168,0.397,False,Low,-5.83
6712,Mymensingh,2019,24.57486,90.25807,0.397,False,Low,-5.83
6713,Tangail,2019,24.66341,89.92152,0.396,False,High,8.96
6714,Mymensingh,2019,24.5463,90.65557,0.396,False,Low,-5.83
6715,Mymensingh,2019,24.53636,90.78583,0.396,False,Low,-5.83
6716,Naogaon,2019,24.91975,88.90289,0.396,False,High,22.41
6717,Tangail,2019,24.69677,89.89136,0.396,False,High,8.96
6718,Mymensingh,2019,24.58127,90.7422,0.396,False,Low,-5.83
6719,Tangail,2019,24.7372,89.9273,0.396,False,High,8.96
6720,Mymensingh,2019,24.67752,90.29143,0.396,False,Low,-5.83
6721,Tangail,2019,24.74618,90.05659,0.396,False,High,8.96
6722,Mymensingh,2019,24.68651,90.40886,0.396,False,Low,-5.83
6723,Tangail,2019,24.77281,90.05434,0.396,False,High,8.96
6724,Jamalpur,2019,24.8559,89.73255,0.396,False,High,16.99
6725,Mymensingh,2019,24.74361,90.34437,0.396,False,Low,-5.83
6726,Jamalpur,2019,24.85205,89.82206,0.396,False,High,16.99
6727,Netrakona,2019,24.71121,90.7653,0.396,False,High,50.49
6728,Jamalpur,2019,24.90018,90.10311,0.396,False,High,16.99
6729,Jamalpur,2019,24.90403,90.0938,0.396,False,High,16.99
6730,Mymensingh,2019,24.88927,90.24684,0.396,False,Low,-5.83
6731,Netrakona,2019,24.96819,90.57665,0.395,False,High,50.49
6732,Sherpur,2019,25.12893,89.98344,0.395,False,High,31.78
6733,Jamalpur,2019,25.17769,89.85896,0.395,False,High,16.99
6734,Mymensingh,2019,25.17384,90.28085,0.395,False,Low,-5.83
6735,Dinajpur,2019,25.45296,89.04887,0.395,False,High,39.31
6736,Dinajpur,2019,25.47863,88.94749,0.395,False,High,39.31
6737,Jamalpur,2019,25.30153,89.82944,0.395,False,High,16.99
6738,Rangpur,2019,25.47799,89.27505,0.394,False,High,75.35
6739,Dinajpur,2019,25.6137,88.86183,0.394,False,High,39.31
6740,Thakurgaon,2019,25.81678,88.13484,0.394,False,High,14.28
6741,Sylhet,2019,25.14786,92.03641,0.394,False,High,13.59
6742,Dinajpur,2019,25.82544,88.41139,0.394,False,High,39.31
6743,Dinajpur,2019,25.80427,88.49737,0.394,False,High,39.31
6744,Rangpur,2019,25.67369,89.35622,0.394,False,High,75.35
6745,Rangpur,2019,25.70674,89.28789,0.394,False,High,75.35
6746,Kurigram,2019,25.59092,89.8673,0.394,False,High,35.15
6747,Kurigram,2019,25.606,89.84196,0.394,False,High,35.15
6748,Thakurgaon,2019,25.93837,88.43064,0.394,False,High,14.28
6749,Thakurgaon,2019,25.965,88.33599,0.394,False,High,14.28
6750,Thakurgaon,2019,25.95794,88.37289,0.394,False,High,14.28
6751,Rangpur,2019,25.71508,89.3713,0.393,False,High,75.35
6752,Rangpur,2019,25.79464,89.10149,0.393,False,High,75.35
6753,Thakurgaon,2019,26.03975,88.18071,0.393,False,High,14.28
6754,Rangpur,2019,25.73786,89.40242,0.393,False,High,75.35
6755,Rangpur,2019,25.82352,89.0755,0.393,False,High,75.35
6756,Kurigram,2019,25.69519,89.66871,0.393,False,High,35.15
6757,Dinajpur,2019,25.89731,88.77713,0.393,False,High,39.31
6758,Kurigram,2019,25.73144,89.54679,0.393,False,High,35.15
6759,Thakurgaon,2019,25.9788,88.51277,0.393,False,High,14.28
6760,Rangpur,2019,25.82833,89.27794,0.393,False,High,75.35
6761,Thakurgaon,2019,26.05162,88.43128,0.393,False,High,14.28
6762,Dinajpur,2019,26.02917,88.55897,0.393,False,High,39.31
6763,Kurigram,2019,25.80651,89.62219,0.393,False,High,35.15
6764,Thakurgaon,2019,26.12862,88.29749,0.393,False,High,14.28
6765,Nilphamari,2019,26.0173,88.77777,0.393,False,High,14.39
6766,Nilphamari,2019,26.01152,88.80889,0.393,False,High,14.39
6767,Thakurgaon,2019,26.0744,88.5625,0.393,False,High,14.28
6768,Thakurgaon,2019,26.14306,88.31129,0.393,False,High,14.28
6769,Lalmonirhat,2019,25.9111,89.27505,0.393,False,High,33.32
6770,Lalmonirhat,2019,25.87806,89.44798,0.393,False,High,33.32
6771,Nilphamari,2019,26.0327,88.84194,0.393,False,High,14.39
6772,Lalmonirhat,2019,25.89442,89.48712,0.393,False,High,33.32
6773,Thakurgaon,2019,26.13183,88.58335,0.393,False,High,14.28
6774,Thakurgaon,2019,26.14595,88.53298,0.393,False,High,14.28
6775,Nilphamari,2019,26.06285,88.8875,0.393,False,High,14.39
6776,Thakurgaon,2019,26.18381,88.48454,0.393,False,High,14.28
6777,Thakurgaon,2019,26.1992,88.4393,0.393,False,High,14.28
6778,Panchagarh,2019,26.21685,88.39888,0.393,False,High,16.31
6779,Lalmonirhat,2019,26.01537,89.30329,0.393,False,High,33.32
6780,Panchagarh,2019,26.22102,88.50122,0.393,False,High,16.31
6781,Nilphamari,2019,26.11996,88.92118,0.393,False,High,14.39
6782,Panchagarh,2019,26.26497,88.36519,0.392,False,High,16.31
6783,Nilphamari,2019,26.13536,88.87787,0.392,False,High,14.39
6784,Nilphamari,2019,26.13793,88.88461,0.392,False,High,14.39
6785,Panchagarh,2019,26.2515,88.44379,0.392,False,High,16.31
6786,Nilphamari,2019,26.13729,88.90642,0.392,False,High,14.39
6787,Lalmonirhat,2019,26.06317,89.24586,0.392,False,High,33.32
6788,Lalmonirhat,2019,26.10007,89.20704,0.392,False,High,33.32
6789,Nilphamari,2019,26.14114,89.03283,0.392,False,High,14.39
6790,Nilphamari,2019,26.16552,88.95391,0.392,False,High,14.39
6791,Kurigram,2019,26.03334,89.71427,0.392,False,High,35.15
6792,Nilphamari,2019,26.22006,88.88814,0.392,False,High,14.39
6793,Nilphamari,2019,26.22648,88.89584,0.392,False,High,14.39
6794,Panchagarh,2019,26.34326,88.5625,0.392,False,High,16.31
6795,Panchagarh,2019,26.33267,88.64655,0.392,False,High,16.31
6796,Kurigram,2019,26.12253,89.64657,0.392,False,High,35.15
6797,Lalmonirhat,2019,26.23963,89.12523,0.392,False,High,33.32
6798,Panchagarh,2019,26.38913,88.56891,0.392,False,High,16.31
6799,Lalmonirhat,2019,26.27396,89.08609,0.392,False,High,33.32
6800,Panchagarh,2019,26.42443,88.59426,0.392,False,High,16.31
6801,Lalmonirhat,2019,26.35673,89.09315,0.392,False,High,33.32
6802,Panchagarh,2019,26.52741,88.39086,0.392,False,High,16.31
6803,Cox's Bazar,2019,21.28558,92.09416,0.347,False,Medium,1.81
6804,Barguna,2019,22.08321,90.01082,0.346,False,High,63.87
6805,Bandarban,2019,21.81858,92.43515,0.346,False,Medium,1.48
6806,Chittagong,2019,21.93798,92.1387,0.346,False,Low,-1.19
6807,Bhola,2019,22.22919,90.81032,0.346,False,Low,-6.7
6808,Satkhira,2019,22.84229,88.97551,0.345,False,High,10.7
6809,Patuakhali,2019,22.49157,90.58274,0.345,False,High,12.98
6810,Noakhali,2019,22.526,91.08318,0.345,False,High,17.85
6811,Noakhali,2019,22.5391,91.30888,0.345,False,High,17.85
6812,Khulna,2019,22.86474,89.62192,0.345,False,High,22.68
6813,Jessore,2019,23.02644,89.04925,0.345,False,High,7.75
6814,Jessore,2019,23.07061,88.89953,0.345,False,High,7.75
6815,Lakshmipur,2019,22.62257,90.96228,0.345,False,Low,-1.16
6816,Jessore,2019,23.10093,88.89541,0.345,False,High,7.75
6817,Barisal,2019,22.91939,90.41057,0.344,False,High,9.66
6818,Lakshmipur,2019,22.86512,90.92897,0.344,False,Low,-1.16
6819,Noakhali,2019,22.8363,91.1936,0.344,False,High,17.85
6820,Jessore,2019,23.27685,89.0485,0.344,False,High,7.75
6821,Gopalganj,2019,23.0605,89.93858,0.344,False,Low,-0.76
6822,Gopalganj,2019,23.062,89.9513,0.344,False,Low,-0.76
6823,Barisal,2019,22.9441,90.55916,0.344,False,High,9.66
6824,Noakhali,2019,22.86512,91.20558,0.344,False,High,17.85
6825,Gopalganj,2019,23.08857,89.9558,0.344,False,Low,-0.76
6826,Jhenaidah,2019,23.35058,88.94968,0.344,False,High,15.44
6827,Noakhali,2019,22.89768,91.15505,0.344,False,High,17.85
6828,Chandpur,2019,23.04403,90.5528,0.344,False,High,15.78
6829,Madaripur,2019,23.09943,90.29266,0.344,False,High,3.68
6830,Noakhali,2019,22.97591,91.06671,0.344,False,High,17.85
6831,Noakhali,2019,23.00436,91.25648,0.344,False,High,17.85
6832,Madaripur,2019,23.2207,90.11936,0.343,False,High,3.68
6833,Gopalganj,2019,23.2761,89.87832,0.343,False,Low,-0.76
6834,Feni,2019,23.04291,91.33097,0.343,False,Low,-4.77
6835,Madaripur,2019,23.25027,90.10701,0.343,False,High,3.68
6836,Jhenaidah,2019,23.47784,89.21843,0.343,False,High,15.44
6837,Chuadanga,2019,23.59799,88.88568,0.343,False,Low,-14.74
6838,Comilla,2019,23.1305,91.12361,0.343,False,High,10.87
6839,Comilla,2019,23.14285,91.3014,0.343,False,High,10.87
6840,Comilla,2019,23.16718,91.21419,0.343,False,High,10.87
6841,Comilla,2019,23.19413,91.32086,0.343,False,High,10.87
6842,Faridpur,2019,23.42357,90.01905,0.343,False,High,8.19
6843,Comilla,2019,23.25813,91.03565,0.343,False,High,10.87
6844,Feni,2019,23.2061,91.45374,0.343,False,Low,-4.77
6845,Comilla,2019,23.26187,91.27782,0.343,False,High,10.87
6846,Munshiganj,2019,23.45801,90.52398,0.343,False,High,11.83
6847,Comilla,2019,23.36256,91.19435,0.343,False,High,10.87
6848,Chandpur,2019,23.4232,90.76802,0.343,False,High,15.78
6849,Faridpur,2019,23.56506,90.01793,0.343,False,High,8.19
6850,Comilla,2019,23.37416,91.17002,0.343,False,High,10.87
6851,Comilla,2019,23.40186,90.99522,0.343,False,High,10.87
6852,Chandpur,2019,23.4348,90.87694,0.343,False,High,15.78
6853,Munshiganj,2019,23.49544,90.50564,0.343,False,High,11.83
6854,Munshiganj,2019,23.58864,90.34806,0.342,False,High,11.83
6855,Kushtia,2019,23.98764,88.80333,0.342,False,High,18.8
6856,Kushtia,2019,23.87161,89.24762,0.342,False,High,18.8
6857,Kushtia,2019,23.85476,89.33409,0.342,False,High,18.8
6858,Kushtia,2019,23.95657,89.03016,0.342,False,High,18.8
6859,Narayanganj,2019,23.63542,90.53184,0.342,False,High,31.57
6860,Kushtia,2019,23.91091,89.23752,0.342,False,High,18.8
6861,Comilla,2019,23.58826,91.09104,0.342,False,High,10.87
6862,Manikganj,2019,23.78926,89.92398,0.342,False,High,10.22
6863,Pabna,2019,23.90567,89.42991,0.342,False,High,13.38
6864,Kushtia,2019,24.02844,88.99647,0.342,False,High,18.8
6865,Manikganj,2019,23.82182,89.94457,0.342,False,High,10.22
6866,Kushtia,2019,24.08683,88.93022,0.342,False,High,18.8
6867,Kushtia,2019,24.09581,88.98786,0.342,False,High,18.8
6868,Comilla,2019,23.69531,90.97613,0.342,False,High,10.87
6869,Pabna,2019,24.07036,89.12598,0.342,False,High,13.38
6870,Pabna,2019,24.02619,89.31986,0.342,False,High,13.38
6871,Narayanganj,2019,23.77092,90.58611,0.342,False,High,31.57
6872,Comilla,2019,23.72338,90.90052,0.342,False,High,10.87
6873,Comilla,2019,23.72114,90.95817,0.342,False,High,10.87
6874,Narayanganj,2019,23.77803,90.58462,0.342,False,High,31.57
6875,Manikganj,2019,23.88096,90.10327,0.342,False,High,10.22
6876,Brahamanbaria,2019,23.75819,90.83502,0.342,False,High,11.9
6877,Comilla,2019,23.7305,91.048,0.342,False,High,10.87
6878,Narayanganj,2019,23.80947,90.69204,0.342,False,High,31.57
6879,Brahamanbaria,2019,23.80573,90.80657,0.342,False,High,11.9
6880,Brahamanbaria,2019,23.77354,91.07794,0.342,False,High,11.9
6881,Dhaka,2019,23.92214,90.17364,0.342,False,Low,-5.31
6882,Brahamanbaria,2019,23.81509,90.84251,0.342,False,High,11.9
6883,Brahamanbaria,2019,23.82632,90.83802,0.342,False,High,11.9
6884,Brahamanbaria,2019,23.83492,90.83764,0.342,False,High,11.9
6885,Natore,2019,24.18714,89.10801,0.342,False,High,9.57
6886,Dhaka,2019,23.96069,90.17663,0.342,False,Low,-5.31
6887,Natore,2019,24.19537,89.13047,0.342,False,High,9.57
6888,Narsingdi,2019,23.8877,90.80358,0.341,False,Low,-4.09
6889,Natore,2019,24.25002,89.08144,0.341,False,High,9.57
6890,Natore,2019,24.23318,89.14956,0.341,False,High,9.57
6891,Narsingdi,2019,23.89743,90.83502,0.341,False,Low,-4.09
6892,Brahamanbaria,2019,23.8731,91.06372,0.341,False,High,11.9
6893,Brahamanbaria,2019,23.89369,90.94956,0.341,False,High,11.9
6894,Natore,2019,24.28857,89.15068,0.341,False,High,9.57
6895,Natore,2019,24.34734,88.91824,0.341,False,High,9.57
6896,Narsingdi,2019,23.96668,90.75118,0.341,False,Low,-4.09
6897,Natore,2019,24.28408,89.18998,0.341,False,High,9.57
6898,Tangail,2019,24.08683,90.08306,0.341,False,High,8.96
6899,Narsingdi,2019,23.98539,90.67145,0.341,False,Low,-4.09
6900,Narsingdi,2019,23.97753,90.75268,0.341,False,Low,-4.09
6901,Narsingdi,2019,24.01459,90.70926,0.341,False,Low,-4.09
6902,Rajshahi,2019,24.42669,88.82804,0.341,False,Low,-20.24
6903,Natore,2019,24.38589,89.04925,0.341,False,High,9.57
6904,Rajshahi,2019,24.46824,88.74382,0.341,False,Low,-20.24
6905,Narsingdi,2019,24.06699,90.73059,0.341,False,Low,-4.09
6906,Nawabganj,2019,24.67335,88.14494,0.341,False,High,38.19
6907,Natore,2019,24.41733,89.06047,0.341,False,High,9.57
6908,Natore,2019,24.43418,89.00732,0.341,False,High,9.57
6909,Natore,2019,24.44653,88.97177,0.341,False,High,9.57
6910,Tangail,2019,24.21035,90.02242,0.341,False,High,8.96
6911,Rajshahi,2019,24.49668,88.80445,0.341,False,Low,-20.24
6912,Natore,2019,24.45663,88.98487,0.341,False,High,9.57
6913,Tangail,2019,24.29531,89.8465,0.341,False,High,8.96
6914,Kishoreganj,2019,24.10142,91.01281,0.341,False,High,12.02
6915,Sirajganj,2019,24.37766,89.50065,0.341,False,High,48.62
6916,Nawabganj,2019,24.7703,88.15804,0.341,False,High,38.19
6917,Rajshahi,2019,24.59475,88.76964,0.341,False,Low,-20.24
6918,Nawabganj,2019,24.73399,88.29092,0.341,False,High,38.19
6919,Tangail,2019,24.32338,89.97638,0.341,False,High,8.96
6920,Nawabganj,2019,24.74597,88.2984,0.341,False,High,38.19
6921,Gazipur,2019,24.23056,90.53109,0.341,False,Medium,1.1
6922,Rajshahi,2019,24.59625,88.84563,0.341,False,Low,-20.24
6923,Tangail,2019,24.34322,89.92885,0.341,False,High,8.96
6924,Gazipur,2019,24.27547,90.32672,0.341,False,Medium,1.1
6925,Gazipur,2019,24.26237,90.41244,0.341,False,Medium,1.1
6926,Gazipur,2019,24.24516,90.55018,0.341,False,Medium,1.1
6927,Gazipur,2019,24.29606,90.46035,0.341,False,Medium,1.1
6928,Kishoreganj,2019,24.23617,90.87881,0.341,False,High,12.02
6929,Kishoreganj,2019,24.2489,90.88331,0.341,False,High,12.02
6930,Tangail,2019,24.43904,89.84949,0.34,False,High,8.96
6931,Naogaon,2019,24.72126,88.69217,0.34,False,High,22.41
6932,Naogaon,2019,24.69618,88.81718,0.34,False,High,22.41
6933,Nawabganj,2019,24.87959,88.18424,0.34,False,High,38.19
6934,Kishoreganj,2019,24.32039,90.66659,0.34,False,High,12.02
6935,Tangail,2019,24.47685,89.87757,0.34,False,High,8.96
6936,Mymensingh,2019,24.37055,90.4727,0.34,False,Low,-5.83
6937,Mymensingh,2019,24.39338,90.34207,0.34,False,Low,-5.83
6938,Tangail,2019,24.45925,90.03664,0.34,False,High,8.96
6939,Tangail,2019,24.49257,89.90601,0.34,False,High,8.96
6940,Bogra,2019,24.57641,89.51899,0.34,False,High,39.64
6941,Sirajganj,2019,24.56331,89.60021,0.34,False,High,48.62
6942,Naogaon,2019,24.78003,88.72211,0.34,False,High,22.41
6943,Bogra,2019,24.57491,89.56129,0.34,False,High,39.64
6944,Tangail,2019,24.48396,90.03402,0.34,False,High,8.96
6945,Tangail,2019,24.52513,89.86072,0.34,False,High,8.96
6946,Kishoreganj,2019,24.37055,90.7392,0.34,False,High,12.02
6947,Kishoreganj,2019,24.37579,90.74444,0.34,False,High,12.02
6948,Naogaon,2019,24.80511,88.71762,0.34,False,High,22.41
6949,Naogaon,2019,24.80174,88.74045,0.34,False,High,22.41
6950,Tangail,2019,24.47647,90.23203,0.34,False,High,8.96
6951,Naogaon,2019,24.81633,88.73484,0.34,False,High,22.41
6952,Tangail,2019,24.48358,90.22791,0.34,False,High,8.96
6953,Mymensingh,2019,24.43792,90.51088,0.34,False,Low,-5.83
6954,Naogaon,2019,24.82607,88.75355,0.34,False,High,22.41
6955,Naogaon,2019,24.83842,88.712,0.34,False,High,22.41
6956,Tangail,2019,24.54834,89.9528,0.34,False,High,8.96
6957,Mymensingh,2019,24.44428,90.54644,0.34,False,Low,-5.83
6958,Mymensingh,2019,24.45813,90.52286,0.34,False,Low,-5.83
6959,Kishoreganj,2019,24.43006,90.76278,0.34,False,High,12.02
6960,Tangail,2019,24.58764,89.92548,0.34,False,High,8.96
6961,Kishoreganj,2019,24.43043,90.89566,0.34,False,High,12.02
6962,Tangail,2019,24.5925,89.95056,0.34,False,High,8.96
6963,Kishoreganj,2019,24.47572,90.64376,0.34,False,High,12.02
6964,Tangail,2019,24.59475,89.97039,0.34,False,High,8.96
6965,Tangail,2019,24.62357,89.8596,0.34,False,High,8.96
6966,Mymensingh,2019,24.53711,90.35779,0.34,False,Low,-5.83
6967,Jamalpur,2019,24.63967,89.81581,0.34,False,High,16.99
6968,Tangail,2019,24.62993,89.87345,0.34,False,High,8.96
6969,Kishoreganj,2019,24.4877,90.69653,0.34,False,High,12.02
6970,Kishoreganj,2019,24.49032,90.68493,0.34,False,High,12.02
6971,Tangail,2019,24.63517,89.86971,0.34,False,High,8.96
6972,Bogra,2019,24.70816,89.53508,0.34,False,High,39.64
6973,Tangail,2019,24.61346,90.0082,0.34,False,High,8.96
6974,Mymensingh,2019,24.57416,90.23465,0.34,False,Low,-5.83
6975,Mymensingh,2019,24.5925,90.22005,0.34,False,Low,-5.83
6976,Maulvibazar,2019,24.41172,91.70452,0.34,False,Medium,1.33
6977,Mymensingh,2019,24.54946,90.56964,0.34,False,Low,-5.83
6978,Kishoreganj,2019,24.52026,90.847,0.34,False,High,12.02
6979,Mymensingh,2019,24.53524,90.76016,0.34,False,Low,-5.83
6980,Mymensingh,2019,24.54048,90.7392,0.34,False,Low,-5.83
6981,Tangail,2019,24.66137,90.02803,0.34,False,High,8.96
6982,Mymensingh,2019,24.59438,90.4465,0.34,False,Low,-5.83
6983,Naogaon,2019,24.92638,88.91263,0.34,False,High,22.41
6984,Mymensingh,2019,24.64116,90.3241,0.34,False,Low,-5.83
6985,Tangail,2019,24.73623,89.89666,0.34,False,High,8.96
6986,Maulvibazar,2019,24.48471,91.71799,0.34,False,Medium,1.33
6987,Jamalpur,2019,24.75532,89.86409,0.34,False,High,16.99
6988,Jamalpur,2019,24.76955,89.8334,0.34,False,High,16.99
6989,Mymensingh,2019,24.68159,90.32934,0.34,False,Low,-5.83
6990,Maulvibazar,2019,24.48845,92.01144,0.34,False,Medium,1.33
6991,Mymensingh,2019,24.68159,90.36191,0.34,False,Low,-5.83
6992,Maulvibazar,2019,24.51877,91.76029,0.34,False,Medium,1.33
6993,Maulvibazar,2019,24.53,91.67682,0.34,False,Medium,1.33
6994,Mymensingh,2019,24.69656,90.4974,0.339,False,Low,-5.83
6995,Mymensingh,2019,24.74447,90.36228,0.339,False,Low,-5.83
6996,Mymensingh,2019,24.75345,90.35405,0.339,False,Low,-5.83
6997,Joypurhat,2019,25.06112,88.98299,0.339,False,High,30.07
6998,Joypurhat,2019,25.06,88.99198,0.339,False,High,30.07
6999,Bogra,2019,24.96718,89.3951,0.339,False,High,39.64
7000,Netrakona,2019,24.71303,90.79011,0.339,False,High,50.49
7001,Mymensingh,2019,24.75907,90.51125,0.339,False,Low,-5.83
7002,Mymensingh,2019,24.74597,90.68418,0.339,False,Low,-5.83
7003,Naogaon,2019,25.13711,88.8591,0.339,False,High,22.41
7004,Jamalpur,2019,24.89419,90.08081,0.339,False,High,16.99
7005,Mymensingh,2019,24.82681,90.56403,0.339,False,Low,-5.83
7006,Bogra,2019,25.0761,89.34157,0.339,False,High,39.64
7007,Mymensingh,2019,24.91141,90.26272,0.339,False,Low,-5.83
7008,Netrakona,2019,24.82681,90.85935,0.339,False,High,50.49
7009,Mymensingh,2019,24.89943,90.38699,0.339,False,Low,-5.83
7010,Gaibandha,2019,25.10904,89.40296,0.339,False,High,42.66
7011,Sherpur,2019,25.00648,89.91275,0.339,False,High,31.78
7012,Joypurhat,2019,25.21983,88.96391,0.339,False,High,30.07
7013,Sherpur,2019,24.98627,90.18262,0.339,False,High,31.78
7014,Netrakona,2019,24.89307,90.87545,0.339,False,High,50.49
7015,Netrakona,2019,24.94771,90.55617,0.339,False,High,50.49
7016,Jamalpur,2019,25.0761,89.83752,0.339,False,High,16.99
7017,Netrakona,2019,24.95557,90.52323,0.339,False,High,50.49
7018,Sherpur,2019,25.063,89.97975,0.339,False,High,31.78
7019,Gaibandha,2019,25.22694,89.28543,0.339,False,High,42.66
7020,Jamalpur,2019,25.16293,89.86522,0.339,False,High,16.99
7021,Sunamganj,2019,24.92413,91.58699,0.339,False,High,31.03
7022,Jamalpur,2019,25.18726,89.86596,0.338,False,High,16.99
7023,Rangpur,2019,25.33436,89.29441,0.338,False,High,75.35
7024,Sherpur,2019,25.20972,89.90302,0.338,False,High,31.78
7025,Sherpur,2019,25.22132,90.03777,0.338,False,High,31.78
7026,Dinajpur,2019,25.47996,89.04213,0.338,False,High,39.31
7027,Jamalpur,2019,25.32276,89.778,0.338,False,High,16.99
7028,Dinajpur,2019,25.55595,89.06871,0.338,False,High,39.31
7029,Thakurgaon,2019,25.7416,88.37326,0.338,False,High,14.28
7030,Rangpur,2019,25.54958,89.31425,0.338,False,High,75.35
7031,Dinajpur,2019,25.77828,88.55367,0.338,False,High,39.31
7032,Dinajpur,2019,25.77678,88.57838,0.338,False,High,39.31
7033,Dinajpur,2019,25.78651,88.54769,0.338,False,High,39.31
7034,Thakurgaon,2019,25.91041,88.13933,0.338,False,High,14.28
7035,Dinajpur,2019,25.86699,88.45823,0.337,False,High,39.31
7036,Thakurgaon,2019,25.90629,88.34856,0.337,False,High,14.28
7037,Rangpur,2019,25.64391,89.41194,0.337,False,High,75.35
7038,Rangpur,2019,25.66412,89.32885,0.337,False,High,75.35
7039,Rangpur,2019,25.6892,89.24762,0.337,False,High,75.35
7040,Dinajpur,2019,25.82282,88.77152,0.337,False,High,39.31
7041,Dinajpur,2019,25.90217,88.49641,0.337,False,High,39.31
7042,Rangpur,2019,25.76481,89.07245,0.337,False,High,75.35
7043,Dinajpur,2019,25.90442,88.51961,0.337,False,High,39.31
7044,Dinajpur,2019,25.84827,88.8213,0.337,False,High,39.31
7045,Thakurgaon,2019,26.01708,88.18537,0.337,False,High,14.28
7046,Rangpur,2019,25.73935,89.30639,0.337,False,High,75.35
7047,Rangpur,2019,25.74534,89.29029,0.337,False,High,75.35
7048,Kurigram,2019,25.6731,89.66122,0.337,False,High,35.15
7049,Thakurgaon,2019,25.97628,88.38636,0.337,False,High,14.28
7050,Thakurgaon,2019,26.01858,88.23402,0.337,False,High,14.28
7051,Dinajpur,2019,25.94297,88.51699,0.337,False,High,39.31
7052,Rangpur,2019,25.75395,89.32323,0.337,False,High,75.35
7053,Thakurgaon,2019,25.99799,88.41069,0.337,False,High,14.28
7054,Dinajpur,2019,25.93287,88.69703,0.337,False,High,39.31
7055,Thakurgaon,2019,26.03767,88.31001,0.337,False,High,14.28
7056,Dinajpur,2019,25.95757,88.63115,0.337,False,High,39.31
7057,Rangpur,2019,25.80186,89.2873,0.337,False,High,75.35
7058,Thakurgaon,2019,26.06986,88.23852,0.337,False,High,14.28
7059,Thakurgaon,2019,26.04441,88.3407,0.337,False,High,14.28
7060,Kurigram,2019,25.73711,89.65561,0.337,False,High,35.15
7061,Dinajpur,2019,25.98864,88.63639,0.337,False,High,39.31
7062,Lalmonirhat,2019,25.79924,89.4475,0.337,False,High,33.32
7063,Thakurgaon,2019,26.05414,88.48256,0.337,False,High,14.28
7064,Thakurgaon,2019,26.05751,88.50988,0.337,False,High,14.28
7065,Thakurgaon,2019,26.10317,88.34669,0.337,False,High,14.28
7066,Thakurgaon,2019,26.08857,88.39385,0.337,False,High,14.28
7067,Thakurgaon,2019,26.04815,88.54843,0.337,False,High,14.28
7068,Thakurgaon,2019,26.12001,88.29503,0.337,False,High,14.28
7069,Thakurgaon,2019,26.05301,88.56079,0.337,False,High,14.28
7070,Nilphamari,2019,25.93174,89.05449,0.337,False,High,14.39
7071,Lalmonirhat,2019,25.85164,89.47669,0.337,False,High,33.32
7072,Thakurgaon,2019,26.08371,88.53571,0.337,False,High,14.28
7073,Nilphamari,2019,26.02981,88.80371,0.337,False,High,14.39
7074,Thakurgaon,2019,26.10018,88.54245,0.337,False,High,14.28
7075,Nilphamari,2019,26.03168,88.81456,0.337,False,High,14.39
7076,Nilphamari,2019,26.05002,88.78724,0.337,False,High,14.39
7077,Nilphamari,2019,26.04328,88.81718,0.337,False,High,14.39
7078,Thakurgaon,2019,26.18664,88.29279,0.337,False,High,14.28
7079,Thakurgaon,2019,26.12638,88.57239,0.337,False,High,14.28
7080,Thakurgaon,2019,26.13349,88.56341,0.337,False,High,14.28
7081,Thakurgaon,2019,26.17242,88.41743,0.337,False,High,14.28
7082,Thakurgaon,2019,26.16755,88.45187,0.337,False,High,14.28
7083,Lalmonirhat,2019,25.94372,89.45798,0.337,False,High,33.32
7084,Nilphamari,2019,26.09868,88.77526,0.337,False,High,14.39
7085,Nilphamari,2019,26.05301,88.97551,0.337,False,High,14.39
7086,Thakurgaon,2019,26.1567,88.56752,0.337,False,High,14.28
7087,Lalmonirhat,2019,25.97853,89.32885,0.337,False,High,33.32
7088,Nilphamari,2019,26.04291,89.06384,0.337,False,High,14.39
7089,Nilphamari,2019,26.08708,88.9553,0.337,False,High,14.39
7090,Lalmonirhat,2019,26.01446,89.29329,0.336,False,High,33.32
7091,Panchagarh,2019,26.20723,88.49454,0.336,False,High,16.31
7092,Lalmonirhat,2019,26.00436,89.36141,0.336,False,High,33.32
7093,Panchagarh,2019,26.22744,88.50427,0.336,False,High,16.31
7094,Nilphamari,2019,26.13162,88.91749,0.336,False,High,14.39
7095,Kurigram,2019,25.97928,89.64625,0.336,False,High,35.15
7096,Panchagarh,2019,26.25701,88.46946,0.336,False,High,16.31
7097,Panchagarh,2019,26.27235,88.41444,0.336,False,High,16.31
7098,Panchagarh,2019,26.26487,88.45935,0.336,False,High,16.31
7099,Panchagarh,2019,26.27348,88.42492,0.336,False,High,16.31
7100,Nilphamari,2019,26.12263,89.05898,0.336,False,High,14.39
7101,Nilphamari,2019,26.15632,88.98075,0.336,False,High,14.39
7102,Nilphamari,2019,26.17204,88.92386,0.336,False,High,14.39
7103,Nilphamari,2019,26.1799,88.92535,0.336,False,High,14.39
7104,Nilphamari,2019,26.19487,88.86996,0.336,False,High,14.39
7105,Nilphamari,2019,26.2091,88.82804,0.336,False,High,14.39
7106,Lalmonirhat,2019,26.13162,89.15555,0.336,False,High,33.32
7107,Nilphamari,2019,26.21284,88.87295,0.336,False,High,14.39
7108,Nilphamari,2019,26.22594,88.85873,0.336,False,High,14.39
7109,Nilphamari,2019,26.22182,88.87931,0.336,False,High,14.39
7110,Lalmonirhat,2019,26.18065,89.14095,0.336,False,High,33.32
7111,Nilphamari,2019,26.25813,88.90065,0.336,False,High,14.39
7112,Panchagarh,2019,26.34122,88.58736,0.336,False,High,16.31
7113,Kurigram,2019,26.10429,89.64737,0.336,False,High,35.15
7114,Kurigram,2019,26.12787,89.63914,0.336,False,High,35.15
7115,Lalmonirhat,2019,26.26075,89.10876,0.336,False,High,33.32
7116,Lalmonirhat,2019,26.27273,89.09416,0.336,False,High,33.32
7117,Panchagarh,2019,26.3824,88.66746,0.336,False,High,16.31
7118,Lalmonirhat,2019,26.3023,89.09566,0.336,False,High,33.32
7119,Panchagarh,2019,26.45613,88.52598,0.336,False,High,16.31
7120,Lalmonirhat,2019,26.35021,89.08331,0.336,False,High,33.32
7121,Lalmonirhat,2019,26.38539,89.03016,0.336,False,High,33.32
7122,Lalmonirhat,2019,26.38165,89.05074,0.336,False,High,33.32
7123,Lalmonirhat,2019,26.42918,88.9538,0.336,False,High,33.32
7124,Cox's Bazar,2019,21.49466,92.06991,0.289,False,Medium,1.81
7125,Cox's Bazar,2019,21.51577,91.94594,0.289,False,Medium,1.81
7126,Cox's Bazar,2019,21.61863,92.06182,0.289,False,Medium,1.81
7127,Barguna,2019,22.00985,89.94269,0.289,False,High,63.87
7128,Cox's Bazar,2019,21.78078,92.14536,0.289,False,Medium,1.81
7129,Barguna,2019,22.10776,89.97593,0.289,False,High,63.87
7130,Cox's Bazar,2019,21.84725,92.04475,0.288,False,Medium,1.81
7131,Chittagong,2019,21.92046,92.15165,0.288,False,Low,-1.19
7132,Chittagong,2019,21.94876,92.14986,0.288,False,Low,-1.19
7133,Chittagong,2019,21.94831,92.17636,0.288,False,Low,-1.19
7134,Bhola,2019,22.13381,90.72064,0.288,False,Low,-6.7
7135,Chittagong,2019,22.02602,92.05868,0.288,False,Low,-1.19
7136,Chittagong,2019,22.0332,92.07305,0.288,False,Low,-1.19
7137,Chittagong,2019,22.03365,92.14716,0.288,False,Low,-1.19
7138,Bhola,2019,22.24071,90.70896,0.288,False,Low,-6.7
7139,Bhola,2019,22.28159,90.69503,0.288,False,Low,-6.7
7140,Bhola,2019,22.28967,90.69009,0.288,False,Low,-6.7
7141,Bhola,2019,22.29461,90.69728,0.288,False,Low,-6.7
7142,Jhalokati,2019,22.43116,90.11293,0.288,False,High,15.14
7143,Bhola,2019,22.33638,90.69638,0.288,False,Low,-6.7
7144,Satkhira,2019,22.74826,88.98374,0.288,False,High,10.7
7145,Bhola,2019,22.46978,90.77094,0.288,False,Low,-6.7
7146,Satkhira,2019,22.91715,89.07133,0.287,False,High,10.7
7147,Pirojpur,2019,22.7011,89.94898,0.287,False,High,9.18
7148,Jessore,2019,22.99036,88.90604,0.287,False,High,7.75
7149,Jessore,2019,22.9926,88.93793,0.287,False,High,7.75
7150,Noakhali,2019,22.53357,91.08041,0.287,False,High,17.85
7151,Bagerhat,2019,22.78869,89.7774,0.287,False,High,11.87
7152,Pirojpur,2019,22.74287,89.98492,0.287,False,High,9.18
7153,Bagerhat,2019,22.79722,89.82816,0.287,False,High,11.87
7154,Jessore,2019,23.07839,88.90379,0.287,False,High,7.75
7155,Noakhali,2019,22.64002,91.23582,0.287,False,High,17.85
7156,Lakshmipur,2019,22.74018,90.85044,0.287,False,Low,-1.16
7157,Narail,2019,22.98362,89.75135,0.287,False,Low,-8.78
7158,Gopalganj,2019,22.94724,89.93596,0.287,False,Low,-0.76
7159,Chittagong,2019,22.66158,91.82017,0.287,False,Low,-1.19
7160,Gopalganj,2019,22.96476,89.98087,0.287,False,Low,-0.76
7161,Noakhali,2019,22.76039,91.14509,0.287,False,High,17.85
7162,Gopalganj,2019,23.01012,89.83894,0.287,False,Low,-0.76
7163,Chittagong,2019,22.72805,91.56954,0.287,False,Low,-1.19
7164,Noakhali,2019,22.77297,91.2183,0.287,False,High,17.85
7165,Noakhali,2019,22.80081,91.02831,0.287,False,High,17.85
7166,Jhenaidah,2019,23.28186,88.89706,0.287,False,High,15.44
7167,Chittagong,2019,22.74557,91.71687,0.287,False,Low,-1.19
7168,Barisal,2019,22.95173,90.38826,0.287,False,High,9.66
7169,Jessore,2019,23.24862,89.12882,0.287,False,High,7.75
7170,Gopalganj,2019,23.07166,89.94449,0.287,False,Low,-0.76
7171,Noakhali,2019,22.91759,91.14329,0.287,False,High,17.85
7172,Lakshmipur,2019,22.95847,90.90075,0.287,False,Low,-1.16
7173,Chittagong,2019,22.86594,91.69486,0.286,False,Low,-1.19
7174,Shariatpur,2019,23.09187,90.40218,0.286,False,High,11.14
7175,Shariatpur,2019,23.09861,90.37164,0.286,False,High,11.14
7176,Shariatpur,2019,23.14442,90.3393,0.286,False,High,11.14
7177,Madaripur,2019,23.17541,90.24633,0.286,False,High,3.68
7178,Noakhali,2019,23.0191,91.23312,0.286,False,High,17.85
7179,Shariatpur,2019,23.13274,90.51402,0.286,False,High,11.14
7180,Narail,2019,23.32094,89.60538,0.286,False,Low,-8.78
7181,Feni,2019,23.0227,91.2978,0.286,False,Low,-4.77
7182,Gopalganj,2019,23.26973,89.87263,0.286,False,Low,-0.76
7183,Shariatpur,2019,23.1543,90.49246,0.286,False,High,11.14
7184,Magura,2019,23.39101,89.40775,0.286,False,High,12.28
7185,Jhenaidah,2019,23.4467,89.20428,0.286,False,High,15.44
7186,Magura,2019,23.3964,89.41628,0.286,False,High,12.28
7187,Shariatpur,2019,23.21,90.3155,0.286,False,High,11.14
7188,Faridpur,2019,23.32678,89.76483,0.286,False,High,8.19
7189,Comilla,2019,23.1278,91.06514,0.286,False,High,10.87
7190,Chuadanga,2019,23.59942,88.86067,0.286,False,Low,-14.74
7191,Faridpur,2019,23.3169,90.02624,0.286,False,High,8.19
7192,Comilla,2019,23.15295,91.02741,0.286,False,High,10.87
7193,Shariatpur,2019,23.23964,90.48707,0.286,False,High,11.14
7194,Comilla,2019,23.1269,91.29152,0.286,False,High,10.87
7195,Faridpur,2019,23.36945,89.93506,0.286,False,High,8.19
7196,Faridpur,2019,23.41032,89.76258,0.286,False,High,8.19
7197,Chandpur,2019,23.18484,91.00316,0.286,False,High,15.78
7198,Comilla,2019,23.19428,91.07817,0.286,False,High,10.87
7199,Comilla,2019,23.17541,91.22279,0.286,False,High,10.87
7200,Comilla,2019,23.22527,91.12578,0.286,False,High,10.87
7201,Feni,2019,23.19203,91.47298,0.286,False,Low,-4.77
7202,Chandpur,2019,23.25851,90.98474,0.286,False,High,15.78
7203,Comilla,2019,23.25356,91.04133,0.286,False,High,10.87
7204,Chandpur,2019,23.2886,90.84595,0.286,False,High,15.78
7205,Comilla,2019,23.25536,91.13027,0.286,False,High,10.87
7206,Jhenaidah,2019,23.61873,89.27839,0.286,False,High,15.44
7207,Comilla,2019,23.24279,91.27624,0.286,False,High,10.87
7208,Comilla,2019,23.2621,91.13027,0.286,False,High,10.87
7209,Comilla,2019,23.27198,91.14105,0.286,False,High,10.87
7210,Comilla,2019,23.30881,91.07278,0.286,False,High,10.87
7211,Chandpur,2019,23.34744,90.80508,0.286,False,High,15.78
7212,Magura,2019,23.62637,89.42841,0.286,False,High,12.28
7213,Comilla,2019,23.32094,91.26277,0.286,False,High,10.87
7214,Munshiganj,2019,23.44805,90.45653,0.286,False,High,11.83
7215,Meherpur,2019,23.86577,88.73266,0.286,False,Low,-27.64
7216,Munshiganj,2019,23.50958,90.37434,0.286,False,High,11.83
7217,Kushtia,2019,23.83657,88.95051,0.286,False,High,18.8
7218,Comilla,2019,23.38921,91.25513,0.285,False,High,10.87
7219,Comilla,2019,23.39999,91.1918,0.285,False,High,10.87
7220,Chandpur,2019,23.45479,90.84865,0.285,False,High,15.78
7221,Chandpur,2019,23.46242,90.8473,0.285,False,High,15.78
7222,Kushtia,2019,23.8725,88.93029,0.285,False,High,18.8
7223,Munshiganj,2019,23.5554,90.31505,0.285,False,High,11.83
7224,Kushtia,2019,23.80244,89.30893,0.285,False,High,18.8
7225,Comilla,2019,23.50015,90.83832,0.285,False,High,10.87
7226,Dhaka,2019,23.67757,90.03477,0.285,False,Low,-5.31
7227,Munshiganj,2019,23.64972,90.26833,0.285,False,High,11.83
7228,Dhaka,2019,23.66185,90.23105,0.285,False,Low,-5.31
7229,Kushtia,2019,23.9565,88.96308,0.285,False,High,18.8
7230,Kushtia,2019,24.00321,88.7942,0.285,False,High,18.8
7231,Kushtia,2019,24.00545,88.80183,0.285,False,High,18.8
7232,Narayanganj,2019,23.61783,90.54232,0.285,False,High,31.57
7233,Comilla,2019,23.57561,90.88278,0.285,False,High,10.87
7234,Munshiganj,2019,23.67218,90.29483,0.285,False,High,11.83
7235,Kushtia,2019,23.96054,89.05067,0.285,False,High,18.8
7236,Kushtia,2019,23.99512,88.93209,0.285,False,High,18.8
7237,Comilla,2019,23.56303,91.10107,0.285,False,High,10.87
7238,Kushtia,2019,24.00321,88.93029,0.285,False,High,18.8
7239,Dhaka,2019,23.72518,90.12236,0.285,False,Low,-5.31
7240,Manikganj,2019,23.75662,90.00243,0.285,False,High,10.22
7241,Manikganj,2019,23.79705,89.91934,0.285,False,High,10.22
7242,Manikganj,2019,23.7939,89.95662,0.285,False,High,10.22
7243,Kushtia,2019,24.01893,89.01384,0.285,False,High,18.8
7244,Comilla,2019,23.63894,90.94342,0.285,False,High,10.87
7245,Pabna,2019,23.94302,89.42976,0.285,False,High,13.38
7246,Manikganj,2019,23.83972,89.91485,0.285,False,High,10.22
7247,Comilla,2019,23.68431,90.80957,0.285,False,High,10.87
7248,Comilla,2019,23.64793,91.10152,0.285,False,High,10.87
7249,Comilla,2019,23.66904,91.03864,0.285,False,High,10.87
7250,Narayanganj,2019,23.72877,90.65191,0.285,False,High,31.57
7251,Rajshahi,2019,24.13571,88.85978,0.285,False,Low,-20.24
7252,Comilla,2019,23.69823,90.98519,0.285,False,High,10.87
7253,Pabna,2019,24.01264,89.34846,0.285,False,High,13.38
7254,Narayanganj,2019,23.7665,90.63754,0.285,False,High,31.57
7255,Comilla,2019,23.72788,90.93039,0.285,False,High,10.87
7256,Dhaka,2019,23.84061,90.30022,0.285,False,Low,-5.31
7257,Pabna,2019,24.0598,89.29052,0.285,False,High,13.38
7258,Brahamanbaria,2019,23.75887,90.84999,0.285,False,High,11.9
7259,Narayanganj,2019,23.7957,90.6865,0.285,False,High,31.57
7260,Comilla,2019,23.74674,91.03594,0.285,False,High,10.87
7261,Brahamanbaria,2019,23.7701,90.8747,0.285,False,High,11.9
7262,Comilla,2019,23.75033,91.04313,0.285,False,High,10.87
7263,Brahamanbaria,2019,23.78088,90.83293,0.285,False,High,11.9
7264,Narayanganj,2019,23.81995,90.61149,0.285,False,High,31.57
7265,Pabna,2019,24.13751,89.1122,0.285,False,High,13.38
7266,Natore,2019,24.18152,88.95545,0.285,False,High,9.57
7267,Narsingdi,2019,23.824,90.66449,0.285,False,Low,-4.09
7268,Narayanganj,2019,23.82579,90.69818,0.285,False,High,31.57
7269,Brahamanbaria,2019,23.76066,91.22414,0.285,False,High,11.9
7270,Dhaka,2019,23.93584,90.17895,0.285,False,Low,-5.31
7271,Brahamanbaria,2019,23.83433,90.80193,0.285,False,High,11.9
7272,Brahamanbaria,2019,23.83522,90.81541,0.285,False,High,11.9
7273,Dhaka,2019,23.96952,90.16548,0.285,False,Low,-5.31
7274,Natore,2019,24.20219,89.13331,0.285,False,High,9.57
7275,Dhaka,2019,23.97491,90.1538,0.285,False,Low,-5.31
7276,Natore,2019,24.23767,89.03315,0.285,False,High,9.57
7277,Pabna,2019,24.11819,89.56361,0.285,False,High,13.38
7278,Dhaka,2019,24.02522,90.01995,0.285,False,Low,-5.31
7279,Gazipur,2019,23.93045,90.56792,0.285,False,Medium,1.1
7280,Gazipur,2019,23.92865,90.59667,0.285,False,Medium,1.1
7281,Tangail,2019,24.06789,89.85241,0.285,False,High,8.96
7282,Brahamanbaria,2019,23.86352,91.06649,0.285,False,High,11.9
7283,Narsingdi,2019,23.91877,90.69773,0.285,False,Low,-4.09
7284,Rajshahi,2019,24.36927,88.66619,0.285,False,Low,-20.24
7285,Tangail,2019,24.06789,89.92069,0.285,False,High,8.96
7286,Rajshahi,2019,24.3805,88.6608,0.285,False,Low,-20.24
7287,Pabna,2019,24.2224,89.26537,0.285,False,High,13.38
7288,Rajshahi,2019,24.41733,88.53908,0.285,False,Low,-20.24
7289,Natore,2019,24.28259,89.05112,0.284,False,High,9.57
7290,Narsingdi,2019,23.95335,90.63619,0.284,False,Low,-4.09
7291,Narsingdi,2019,23.95784,90.67707,0.284,False,Low,-4.09
7292,Natore,2019,24.30414,89.03585,0.284,False,High,9.57
7293,Narsingdi,2019,23.95605,90.75792,0.284,False,Low,-4.09
7294,Natore,2019,24.30459,89.06369,0.284,False,High,9.57
7295,Narsingdi,2019,23.95784,90.76331,0.284,False,Low,-4.09
7296,Natore,2019,24.28663,89.1423,0.284,False,High,9.57
7297,Natore,2019,24.30819,89.05741,0.284,False,High,9.57
7298,Natore,2019,24.35265,88.90469,0.284,False,High,9.57
7299,Rajshahi,2019,24.36837,88.86921,0.284,False,Low,-20.24
7300,Brahamanbaria,2019,23.94257,91.00001,0.284,False,High,11.9
7301,Natore,2019,24.35265,88.9559,0.284,False,High,9.57
7302,Natore,2019,24.34637,88.99677,0.284,False,High,9.57
7303,Natore,2019,24.3531,88.98285,0.284,False,High,9.57
7304,Rajshahi,2019,24.45371,88.64598,0.284,False,Low,-20.24
7305,Nawabganj,2019,24.61406,88.19008,0.284,False,High,38.19
7306,Nawabganj,2019,24.62125,88.18963,0.284,False,High,38.19
7307,Sirajganj,2019,24.27136,89.47782,0.284,False,High,48.62
7308,Rajshahi,2019,24.44788,88.7915,0.284,False,Low,-20.24
7309,Rajshahi,2019,24.44788,88.80812,0.284,False,Low,-20.24
7310,Narsingdi,2019,24.04273,90.71974,0.284,False,Low,-4.09
7311,Rajshahi,2019,24.44383,88.86157,0.284,False,Low,-20.24
7312,Narsingdi,2019,24.05217,90.72423,0.284,False,Low,-4.09
7313,Natore,2019,24.43305,88.91188,0.284,False,High,9.57
7314,Tangail,2019,24.15143,90.17805,0.284,False,High,8.96
7315,Nawabganj,2019,24.62305,88.288,0.284,False,High,38.19
7316,Rajshahi,2019,24.50716,88.70302,0.284,False,Low,-20.24
7317,Natore,2019,24.43395,88.99991,0.284,False,High,9.57
7318,Nawabganj,2019,24.64281,88.26644,0.284,False,High,38.19
7319,Natore,2019,24.4618,88.94018,0.284,False,High,9.57
7320,Tangail,2019,24.23408,89.92473,0.284,False,High,8.96
7321,Natore,2019,24.44204,89.02866,0.284,False,High,9.57
7322,Natore,2019,24.45641,88.99542,0.284,False,High,9.57
7323,Natore,2019,24.46719,88.97341,0.284,False,High,9.57
7324,Narsingdi,2019,24.10157,90.78621,0.284,False,Low,-4.09
7325,Natore,2019,24.4856,88.94018,0.284,False,High,9.57
7326,Tangail,2019,24.26462,89.88206,0.284,False,High,8.96
7327,Natore,2019,24.4344,89.15667,0.284,False,High,9.57
7328,Natore,2019,24.49638,88.95545,0.284,False,High,9.57
7329,Natore,2019,24.4636,89.08525,0.284,False,High,9.57
7330,Natore,2019,24.42946,89.22809,0.284,False,High,9.57
7331,Narsingdi,2019,24.11819,90.8473,0.284,False,Low,-4.09
7332,Gazipur,2019,24.18871,90.45339,0.284,False,Medium,1.1
7333,Rajshahi,2019,24.54894,88.84585,0.284,False,Low,-20.24
7334,Nawabganj,2019,24.76678,88.10384,0.284,False,High,38.19
7335,Natore,2019,24.46629,89.18991,0.284,False,High,9.57
7336,Narsingdi,2019,24.16446,90.76151,0.284,False,Low,-4.09
7337,Narsingdi,2019,24.16401,90.80867,0.284,False,Low,-4.09
7338,Tangail,2019,24.33648,89.84613,0.284,False,High,8.96
7339,Rajshahi,2019,24.57948,88.83013,0.284,False,Low,-20.24
7340,Gazipur,2019,24.25923,90.32268,0.284,False,Medium,1.1
7341,Habiganj,2019,24.10382,91.43075,0.284,False,Low,-1.01
7342,Narsingdi,2019,24.18197,90.80148,0.284,False,Low,-4.09
7343,Gazipur,2019,24.25653,90.43273,0.284,False,Medium,1.1
7344,Habiganj,2019,24.12718,91.40695,0.284,False,Low,-1.01
7345,Gazipur,2019,24.25384,90.49875,0.284,False,Medium,1.1
7346,Narsingdi,2019,24.21431,90.79026,0.284,False,Low,-4.09
7347,Tangail,2019,24.31043,90.21039,0.284,False,High,8.96
7348,Kishoreganj,2019,24.21656,90.79969,0.284,False,High,12.02
7349,Gazipur,2019,24.26866,90.49471,0.284,False,Medium,1.1
7350,Tangail,2019,24.32615,90.1803,0.284,False,High,8.96
7351,Mymensingh,2019,24.26956,90.56568,0.284,False,Low,-5.83
7352,Kishoreganj,2019,24.22914,90.88278,0.284,False,High,12.02
7353,Tangail,2019,24.39308,89.94045,0.284,False,High,8.96
7354,Sirajganj,2019,24.45955,89.66152,0.284,False,High,48.62
7355,Gazipur,2019,24.30459,90.49875,0.284,False,Medium,1.1
7356,Naogaon,2019,24.68817,88.75288,0.284,False,High,22.41
7357,Naogaon,2019,24.69177,88.74389,0.284,False,High,22.41
7358,Kishoreganj,2019,24.28214,90.68695,0.284,False,High,12.02
7359,Kishoreganj,2019,24.2754,90.85089,0.284,False,High,12.02
7360,Mymensingh,2019,24.35445,90.36939,0.284,False,Low,-5.83
7361,Tangail,2019,24.46404,89.84433,0.284,False,High,8.96
7362,Kishoreganj,2019,24.30909,90.78576,0.284,False,High,12.02
7363,Mymensingh,2019,24.38185,90.32044,0.284,False,Low,-5.83
7364,Mymensingh,2019,24.34187,90.57601,0.284,False,Low,-5.83
7365,Habiganj,2019,24.22734,91.45815,0.284,False,Low,-1.01
7366,Kishoreganj,2019,24.29741,90.90569,0.284,False,High,12.02
7367,Sirajganj,2019,24.55792,89.50971,0.284,False,High,48.62
7368,Tangail,2019,24.46854,89.95482,0.284,False,High,8.96
7369,Mymensingh,2019,24.39263,90.36535,0.284,False,Low,-5.83
7370,Mymensingh,2019,24.37691,90.49471,0.284,False,Low,-5.83
7371,Kishoreganj,2019,24.35176,90.66225,0.284,False,High,12.02
7372,Tangail,2019,24.43171,90.2059,0.284,False,High,8.96
7373,Kishoreganj,2019,24.35894,90.67078,0.284,False,High,12.02
7374,Tangail,2019,24.47617,89.99884,0.284,False,High,8.96
7375,Tangail,2019,24.48111,89.98042,0.284,False,High,8.96
7376,Kishoreganj,2019,24.37017,90.68201,0.284,False,High,12.02
7377,Tangail,2019,24.5157,89.89014,0.284,False,High,8.96
7378,Mymensingh,2019,24.38859,90.59218,0.284,False,Low,-5.83
7379,Mymensingh,2019,24.44698,90.25621,0.284,False,Low,-5.83
7380,Mymensingh,2019,24.43575,90.34963,0.284,False,Low,-5.83
7381,Tangail,2019,24.53142,89.84837,0.284,False,High,8.96
7382,Mymensingh,2019,24.43799,90.38107,0.284,False,Low,-5.83
7383,Tangail,2019,24.53142,89.90991,0.284,False,High,8.96
7384,Mymensingh,2019,24.4088,90.59218,0.283,False,Low,-5.83
7385,Mymensingh,2019,24.42811,90.49112,0.283,False,Low,-5.83
7386,Bogra,2019,24.60688,89.57708,0.283,False,High,39.64
7387,Kishoreganj,2019,24.38005,90.83382,0.283,False,High,12.02
7388,Tangail,2019,24.49773,90.13449,0.283,False,High,8.96
7389,Tangail,2019,24.51839,90.02938,0.283,False,High,8.96
7390,Tangail,2019,24.53816,89.92967,0.283,False,High,8.96
7391,Naogaon,2019,24.81259,88.76141,0.283,False,High,22.41
7392,Kishoreganj,2019,24.39263,90.78442,0.283,False,High,12.02
7393,Kishoreganj,2019,24.4097,90.67168,0.283,False,High,12.02
7394,Tangail,2019,24.52154,90.03881,0.283,False,High,8.96
7395,Tangail,2019,24.49279,90.2086,0.283,False,High,8.96
7396,Naogaon,2019,24.76902,88.9541,0.283,False,High,22.41
7397,Kishoreganj,2019,24.41643,90.80463,0.283,False,High,12.02
7398,Kishoreganj,2019,24.41509,90.82349,0.283,False,High,12.02
7399,Tangail,2019,24.57858,89.89464,0.283,False,High,8.96
7400,Mymensingh,2019,24.4883,90.39185,0.283,False,Low,-5.83
7401,Kishoreganj,2019,24.4627,90.58769,0.283,False,High,12.02
7402,Tangail,2019,24.54265,90.1529,0.283,False,High,8.96
7403,Kishoreganj,2019,24.47572,90.59218,0.283,False,High,12.02
7404,Mymensingh,2019,24.54175,90.22477,0.283,False,Low,-5.83
7405,Kishoreganj,2019,24.4609,90.78127,0.283,False,High,12.02
7406,Mymensingh,2019,24.56016,90.2342,0.283,False,Low,-5.83
7407,Tangail,2019,24.60867,89.98312,0.283,False,High,8.96
7408,Mymensingh,2019,24.4892,90.67662,0.283,False,Low,-5.83
7409,Mymensingh,2019,24.55837,90.258,0.283,False,Low,-5.83
7410,Naogaon,2019,24.83774,88.97207,0.283,False,High,22.41
7411,Mymensingh,2019,24.51525,90.52795,0.283,False,Low,-5.83
7412,Kishoreganj,2019,24.48021,90.76331,0.283,False,High,12.02
7413,Mymensingh,2019,24.51435,90.55804,0.283,False,Low,-5.83
7414,Naogaon,2019,24.86874,88.89571,0.283,False,High,22.41
7415,Kishoreganj,2019,24.50447,90.68111,0.283,False,High,12.02
7416,Tangail,2019,24.62215,89.99659,0.283,False,High,8.96
7417,Kishoreganj,2019,24.47752,90.86437,0.283,False,High,12.02
7418,Tangail,2019,24.62709,89.97548,0.283,False,High,8.96
7419,Kishoreganj,2019,24.4883,90.82888,0.283,False,High,12.02
7420,Bogra,2019,24.7542,89.40371,0.283,False,High,39.64
7421,Tangail,2019,24.63248,89.9939,0.283,False,High,8.96
7422,Kishoreganj,2019,24.48021,90.94432,0.283,False,High,12.02
7423,Mymensingh,2019,24.5678,90.37029,0.283,False,Low,-5.83
7424,Mymensingh,2019,24.58936,90.33975,0.283,False,Low,-5.83
7425,Bogra,2019,24.75959,89.47961,0.283,False,High,39.64
7426,Mymensingh,2019,24.55972,90.57331,0.283,False,Low,-5.83
7427,Tangail,2019,24.66482,89.98716,0.283,False,High,8.96
7428,Mymensingh,2019,24.55343,90.66045,0.283,False,Low,-5.83
7429,Tangail,2019,24.68773,89.91395,0.283,False,High,8.96
7430,Bogra,2019,24.77082,89.54878,0.283,False,High,39.64
7431,Tangail,2019,24.68728,89.97593,0.283,False,High,8.96
7432,Bogra,2019,24.80046,89.43829,0.283,False,High,39.64
7433,Mymensingh,2019,24.61317,90.3923,0.283,False,Low,-5.83
7434,Maulvibazar,2019,24.45551,91.62524,0.283,False,Medium,1.33
7435,Maulvibazar,2019,24.42991,91.96211,0.283,False,Medium,1.33
7436,Tangail,2019,24.71108,89.88026,0.283,False,High,8.96
7437,Mymensingh,2019,24.61496,90.42554,0.283,False,Low,-5.83
7438,Habiganj,2019,24.47572,91.47387,0.283,False,Low,-1.01
7439,Mymensingh,2019,24.5925,90.61868,0.283,False,Low,-5.83
7440,Mymensingh,2019,24.65449,90.26744,0.283,False,Low,-5.83
7441,Tangail,2019,24.72635,89.90182,0.283,False,High,8.96
7442,Mymensingh,2019,24.65673,90.34155,0.283,False,Low,-5.83
7443,Mymensingh,2019,24.61272,90.62317,0.283,False,Low,-5.83
7444,Mymensingh,2019,24.67245,90.32044,0.283,False,Low,-5.83
7445,Mymensingh,2019,24.63338,90.59263,0.283,False,Low,-5.83
7446,Mymensingh,2019,24.64281,90.53963,0.283,False,Low,-5.83
7447,Jamalpur,2019,24.74612,89.97503,0.283,False,High,16.99
7448,Habiganj,2019,24.52693,91.48914,0.283,False,Low,-1.01
7449,Mymensingh,2019,24.69312,90.28675,0.283,False,Low,-5.83
7450,Jamalpur,2019,24.77711,89.85286,0.283,False,High,16.99
7451,Mymensingh,2019,24.69401,90.29708,0.283,False,Low,-5.83
7452,Habiganj,2019,24.53816,91.47881,0.283,False,Low,-1.01
7453,Maulvibazar,2019,24.50132,92.01376,0.283,False,Medium,1.33
7454,Maulvibazar,2019,24.53591,91.6459,0.283,False,Medium,1.33
7455,Netrakona,2019,24.62933,90.89087,0.283,False,High,50.49
7456,Tangail,2019,24.76768,90.07205,0.283,False,High,8.96
7457,Mymensingh,2019,24.72456,90.33032,0.283,False,Low,-5.83
7458,Maulvibazar,2019,24.54849,91.68632,0.283,False,Medium,1.33
7459,Naogaon,2019,25.06771,88.7668,0.283,False,High,22.41
7460,Mymensingh,2019,24.75959,90.16009,0.283,False,Low,-5.83
7461,Jamalpur,2019,24.78474,90.05678,0.283,False,High,16.99
7462,Mymensingh,2019,24.77351,90.12326,0.283,False,Low,-5.83
7463,Mymensingh,2019,24.73579,90.35861,0.283,False,Low,-5.83
7464,Mymensingh,2019,24.77307,90.21264,0.283,False,Low,-5.83
7465,Jamalpur,2019,24.83415,89.93641,0.283,False,High,16.99
7466,Mymensingh,2019,24.77127,90.33256,0.283,False,Low,-5.83
7467,Joypurhat,2019,25.06277,89.01294,0.283,False,High,30.07
7468,Joypurhat,2019,25.07894,88.96757,0.283,False,High,30.07
7469,Mymensingh,2019,24.74073,90.67931,0.283,False,Low,-5.83
7470,Netrakona,2019,24.72815,90.80148,0.283,False,High,50.49
7471,Jamalpur,2019,24.86874,89.98761,0.283,False,High,16.99
7472,Mymensingh,2019,24.83819,90.34649,0.283,False,Low,-5.83
7473,Mymensingh,2019,24.86739,90.21444,0.283,False,Low,-5.83
7474,Bogra,2019,25.04975,89.3534,0.283,False,High,39.64
7475,Mymensingh,2019,24.84268,90.43632,0.283,False,Low,-5.83
7476,Mymensingh,2019,24.87996,90.25666,0.283,False,Low,-5.83
7477,Jamalpur,2019,24.94824,89.89329,0.283,False,High,16.99
7478,Sherpur,2019,24.93072,90.0442,0.283,False,High,31.78
7479,Netrakona,2019,24.86514,90.62497,0.282,False,High,50.49
7480,Sherpur,2019,24.97743,89.97144,0.282,False,High,31.78
7481,Sherpur,2019,24.98327,89.94494,0.282,False,High,31.78
7482,Netrakona,2019,24.85481,90.75881,0.282,False,High,50.49
7483,Sherpur,2019,25.00708,89.92473,0.282,False,High,31.78
7484,Netrakona,2019,24.89569,90.88593,0.282,False,High,50.49
7485,Mymensingh,2019,24.97384,90.40263,0.282,False,Low,-5.83
7486,Netrakona,2019,24.97474,90.51043,0.282,False,High,50.49
7487,Sherpur,2019,25.0758,89.94449,0.282,False,High,31.78
7488,Sherpur,2019,25.0749,90.05184,0.282,False,High,31.78
7489,Netrakona,2019,24.98192,90.62676,0.282,False,High,50.49
7490,Mymensingh,2019,25.05379,90.38017,0.282,False,Low,-5.83
7491,Jamalpur,2019,25.1535,89.83714,0.282,False,High,16.99
7492,Jamalpur,2019,25.15754,89.84568,0.282,False,High,16.99
7493,Sherpur,2019,25.16069,89.98716,0.282,False,High,31.78
7494,Dinajpur,2019,25.34529,89.18721,0.282,False,High,39.31
7495,Sherpur,2019,25.21234,89.91575,0.282,False,High,31.78
7496,Mymensingh,2019,25.17461,90.258,0.282,False,Low,-5.83
7497,Dinajpur,2019,25.39874,89.1661,0.282,False,High,39.31
7498,Jamalpur,2019,25.26534,89.79043,0.282,False,High,16.99
7499,Jamalpur,2019,25.2595,89.82142,0.282,False,High,16.99
7500,Jamalpur,2019,25.27702,89.80705,0.282,False,High,16.99
7501,Sherpur,2019,25.22582,90.08418,0.282,False,High,31.78
7502,Dinajpur,2019,25.44141,89.09828,0.282,False,High,39.31
7503,Jamalpur,2019,25.29903,89.78594,0.282,False,High,16.99
7504,Sunamganj,2019,25.07176,91.63422,0.282,False,High,31.03
7505,Sunamganj,2019,25.07176,91.64994,0.282,False,High,31.03
7506,Sunamganj,2019,25.1032,91.4056,0.282,False,High,31.03
7507,Sylhet,2019,25.05334,92.30392,0.282,False,High,13.59
7508,Dinajpur,2019,25.6588,88.55929,0.282,False,High,39.31
7509,Gaibandha,2019,25.43737,89.49488,0.282,False,High,42.66
7510,Dinajpur,2019,25.57571,88.9267,0.282,False,High,39.31
7511,Sunamganj,2019,25.15395,91.33688,0.282,False,High,31.03
7512,Dinajpur,2019,25.6067,88.86831,0.282,False,High,39.31
7513,Jamalpur,2019,25.40234,89.78818,0.282,False,High,16.99
7514,Jamalpur,2019,25.41042,89.79896,0.282,False,High,16.99
7515,Thakurgaon,2019,25.7657,88.31135,0.282,False,High,14.28
7516,Dinajpur,2019,25.70013,88.58265,0.282,False,High,39.31
7517,Sylhet,2019,25.14542,91.82781,0.282,False,High,13.59
7518,Rangpur,2019,25.53933,89.32241,0.282,False,High,75.35
7519,Rangpur,2019,25.54562,89.30893,0.281,False,High,75.35
7520,Rangpur,2019,25.54696,89.3278,0.281,False,High,75.35
7521,Gaibandha,2019,25.53349,89.43739,0.281,False,High,42.66
7522,Thakurgaon,2019,25.82364,88.27857,0.281,False,High,14.28
7523,Dinajpur,2019,25.75178,88.54761,0.281,False,High,39.31
7524,Kurigram,2019,25.45713,89.83714,0.281,False,High,35.15
7525,Rangpur,2019,25.64488,88.99497,0.281,False,High,75.35
7526,Gaibandha,2019,25.53843,89.48815,0.281,False,High,42.66
7527,Dinajpur,2019,25.83442,88.41107,0.281,False,High,39.31
7528,Dinajpur,2019,25.83712,88.48248,0.281,False,High,39.31
7529,Rangpur,2019,25.62916,89.35295,0.281,False,High,75.35
7530,Rangpur,2019,25.61568,89.47422,0.281,False,High,75.35
7531,Thakurgaon,2019,25.91932,88.25746,0.281,False,High,14.28
7532,Thakurgaon,2019,25.93144,88.26195,0.281,False,High,14.28
7533,Thakurgaon,2019,25.94177,88.25386,0.281,False,High,14.28
7534,Kurigram,2019,25.6058,89.65029,0.281,False,High,35.15
7535,Kurigram,2019,25.61568,89.6175,0.281,False,High,35.15
7536,Rangpur,2019,25.65252,89.46434,0.281,False,High,75.35
7537,Rangpur,2019,25.69069,89.31612,0.281,False,High,75.35
7538,Dinajpur,2019,25.89282,88.49416,0.281,False,High,39.31
7539,Kurigram,2019,25.62107,89.65254,0.281,False,High,35.15
7540,Rangpur,2019,25.75178,89.1158,0.281,False,High,75.35
7541,Rangpur,2019,25.70327,89.34981,0.281,False,High,75.35
7542,Rangpur,2019,25.741,89.19395,0.281,False,High,75.35
7543,Thakurgaon,2019,25.9521,88.36301,0.281,False,High,14.28
7544,Dinajpur,2019,25.83802,88.81037,0.281,False,High,39.31
7545,Rangpur,2019,25.76391,89.11624,0.281,False,High,75.35
7546,Kurigram,2019,25.64219,89.68263,0.281,False,High,35.15
7547,Kurigram,2019,25.65566,89.66691,0.281,False,High,35.15
7548,Dinajpur,2019,25.91393,88.56827,0.281,False,High,39.31
7549,Kurigram,2019,25.6606,89.66017,0.281,False,High,35.15
7550,Kurigram,2019,25.61883,89.87083,0.281,False,High,35.15
7551,Thakurgaon,2019,26.00915,88.22916,0.281,False,High,14.28
7552,Thakurgaon,2019,25.96154,88.40882,0.281,False,High,14.28
7553,Kurigram,2019,25.68396,89.58786,0.281,False,High,35.15
7554,Thakurgaon,2019,26.01274,88.23635,0.281,False,High,14.28
7555,Thakurgaon,2019,25.95525,88.45284,0.281,False,High,14.28
7556,Thakurgaon,2019,25.94896,88.5018,0.281,False,High,14.28
7557,Kurigram,2019,25.64533,89.84029,0.281,False,High,35.15
7558,Thakurgaon,2019,26.00331,88.30596,0.281,False,High,14.28
7559,Kurigram,2019,25.65252,89.80076,0.281,False,High,35.15
7560,Kurigram,2019,25.68845,89.62963,0.281,False,High,35.15
7561,Dinajpur,2019,25.91168,88.70661,0.281,False,High,39.31
7562,Rangpur,2019,25.81646,89.11535,0.281,False,High,75.35
7563,Kurigram,2019,25.71809,89.56495,0.281,False,High,35.15
7564,Rangpur,2019,25.78008,89.28333,0.281,False,High,75.35
7565,Thakurgaon,2019,26.05361,88.20805,0.281,False,High,14.28
7566,Dinajpur,2019,25.93459,88.65631,0.281,False,High,39.31
7567,Kurigram,2019,25.71585,89.61975,0.281,False,High,35.15
7568,Kurigram,2019,25.71001,89.65748,0.281,False,High,35.15
7569,Nilphamari,2019,25.84655,89.04438,0.281,False,High,14.39
7570,Dinajpur,2019,25.90719,88.79016,0.281,False,High,39.31
7571,Thakurgaon,2019,25.99567,88.45958,0.281,False,High,14.28
7572,Thakurgaon,2019,26.05451,88.24533,0.281,False,High,14.28
7573,Dinajpur,2019,25.91033,88.80273,0.281,False,High,39.31
7574,Kurigram,2019,25.72797,89.60672,0.281,False,High,35.15
7575,Kurigram,2019,25.73471,89.58202,0.281,False,High,35.15
7576,Dinajpur,2019,25.91707,88.78342,0.281,False,High,39.31
7577,Dinajpur,2019,25.96288,88.59837,0.281,False,High,39.31
7578,Nilphamari,2019,25.86003,89.05202,0.281,False,High,14.39
7579,Dinajpur,2019,25.94492,88.70841,0.281,False,High,39.31
7580,Kurigram,2019,25.75268,89.54789,0.281,False,High,35.15
7581,Thakurgaon,2019,26.07607,88.22197,0.281,False,High,14.28
7582,Rangpur,2019,25.78636,89.41179,0.281,False,High,75.35
7583,Kurigram,2019,25.73022,89.68578,0.281,False,High,35.15
7584,Rangpur,2019,25.80882,89.31298,0.281,False,High,75.35
7585,Kurigram,2019,25.74819,89.60178,0.281,False,High,35.15
7586,Kurigram,2019,25.77603,89.49803,0.281,False,High,35.15
7587,Kurigram,2019,25.75133,89.62828,0.281,False,High,35.15
7588,Dinajpur,2019,26.006,88.56064,0.281,False,High,39.31
7589,Kurigram,2019,25.77379,89.56765,0.281,False,High,35.15
7590,Kurigram,2019,25.75897,89.64356,0.281,False,High,35.15
7591,Kurigram,2019,25.77693,89.55597,0.281,False,High,35.15
7592,Thakurgaon,2019,26.05406,88.40119,0.281,False,High,14.28
7593,Rangpur,2019,25.87754,89.1149,0.281,False,High,75.35
7594,Thakurgaon,2019,26.04283,88.49236,0.281,False,High,14.28
7595,Thakurgaon,2019,26.08011,88.36795,0.281,False,High,14.28
7596,Kurigram,2019,25.7958,89.56136,0.281,False,High,35.15
7597,Kurigram,2019,25.77873,89.63817,0.281,False,High,35.15
7598,Dinajpur,2019,26.01948,88.6096,0.281,False,High,39.31
7599,Thakurgaon,2019,26.04373,88.53459,0.281,False,High,14.28
7600,Thakurgaon,2019,26.08865,88.37918,0.281,False,High,14.28
7601,Nilphamari,2019,25.96917,88.84361,0.281,False,High,14.39
7602,Thakurgaon,2019,26.04373,88.56064,0.281,False,High,14.28
7603,Nilphamari,2019,25.97366,88.87864,0.281,False,High,14.39
7604,Lalmonirhat,2019,25.83398,89.50836,0.281,False,High,33.32
7605,Nilphamari,2019,25.9274,89.11085,0.281,False,High,14.39
7606,Kurigram,2019,25.82005,89.62334,0.281,False,High,35.15
7607,Nilphamari,2019,25.94806,89.06414,0.281,False,High,14.39
7608,Thakurgaon,2019,26.12189,88.3913,0.281,False,High,14.28
7609,Thakurgaon,2019,26.12593,88.38681,0.281,False,High,14.28
7610,Thakurgaon,2019,26.14884,88.30731,0.281,False,High,14.28
7611,Nilphamari,2019,25.96288,89.03809,0.281,False,High,14.39
7612,Nilphamari,2019,26.03475,88.77983,0.281,False,High,14.39
7613,Kurigram,2019,25.83353,89.7015,0.281,False,High,35.15
7614,Nilphamari,2019,26.03026,88.83372,0.281,False,High,14.39
7615,Nilphamari,2019,26.01139,88.91233,0.281,False,High,14.39
7616,Lalmonirhat,2019,25.88114,89.52228,0.281,False,High,33.32
7617,Thakurgaon,2019,26.09763,88.59612,0.281,False,High,14.28
7618,Thakurgaon,2019,26.12099,88.55076,0.281,False,High,14.28
7619,Lalmonirhat,2019,25.91887,89.42706,0.281,False,High,33.32
7620,Thakurgaon,2019,26.12189,88.60196,0.281,False,High,14.28
7621,Thakurgaon,2019,26.16905,88.43353,0.281,False,High,14.28
7622,Lalmonirhat,2019,25.9539,89.34442,0.281,False,High,33.32
7623,Lalmonirhat,2019,25.95794,89.33858,0.281,False,High,33.32
7624,Lalmonirhat,2019,25.95121,89.37451,0.281,False,High,33.32
7625,Nilphamari,2019,26.07877,88.83552,0.281,False,High,14.39
7626,Thakurgaon,2019,26.15782,88.53548,0.28,False,High,14.28
7627,Thakurgaon,2019,26.14884,88.57501,0.28,False,High,14.28
7628,Lalmonirhat,2019,25.95121,89.43155,0.28,False,High,33.32
7629,Panchagarh,2019,26.20678,88.36974,0.28,False,High,16.31
7630,Thakurgaon,2019,26.20049,88.41152,0.28,False,High,14.28
7631,Lalmonirhat,2019,25.98983,89.28243,0.28,False,High,33.32
7632,Lalmonirhat,2019,25.99208,89.26986,0.28,False,High,33.32
7633,Thakurgaon,2019,26.19689,88.49551,0.28,False,High,14.28
7634,Nilphamari,2019,26.12278,88.81037,0.28,False,High,14.39
7635,Lalmonirhat,2019,25.99343,89.37676,0.28,False,High,33.32
7636,Nilphamari,2019,26.0864,88.96488,0.28,False,High,14.39
7637,Lalmonirhat,2019,25.99163,89.39697,0.28,False,High,33.32
7638,Lalmonirhat,2019,25.98399,89.44907,0.28,False,High,33.32
7639,Lalmonirhat,2019,26.03834,89.20518,0.28,False,High,33.32
7640,Panchagarh,2019,26.22474,88.45508,0.28,False,High,16.31
7641,Lalmonirhat,2019,25.99253,89.45087,0.28,False,High,33.32
7642,Lalmonirhat,2019,26.04059,89.26986,0.28,False,High,33.32
7643,Lalmonirhat,2019,26.04014,89.29187,0.28,False,High,33.32
7644,Nilphamari,2019,26.1412,88.86292,0.28,False,High,14.39
7645,Nilphamari,2019,26.15647,88.80004,0.28,False,High,14.39
7646,Panchagarh,2019,26.25933,88.48697,0.28,False,High,16.31
7647,Panchagarh,2019,26.28044,88.45014,0.28,False,High,16.31
7648,Panchagarh,2019,26.24855,88.5777,0.28,False,High,16.31
7649,Panchagarh,2019,26.29706,88.42993,0.28,False,High,16.31
7650,Nilphamari,2019,26.16186,88.97566,0.28,False,High,14.39
7651,Panchagarh,2019,26.2207,88.73446,0.28,False,High,16.31
7652,Lalmonirhat,2019,26.12907,89.12792,0.28,False,High,33.32
7653,Nilphamari,2019,26.17219,88.94646,0.28,False,High,14.39
7654,Panchagarh,2019,26.30424,88.43442,0.28,False,High,16.31
7655,Nilphamari,2019,26.19375,88.88762,0.28,False,High,14.39
7656,Nilphamari,2019,26.21351,88.85798,0.28,False,High,14.39
7657,Panchagarh,2019,26.25484,88.71066,0.28,False,High,16.31
7658,Nilphamari,2019,26.20857,88.91817,0.28,False,High,14.39
7659,Kurigram,2019,26.02756,89.76618,0.28,False,High,35.15
7660,Lalmonirhat,2019,26.17309,89.14589,0.28,False,High,33.32
7661,Lalmonirhat,2019,26.19151,89.07537,0.28,False,High,33.32
7662,Kurigram,2019,26.07203,89.6741,0.28,False,High,35.15
7663,Lalmonirhat,2019,26.196,89.0893,0.28,False,High,33.32
7664,Lalmonirhat,2019,26.18881,89.12298,0.28,False,High,33.32
7665,Lalmonirhat,2019,26.20498,89.09873,0.28,False,High,33.32
7666,Lalmonirhat,2019,26.21306,89.10547,0.28,False,High,33.32
7667,Lalmonirhat,2019,26.23148,89.04079,0.28,False,High,33.32
7668,Nilphamari,2019,26.27864,88.87505,0.28,False,High,14.39
7669,Lalmonirhat,2019,26.22429,89.13152,0.28,False,High,33.32
7670,Panchagarh,2019,26.34691,88.64373,0.28,False,High,16.31
7671,Panchagarh,2019,26.35141,88.63789,0.28,False,High,16.31
7672,Panchagarh,2019,26.34063,88.6855,0.28,False,High,16.31
7673,Panchagarh,2019,26.35275,88.67697,0.28,False,High,16.31
7674,Lalmonirhat,2019,26.26966,89.10367,0.28,False,High,33.32
7675,Panchagarh,2019,26.40171,88.56558,0.28,False,High,16.31
7676,Lalmonirhat,2019,26.27954,89.10636,0.28,False,High,33.32
7677,Panchagarh,2019,26.46549,88.44475,0.28,False,High,16.31
7678,Lalmonirhat,2019,26.36488,88.99273,0.28,False,High,33.32
7679,Lalmonirhat,2019,26.36757,89.0345,0.28,False,High,33.32
7680,Lalmonirhat,2019,26.36802,89.05696,0.28,False,High,33.32
7681,Lalmonirhat,2019,26.37162,89.04752,0.28,False,High,33.32
7682,Panchagarh,2019,26.53736,88.38547,0.28,False,High,16.31
7683,Panchagarh,2019,26.55308,88.40253,0.28,False,High,16.31
7684,Panchagarh,2019,26.56925,88.39939,0.28,False,High,16.31
7685,Cox's Bazar,2018,21.18897,92.13426,11.996,False,Medium,1.81
7686,Jamalpur,2018,24.8559,89.80479,4.186,False,High,16.99
7687,Jamalpur,2018,24.88025,90.11557,2.657,False,High,16.99
7688,Dinajpur,2018,25.9872,88.58867,2.022,False,High,39.31
7689,Panchagarh,2018,26.19905,88.37389,2.02,False,High,16.31
7690,Kishoreganj,2018,24.32915,90.82674,1.928,False,High,12.02
7691,Rajshahi,2018,24.39922,88.87916,1.706,False,Low,-20.24
7692,Kurigram,2018,25.65439,89.86102,1.686,False,High,35.15
7693,Tangail,2018,24.09244,90.07187,1.536,False,High,8.96
7694,Mymensingh,2018,24.31286,90.61568,1.532,False,Low,-5.83
7695,Magura,2018,23.33417,89.38263,1.489,False,High,12.28
7696,Comilla,2018,23.39153,91.00262,1.485,False,High,10.87
7697,Comilla,2018,23.40509,91.00703,1.485,False,High,10.87
7698,Thakurgaon,2018,26.1725,88.34767,1.459,False,High,14.28
7699,Comilla,2018,23.47814,91.0037,1.427,False,High,10.87
7700,Jamalpur,2018,24.8081,89.79465,1.415,False,High,16.99
7701,Comilla,2018,23.52229,90.9984,1.369,False,High,10.87
7702,Nilphamari,2018,26.00913,88.78265,1.347,False,High,14.39
7703,Nilphamari,2018,26.02971,88.77371,1.291,False,High,14.39
7704,Jamalpur,2018,24.80269,90.06101,1.244,False,High,16.99
7705,Jamalpur,2018,24.90722,89.8941,1.244,False,High,16.99
7706,Bogra,2018,25.05657,89.2954,1.244,False,High,39.64
7707,Dinajpur,2018,25.97254,88.58634,1.236,False,High,39.31
7708,Cox's Bazar,2018,21.1742,92.15522,1.217,False,Medium,1.81
7709,Thakurgaon,2018,26.07483,88.36166,1.179,False,High,14.28
7710,Magura,2018,23.41043,89.3936,1.145,False,High,12.28
7711,Tangail,2018,24.06957,89.82951,1.138,False,High,8.96
7712,Tangail,2018,24.31043,89.84927,1.136,False,High,8.96
7713,Sylhet,2018,24.91567,92.3887,1.128,False,High,13.59
7714,Jamalpur,2018,25.22481,89.84074,1.128,False,High,16.99
7715,Jessore,2018,23.24917,89.20844,1.089,False,High,7.75
7716,Comilla,2018,23.50117,90.87304,1.084,False,High,10.87
7717,Comilla,2018,23.51157,91.0085,1.084,False,High,10.87
7718,Comilla,2018,23.55944,90.94585,1.084,False,High,10.87
7719,Jamalpur,2018,24.89415,90.11042,1.074,False,High,16.99
7720,Jamalpur,2018,25.14591,89.86291,1.072,False,High,16.99
7721,Magura,2018,23.32775,89.40483,1.031,False,High,12.28
7722,Kishoreganj,2018,24.41858,90.71525,1.02,False,High,12.02
7723,Thakurgaon,2018,26.14509,88.42604,1.01,False,High,14.28
7724,Comilla,2018,23.39391,91.03534,0.971,False,High,10.87
7725,Comilla,2018,23.41029,91.02741,0.971,False,High,10.87
7726,Chandpur,2018,23.47621,90.64972,0.971,False,High,15.78
7727,Comilla,2018,23.44808,91.00099,0.971,False,High,10.87
7728,Sirajganj,2018,24.72672,89.76699,0.963,False,High,48.62
7729,Habiganj,2018,24.48973,91.55094,0.962,False,Low,-1.01
7730,Nilphamari,2018,26.17671,88.94411,0.953,False,High,14.39
7731,Chittagong,2018,22.00774,92.16532,0.922,False,Low,-1.19
7732,Khulna,2018,22.86577,89.612,0.919,False,High,22.68
7733,Gopalganj,2018,22.97919,89.90789,0.918,False,Low,-0.76
7734,Comilla,2018,23.43045,91.00004,0.914,False,High,10.87
7735,Comilla,2018,23.52253,90.98011,0.913,False,High,10.87
7736,Tangail,2018,24.10531,89.86185,0.91,False,High,8.96
7737,Kurigram,2018,25.6156,89.86311,0.899,False,High,35.15
7738,Cox's Bazar,2018,21.13264,92.15824,0.87,False,Medium,1.81
7739,Jessore,2018,23.24473,89.32465,0.86,False,High,7.75
7740,Chuadanga,2018,23.5563,88.87385,0.859,False,Low,-14.74
7741,Comilla,2018,23.37079,91.01304,0.857,False,High,10.87
7742,Chandpur,2018,23.41017,90.81346,0.857,False,High,15.78
7743,Comilla,2018,23.53818,91.02157,0.856,False,High,10.87
7744,Tangail,2018,24.04528,90.09601,0.853,False,High,8.96
7745,Jamalpur,2018,24.87413,89.79238,0.848,False,High,16.99
7746,Sunamganj,2018,25.11757,91.31038,0.845,False,High,31.03
7747,Thakurgaon,2018,26.18641,88.33052,0.842,False,High,14.28
7748,Thakurgaon,2018,26.16351,88.41975,0.842,False,High,14.28
7749,Panchagarh,2018,26.1957,88.35702,0.842,False,High,16.31
7750,Jhalokati,2018,22.6292,90.31614,0.805,False,High,15.14
7751,Gopalganj,2018,23.04852,89.9127,0.803,False,Low,-0.76
7752,Jessore,2018,23.25193,89.11544,0.803,False,High,7.75
7753,Jhenaidah,2018,23.50105,89.22902,0.801,False,High,15.44
7754,Narsingdi,2018,24.10421,90.64883,0.796,False,Low,-4.09
7755,Tangail,2018,24.26446,89.95056,0.795,False,High,8.96
7756,Thakurgaon,2018,26.1814,88.52592,0.785,False,High,14.28
7757,Cox's Bazar,2018,21.67592,91.92624,0.751,False,Medium,1.81
7758,Jessore,2018,23.05828,88.93986,0.747,False,High,7.75
7759,Noakhali,2018,22.78862,91.13659,0.746,False,High,17.85
7760,Madaripur,2018,23.21895,90.0695,0.744,False,High,3.68
7761,Shariatpur,2018,23.16798,90.39099,0.744,False,High,11.14
7762,Jhenaidah,2018,23.47859,89.09897,0.744,False,High,15.44
7763,Madaripur,2018,23.2725,90.05429,0.744,False,High,3.68
7764,Jhenaidah,2018,23.50019,89.18725,0.744,False,High,15.44
7765,Comilla,2018,23.32087,90.9818,0.743,False,High,10.87
7766,Comilla,2018,23.41623,91.05522,0.742,False,High,10.87
7767,Manikganj,2018,23.99875,90.01404,0.74,False,High,10.22
7768,Rajshahi,2018,24.36412,88.78508,0.74,False,Low,-20.24
7769,Tangail,2018,24.11467,90.08625,0.739,False,High,8.96
7770,Narsingdi,2018,24.25253,90.76707,0.738,False,Low,-4.09
7771,Kishoreganj,2018,24.26151,90.80801,0.738,False,High,12.02
7772,Jamalpur,2018,24.60425,89.77944,0.737,False,High,16.99
7773,Naogaon,2018,25.08088,88.91395,0.735,False,High,22.41
7774,Jamalpur,2018,24.89569,90.08712,0.735,False,High,16.99
7775,Thakurgaon,2018,26.17976,88.41729,0.729,False,High,14.28
7776,Thakurgaon,2018,26.19531,88.44354,0.729,False,High,14.28
7777,Panchagarh,2018,26.20705,88.43059,0.729,False,High,16.31
7778,Panchagarh,2018,26.24419,88.54391,0.729,False,High,16.31
7779,Nilphamari,2018,26.17302,88.91844,0.729,False,High,14.39
7780,Cox's Bazar,2018,21.77048,92.14132,0.693,False,Medium,1.81
7781,Noakhali,2018,22.56886,91.07476,0.689,False,High,17.85
7782,Khulna,2018,22.87429,89.61219,0.689,False,High,22.68
7783,Gopalganj,2018,23.00061,89.82666,0.688,False,Low,-0.76
7784,Jessore,2018,23.26431,89.23078,0.688,False,High,7.75
7785,Faridpur,2018,23.3736,90.02242,0.686,False,High,8.19
7786,Chandpur,2018,23.29013,90.91662,0.686,False,High,15.78
7787,Comilla,2018,23.31297,91.12754,0.686,False,High,10.87
7788,Chandpur,2018,23.4436,90.70196,0.685,False,High,15.78
7789,Munshiganj,2018,23.56393,90.25112,0.685,False,High,11.83
7790,Narayanganj,2018,23.56075,90.45866,0.685,False,High,31.57
7791,Dhaka,2018,23.97136,90.14482,0.683,False,Low,-5.31
7792,Natore,2018,24.26181,88.96858,0.683,False,High,9.57
7793,Rajshahi,2018,24.44073,88.87071,0.682,False,Low,-20.24
7794,Natore,2018,24.39113,89.27382,0.682,False,High,9.57
7795,Narsingdi,2018,24.15925,90.74145,0.682,False,Low,-4.09
7796,Kishoreganj,2018,24.3202,90.67482,0.681,False,High,12.02
7797,Jamalpur,2018,24.85638,89.88187,0.679,False,High,16.99
7798,Jamalpur,2018,24.87454,90.06752,0.678,False,High,16.99
7799,Jamalpur,2018,24.95258,89.7679,0.678,False,High,16.99
7800,Mymensingh,2018,24.87772,90.24737,0.678,False,Low,-5.83
7801,Jamalpur,2018,25.23705,89.86391,0.677,False,High,16.99
7802,Cox's Bazar,2018,21.21647,92.15704,0.637,False,Medium,1.81
7803,Cox's Bazar,2018,21.78037,92.05721,0.635,False,Medium,1.81
7804,Jessore,2018,22.94185,88.92801,0.632,False,High,7.75
7805,Jhalokati,2018,22.62029,90.32325,0.632,False,High,15.14
7806,Barisal,2018,22.66929,90.33836,0.632,False,High,9.66
7807,Noakhali,2018,22.54434,91.2965,0.632,False,High,17.85
7808,Bagerhat,2018,22.83324,89.81591,0.632,False,High,11.87
7809,Jessore,2018,23.10743,89.00804,0.632,False,High,7.75
7810,Noakhali,2018,22.79057,91.16338,0.631,False,High,17.85
7811,Jessore,2018,23.27178,89.01314,0.631,False,High,7.75
7812,Jhenaidah,2018,23.36651,88.79714,0.631,False,High,15.44
7813,Gopalganj,2018,23.18991,89.90799,0.63,False,Low,-0.76
7814,Jhenaidah,2018,23.43694,89.24507,0.63,False,High,15.44
7815,Magura,2018,23.42265,89.33225,0.63,False,High,12.28
7816,Magura,2018,23.41673,89.38227,0.63,False,High,12.28
7817,Comilla,2018,23.26749,91.01822,0.629,False,High,10.87
7818,Chandpur,2018,23.30424,90.81508,0.629,False,High,15.78
7819,Chandpur,2018,23.43735,90.60826,0.628,False,High,15.78
7820,Chandpur,2018,23.45552,90.68278,0.628,False,High,15.78
7821,Munshiganj,2018,23.52718,90.28099,0.628,False,High,11.83
7822,Comilla,2018,23.4692,90.91185,0.628,False,High,10.87
7823,Comilla,2018,23.49615,90.75587,0.628,False,High,10.87
7824,Comilla,2018,23.55475,90.97229,0.627,False,High,10.87
7825,Brahamanbaria,2018,23.78361,90.90103,0.626,False,High,11.9
7826,Pabna,2018,24.20296,89.20199,0.626,False,High,13.38
7827,Tangail,2018,24.08067,89.86123,0.626,False,High,8.96
7828,Rajshahi,2018,24.40222,88.62238,0.626,False,Low,-20.24
7829,Tangail,2018,24.10823,89.83143,0.626,False,High,8.96
7830,Brahamanbaria,2018,23.90468,91.10356,0.626,False,High,11.9
7831,Tangail,2018,24.17377,89.93392,0.625,False,High,8.96
7832,Kishoreganj,2018,24.24318,90.88368,0.624,False,High,12.02
7833,Kishoreganj,2018,24.32444,90.8112,0.624,False,High,12.02
7834,Kishoreganj,2018,24.45592,90.68319,0.623,False,High,12.02
7835,Bogra,2018,24.67948,89.53253,0.623,False,High,39.64
7836,Tangail,2018,24.6954,89.92616,0.623,False,High,8.96
7837,Jamalpur,2018,24.79197,89.78998,0.623,False,High,16.99
7838,Jamalpur,2018,24.86016,89.94208,0.622,False,High,16.99
7839,Jamalpur,2018,25.24991,89.88941,0.62,False,High,16.99
7840,Netrakona,2018,25.13925,90.95697,0.62,False,High,50.49
7841,Jamalpur,2018,25.35097,89.80938,0.62,False,High,16.99
7842,Dinajpur,2018,25.98489,88.56786,0.618,False,High,39.31
7843,Dinajpur,2018,26.0147,88.56317,0.618,False,High,39.31
7844,Thakurgaon,2018,26.17558,88.43802,0.617,False,High,14.28
7845,Panchagarh,2018,26.23703,88.43557,0.617,False,High,16.31
7846,Panchagarh,2018,26.30686,88.41331,0.616,False,High,16.31
7847,Panchagarh,2018,26.2993,88.47027,0.616,False,High,16.31
7848,Chittagong,2018,22.00064,92.17411,0.576,False,Low,-1.19
7849,Chittagong,2018,22.01052,92.1777,0.576,False,Low,-1.19
7850,Noakhali,2018,22.42554,91.25693,0.575,False,High,17.85
7851,Chittagong,2018,22.57871,91.80513,0.574,False,Low,-1.19
7852,Jhenaidah,2018,23.23425,88.80116,0.574,False,High,15.44
7853,Noakhali,2018,22.77791,91.20618,0.574,False,High,17.85
7854,Jessore,2018,23.28096,89.02192,0.573,False,High,7.75
7855,Jhenaidah,2018,23.37731,89.03495,0.573,False,High,15.44
7856,Madaripur,2018,23.16194,89.99457,0.573,False,High,3.68
7857,Magura,2018,23.3526,89.36418,0.573,False,High,12.28
7858,Gopalganj,2018,23.24458,89.90833,0.573,False,Low,-0.76
7859,Shariatpur,2018,23.22864,90.48752,0.572,False,High,11.14
7860,Jhenaidah,2018,23.52643,89.2209,0.572,False,High,15.44
7861,Chandpur,2018,23.30836,90.90052,0.572,False,High,15.78
7862,Comilla,2018,23.29691,91.23672,0.571,False,High,10.87
7863,Chandpur,2018,23.37731,90.71412,0.571,False,High,15.78
7864,Munshiganj,2018,23.51745,90.28046,0.571,False,High,11.83
7865,Munshiganj,2018,23.56595,90.2223,0.571,False,High,11.83
7866,Comilla,2018,23.44827,91.10871,0.571,False,High,10.87
7867,Comilla,2018,23.47769,90.98227,0.571,False,High,10.87
7868,Comilla,2018,23.5801,90.65281,0.571,False,High,10.87
7869,Munshiganj,2018,23.65107,90.2973,0.571,False,High,11.83
7870,Pabna,2018,24.12875,89.25099,0.569,False,High,13.38
7871,Natore,2018,24.20735,89.1405,0.569,False,High,9.57
7872,Brahamanbaria,2018,23.82602,91.20865,0.569,False,High,11.9
7873,Gazipur,2018,23.94953,90.43587,0.569,False,Medium,1.1
7874,Dhaka,2018,24.02589,90.12797,0.569,False,Low,-5.31
7875,Sirajganj,2018,24.35423,89.52228,0.568,False,High,48.62
7876,Tangail,2018,24.3019,89.86454,0.568,False,High,8.96
7877,Kishoreganj,2018,24.1694,90.9414,0.568,False,High,12.02
7878,Tangail,2018,24.39038,89.91867,0.568,False,High,8.96
7879,Kishoreganj,2018,24.2992,90.72333,0.567,False,High,12.02
7880,Mymensingh,2018,24.33356,90.58477,0.567,False,Low,-5.83
7881,Tangail,2018,24.48134,89.93978,0.567,False,High,8.96
7882,Mymensingh,2018,24.42811,90.39747,0.567,False,Low,-5.83
7883,Mymensingh,2018,24.46202,90.53693,0.567,False,Low,-5.83
7884,Kishoreganj,2018,24.4865,90.67909,0.567,False,High,12.02
7885,Jamalpur,2018,24.69469,89.80862,0.566,False,High,16.99
7886,Sirajganj,2018,24.75218,89.78549,0.566,False,High,48.62
7887,Mymensingh,2018,24.61361,90.71502,0.566,False,Low,-5.83
7888,Jamalpur,2018,24.80585,89.80638,0.566,False,High,16.99
7889,Mymensingh,2018,24.74454,90.50953,0.566,False,Low,-5.83
7890,Jamalpur,2018,24.87547,89.8888,0.565,False,High,16.99
7891,Jamalpur,2018,24.93948,89.84208,0.565,False,High,16.99
7892,Sunamganj,2018,24.8858,91.55742,0.564,False,High,31.03
7893,Rangpur,2018,25.43647,89.18115,0.564,False,High,75.35
7894,Rangpur,2018,25.79737,88.98846,0.562,False,High,75.35
7895,Nilphamari,2018,26.02734,88.81666,0.561,False,High,14.39
7896,Nilphamari,2018,26.06799,88.78477,0.561,False,High,14.39
7897,Nilphamari,2018,26.09494,88.84046,0.561,False,High,14.39
7898,Panchagarh,2018,26.23013,88.39916,0.561,False,High,16.31
7899,Nilphamari,2018,26.12458,88.88448,0.561,False,High,14.39
7900,Nilphamari,2018,26.15804,88.90537,0.561,False,High,14.39
7901,Panchagarh,2018,26.56206,88.405,0.559,False,High,16.31
7902,Chittagong,2018,22.57928,91.77725,0.517,False,Low,-1.19
7903,Jhenaidah,2018,23.28496,88.7649,0.516,False,High,15.44
7904,Gopalganj,2018,23.01247,89.84663,0.516,False,Low,-0.76
7905,Noakhali,2018,22.78689,91.17513,0.516,False,High,17.85
7906,Jessore,2018,23.1804,89.24425,0.516,False,High,7.75
7907,Narail,2018,23.14622,89.46609,0.516,False,Low,-8.78
7908,Jessore,2018,23.28196,89.04114,0.516,False,High,7.75
7909,Jhenaidah,2018,23.33761,88.85399,0.516,False,High,15.44
7910,Barisal,2018,22.99275,90.36041,0.516,False,High,9.66
7911,Jhenaidah,2018,23.34934,88.88817,0.516,False,High,15.44
7912,Jhenaidah,2018,23.36306,88.85249,0.516,False,High,15.44
7913,Gopalganj,2018,23.08533,90.02155,0.516,False,Low,-0.76
7914,Jhenaidah,2018,23.37129,89.09204,0.516,False,High,15.44
7915,Madaripur,2018,23.16768,90.00682,0.516,False,High,3.68
7916,Gopalganj,2018,23.2363,89.88081,0.515,False,Low,-0.76
7917,Jhenaidah,2018,23.47485,89.1669,0.515,False,High,15.44
7918,Chandpur,2018,23.19512,90.58574,0.515,False,High,15.78
7919,Jhenaidah,2018,23.48783,89.2455,0.515,False,High,15.44
7920,Jhenaidah,2018,23.51453,89.21032,0.515,False,High,15.44
7921,Chandpur,2018,23.29893,90.75991,0.515,False,High,15.78
7922,Chandpur,2018,23.31216,90.80283,0.514,False,High,15.78
7923,Chandpur,2018,23.40473,90.69004,0.514,False,High,15.78
7924,Kushtia,2018,23.86686,88.92261,0.514,False,High,18.8
7925,Comilla,2018,23.46761,90.93184,0.514,False,High,10.87
7926,Comilla,2018,23.47984,91.04138,0.514,False,High,10.87
7927,Comilla,2018,23.5794,90.66334,0.513,False,High,10.87
7928,Comilla,2018,23.54073,90.91562,0.513,False,High,10.87
7929,Natore,2018,24.24116,89.00171,0.512,False,High,9.57
7930,Natore,2018,24.26811,89.00445,0.512,False,High,9.57
7931,Rajshahi,2018,24.43156,88.61768,0.512,False,Low,-20.24
7932,Tangail,2018,24.18177,89.87832,0.512,False,High,8.96
7933,Nawabganj,2018,24.67834,88.05124,0.512,False,High,38.19
7934,Pabna,2018,24.32026,89.36653,0.512,False,High,13.38
7935,Kishoreganj,2018,24.28184,90.72024,0.511,False,High,12.02
7936,Kishoreganj,2018,24.27385,90.81431,0.511,False,High,12.02
7937,Kishoreganj,2018,24.27809,90.87719,0.511,False,High,12.02
7938,Sirajganj,2018,24.51814,89.66097,0.511,False,High,48.62
7939,Kishoreganj,2018,24.30953,90.84226,0.511,False,High,12.02
7940,Mymensingh,2018,24.36668,90.47619,0.511,False,Low,-5.83
7941,Habiganj,2018,24.25065,91.56964,0.51,False,Low,-1.01
7942,Kishoreganj,2018,24.34322,90.82304,0.51,False,High,12.02
7943,Kishoreganj,2018,24.39388,90.71849,0.51,False,High,12.02
7944,Bogra,2018,24.72675,89.41868,0.51,False,High,39.64
7945,Sirajganj,2018,24.75744,89.75679,0.51,False,High,48.62
7946,Jamalpur,2018,24.82457,89.74282,0.509,False,High,16.99
7947,Jamalpur,2018,24.90093,90.06497,0.509,False,High,16.99
7948,Jamalpur,2018,24.89444,90.15704,0.509,False,High,16.99
7949,Rangpur,2018,25.38078,89.29291,0.507,False,High,75.35
7950,Sunamganj,2018,25.11702,91.42292,0.507,False,High,31.03
7951,Jamalpur,2018,25.397,89.80495,0.507,False,High,16.99
7952,Kurigram,2018,25.64353,89.84663,0.506,False,High,35.15
7953,Dinajpur,2018,25.9824,88.60645,0.506,False,High,39.31
7954,Thakurgaon,2018,26.0635,88.35692,0.505,False,High,14.28
7955,Thakurgaon,2018,26.09044,88.46222,0.505,False,High,14.28
7956,Thakurgaon,2018,26.10542,88.54232,0.505,False,High,14.28
7957,Thakurgaon,2018,26.13511,88.46372,0.505,False,High,14.28
7958,Panchagarh,2018,26.26262,88.35243,0.505,False,High,16.31
7959,Nilphamari,2018,26.17953,88.97476,0.504,False,High,14.39
7960,Nilphamari,2018,26.23742,88.82454,0.504,False,High,14.39
7961,Cox's Bazar,2018,21.37317,92.08883,0.463,False,Medium,1.81
7962,Cox's Bazar,2018,21.43745,92.10763,0.463,False,Medium,1.81
7963,Patuakhali,2018,22.4955,90.50218,0.46,False,High,12.98
7964,Jhalokati,2018,22.63895,90.3416,0.46,False,High,15.14
7965,Pirojpur,2018,22.78689,89.98901,0.46,False,High,9.18
7966,Jessore,2018,23.09372,89.18053,0.459,False,High,7.75
7967,Jessore,2018,23.12292,89.09912,0.459,False,High,7.75
7968,Jessore,2018,23.20152,89.26054,0.459,False,High,7.75
7969,Jessore,2018,23.27956,89.05533,0.459,False,High,7.75
7970,Gopalganj,2018,23.06284,90.00137,0.459,False,Low,-0.76
7971,Gopalganj,2018,23.16025,89.89385,0.458,False,Low,-0.76
7972,Narail,2018,23.25345,89.54098,0.458,False,Low,-8.78
7973,Magura,2018,23.39578,89.36356,0.458,False,High,12.28
7974,Magura,2018,23.39129,89.44048,0.458,False,High,12.28
7975,Jhenaidah,2018,23.45305,89.20748,0.458,False,High,15.44
7976,Magura,2018,23.42301,89.43739,0.458,False,High,12.28
7977,Shariatpur,2018,23.22847,90.34609,0.458,False,High,11.14
7978,Jhenaidah,2018,23.49937,89.17464,0.458,False,High,15.44
7979,Feni,2018,23.07519,91.49762,0.458,False,Low,-4.77
7980,Jhenaidah,2018,23.55523,89.05168,0.458,False,High,15.44
7981,Chandpur,2018,23.35199,90.64282,0.457,False,High,15.78
7982,Comilla,2018,23.31184,91.07008,0.457,False,High,10.87
7983,Comilla,2018,23.32363,91.20792,0.457,False,High,10.87
7984,Comilla,2018,23.45192,90.73995,0.457,False,High,10.87
7985,Kushtia,2018,23.85869,88.93434,0.457,False,High,18.8
7986,Munshiganj,2018,23.56899,90.30511,0.457,False,High,11.83
7987,Rajbari,2018,23.74809,89.47613,0.457,False,High,4.82
7988,Comilla,2018,23.49123,90.81069,0.457,False,High,10.87
7989,Munshiganj,2018,23.58751,90.32672,0.457,False,High,11.83
7990,Comilla,2018,23.52575,90.84887,0.457,False,High,10.87
7991,Narayanganj,2018,23.61222,90.55804,0.456,False,High,31.57
7992,Comilla,2018,23.54793,91.04706,0.456,False,High,10.87
7993,Comilla,2018,23.57011,91.00748,0.456,False,High,10.87
7994,Comilla,2018,23.71215,90.78992,0.456,False,High,10.87
7995,Dhaka,2018,23.8295,90.19198,0.456,False,Low,-5.31
7996,Brahamanbaria,2018,23.74107,90.83371,0.456,False,High,11.9
7997,Narsingdi,2018,23.81406,90.66977,0.456,False,Low,-4.09
7998,Brahamanbaria,2018,23.75791,91.08243,0.456,False,High,11.9
7999,Brahamanbaria,2018,23.7902,90.8921,0.456,False,High,11.9
8000,Pabna,2018,24.17703,89.19653,0.455,False,High,13.38
8001,Narayanganj,2018,23.9168,90.49404,0.455,False,High,31.57
8002,Rajshahi,2018,24.38842,88.54666,0.455,False,Low,-20.24
8003,Tangail,2018,24.06166,89.92276,0.455,False,High,8.96
8004,Natore,2018,24.32385,88.84029,0.455,False,High,9.57
8005,Brahamanbaria,2018,23.87975,91.14223,0.455,False,High,11.9
8006,Tangail,2018,24.06278,90.14201,0.455,False,High,8.96
8007,Rajshahi,2018,24.44119,88.59494,0.455,False,Low,-20.24
8008,Rajshahi,2018,24.396,88.77152,0.455,False,Low,-20.24
8009,Rajshahi,2018,24.39628,88.81671,0.455,False,Low,-20.24
8010,Tangail,2018,24.17086,89.8742,0.455,False,High,8.96
8011,Rajshahi,2018,24.44625,88.79819,0.455,False,Low,-20.24
8012,Rajshahi,2018,24.42435,88.87903,0.455,False,Low,-20.24
8013,Narsingdi,2018,24.02348,90.93674,0.455,False,Low,-4.09
8014,Natore,2018,24.46281,88.89167,0.455,False,High,9.57
8015,Rajshahi,2018,24.51839,88.70751,0.455,False,Low,-20.24
8016,Sirajganj,2018,24.2882,89.64962,0.455,False,High,48.62
8017,Sirajganj,2018,24.35782,89.51375,0.455,False,High,48.62
8018,Sirajganj,2018,24.63545,89.73412,0.453,False,High,48.62
8019,Sirajganj,2018,24.66521,89.73777,0.453,False,High,48.62
8020,Kishoreganj,2018,24.48779,90.81462,0.453,False,High,12.02
8021,Habiganj,2018,24.4033,91.56387,0.453,False,Low,-1.01
8022,Jamalpur,2018,24.83673,89.80991,0.453,False,High,16.99
8023,Mymensingh,2018,24.78115,90.17906,0.453,False,Low,-5.83
8024,Mymensingh,2018,24.79715,90.37248,0.452,False,Low,-5.83
8025,Jamalpur,2018,24.89512,90.014,0.452,False,High,16.99
8026,Jamalpur,2018,24.90158,90.00193,0.452,False,High,16.99
8027,Jamalpur,2018,24.89512,90.07576,0.452,False,High,16.99
8028,Jamalpur,2018,24.90635,90.11562,0.452,False,High,16.99
8029,Sherpur,2018,24.9653,89.99996,0.452,False,High,31.78
8030,Gaibandha,2018,25.10707,89.36862,0.452,False,High,42.66
8031,Sherpur,2018,24.9872,89.95673,0.452,False,High,31.78
8032,Sunamganj,2018,24.95183,91.64248,0.451,False,High,31.03
8033,Jamalpur,2018,25.36225,89.78268,0.451,False,High,16.99
8034,Jamalpur,2018,25.37544,89.80711,0.451,False,High,16.99
8035,Rangpur,2018,25.49306,89.32903,0.451,False,High,75.35
8036,Kurigram,2018,25.67245,89.82928,0.45,False,High,35.15
8037,Thakurgaon,2018,26.01549,88.35857,0.45,False,High,14.28
8038,Dinajpur,2018,25.9936,88.62666,0.449,False,High,39.31
8039,Thakurgaon,2018,26.03093,88.53515,0.449,False,High,14.28
8040,Thakurgaon,2018,26.06967,88.39254,0.449,False,High,14.28
8041,Thakurgaon,2018,26.09522,88.51016,0.449,False,High,14.28
8042,Nilphamari,2018,26.07304,88.83973,0.449,False,High,14.39
8043,Thakurgaon,2018,26.14182,88.60477,0.449,False,High,14.28
8044,Panchagarh,2018,26.20723,88.36475,0.449,False,High,16.31
8045,Panchagarh,2018,26.23277,88.5562,0.448,False,High,16.31
8046,Nilphamari,2018,26.15024,88.92563,0.448,False,High,14.39
8047,Nilphamari,2018,26.17045,88.88268,0.448,False,High,14.39
8048,Nilphamari,2018,26.15978,88.95427,0.448,False,High,14.39
8049,Panchagarh,2018,26.30239,88.45065,0.448,False,High,16.31
8050,Nilphamari,2018,26.18926,88.91525,0.448,False,High,14.39
8051,Cox's Bazar,2018,21.16768,92.15768,0.406,False,Medium,1.81
8052,Cox's Bazar,2018,21.42626,92.03705,0.405,False,Medium,1.81
8053,Cox's Bazar,2018,21.46605,92.19073,0.405,False,Medium,1.81
8054,Chittagong,2018,22.21742,91.84552,0.403,False,Low,-1.19
8055,Chittagong,2018,22.45676,91.84488,0.402,False,Low,-1.19
8056,Jessore,2018,23.09585,88.91092,0.402,False,High,7.75
8057,Chittagong,2018,22.58028,91.7929,0.402,False,Low,-1.19
8058,Jessore,2018,23.11189,88.99465,0.402,False,High,7.75
8059,Jessore,2018,23.12248,88.98663,0.402,False,High,7.75
8060,Gopalganj,2018,22.88282,89.9674,0.402,False,Low,-0.76
8061,Jessore,2018,23.09488,89.26511,0.402,False,High,7.75
8062,Jhenaidah,2018,23.2553,88.7736,0.402,False,High,15.44
8063,Jessore,2018,23.23733,88.89872,0.402,False,High,7.75
8064,Jhenaidah,2018,23.31529,88.75949,0.401,False,High,15.44
8065,Barisal,2018,22.92485,90.56157,0.401,False,High,9.66
8066,Barisal,2018,22.94955,90.45506,0.401,False,High,9.66
8067,Gopalganj,2018,23.07403,89.90548,0.401,False,Low,-0.76
8068,Jessore,2018,23.29893,89.02288,0.401,False,High,7.75
8069,Jhenaidah,2018,23.33486,89.0694,0.401,False,High,15.44
8070,Jessore,2018,23.26653,89.38381,0.401,False,High,7.75
8071,Gopalganj,2018,23.11959,90.08033,0.401,False,Low,-0.76
8072,Jhenaidah,2018,23.34994,89.11368,0.401,False,High,15.44
8073,Gopalganj,2018,23.1645,89.90772,0.401,False,Low,-0.76
8074,Feni,2018,22.91458,91.48298,0.401,False,Low,-4.77
8075,Madaripur,2018,23.1937,90.01552,0.401,False,High,3.68
8076,Feni,2018,22.97714,91.48491,0.401,False,Low,-4.77
8077,Jhenaidah,2018,23.49431,89.16116,0.401,False,High,15.44
8078,Jhenaidah,2018,23.50843,89.24008,0.4,False,High,15.44
8079,Chandpur,2018,23.2168,90.6036,0.4,False,High,15.78
8080,Jhenaidah,2018,23.51966,89.26254,0.4,False,High,15.44
8081,Comilla,2018,23.14782,91.30813,0.4,False,High,10.87
8082,Chandpur,2018,23.28738,90.89748,0.4,False,High,15.78
8083,Chandpur,2018,23.32203,90.81374,0.4,False,High,15.78
8084,Chandpur,2018,23.3647,90.68926,0.4,False,High,15.78
8085,Chandpur,2018,23.35411,90.78358,0.4,False,High,15.78
8086,Chandpur,2018,23.35058,90.89555,0.4,False,High,15.78
8087,Chandpur,2018,23.37272,90.80187,0.4,False,High,15.78
8088,Comilla,2018,23.33326,91.08195,0.4,False,High,10.87
8089,Comilla,2018,23.34705,90.99854,0.4,False,High,10.87
8090,Comilla,2018,23.35475,91.03992,0.4,False,High,10.87
8091,Comilla,2018,23.35572,91.07425,0.4,False,High,10.87
8092,Comilla,2018,23.34737,91.14162,0.4,False,High,10.87
8093,Comilla,2018,23.38202,91.04345,0.4,False,High,10.87
8094,Munshiganj,2018,23.46768,90.51601,0.4,False,High,11.83
8095,Comilla,2018,23.43079,90.75824,0.4,False,High,10.87
8096,Munshiganj,2018,23.52704,90.27154,0.4,False,High,11.83
8097,Comilla,2018,23.5203,90.87534,0.399,False,High,10.87
8098,Comilla,2018,23.50073,91.03607,0.399,False,High,10.87
8099,Munshiganj,2018,23.57227,90.6283,0.399,False,High,11.83
8100,Comilla,2018,23.53089,91.03254,0.399,False,High,10.87
8101,Comilla,2018,23.5418,91.03704,0.399,False,High,10.87
8102,Comilla,2018,23.56329,91.00207,0.399,False,High,10.87
8103,Comilla,2018,23.54821,91.14804,0.399,False,High,10.87
8104,Comilla,2018,23.5896,91.01105,0.399,False,High,10.87
8105,Comilla,2018,23.59184,91.03158,0.399,False,High,10.87
8106,Comilla,2018,23.61879,91.02773,0.399,False,High,10.87
8107,Comilla,2018,23.64799,91.04474,0.399,False,High,10.87
8108,Manikganj,2018,23.8145,90.09477,0.399,False,High,10.22
8109,Brahamanbaria,2018,23.76509,91.09414,0.399,False,High,11.9
8110,Brahamanbaria,2018,23.79525,90.92282,0.399,False,High,11.9
8111,Brahamanbaria,2018,23.80552,90.95394,0.399,False,High,11.9
8112,Pabna,2018,24.15425,89.1849,0.399,False,High,13.38
8113,Natore,2018,24.22323,89.01005,0.398,False,High,9.57
8114,Narsingdi,2018,23.90208,90.69279,0.398,False,Low,-4.09
8115,Narsingdi,2018,23.92133,90.69375,0.398,False,Low,-4.09
8116,Dhaka,2018,24.01502,90.23914,0.398,False,Low,-5.31
8117,Tangail,2018,24.09394,89.88687,0.398,False,High,8.96
8118,Natore,2018,24.31371,88.98406,0.398,False,High,9.57
8119,Tangail,2018,24.10292,90.00397,0.398,False,High,8.96
8120,Tangail,2018,24.10773,90.06365,0.398,False,High,8.96
8121,Narsingdi,2018,23.98871,90.84229,0.398,False,Low,-4.09
8122,Tangail,2018,24.12153,90.06397,0.398,False,High,8.96
8123,Brahamanbaria,2018,23.98967,90.98923,0.398,False,High,11.9
8124,Narsingdi,2018,24.01919,90.95394,0.398,False,Low,-4.09
8125,Natore,2018,24.45134,88.89199,0.398,False,High,9.57
8126,Nawabganj,2018,24.68009,88.10789,0.398,False,High,38.19
8127,Sirajganj,2018,24.3291,89.41076,0.398,False,High,48.62
8128,Sirajganj,2018,24.32654,89.64753,0.398,False,High,48.62
8129,Brahamanbaria,2018,24.0795,91.11403,0.398,False,High,11.9
8130,Tangail,2018,24.272,90.18332,0.398,False,High,8.96
8131,Sirajganj,2018,24.44011,89.55353,0.397,False,High,48.62
8132,Kishoreganj,2018,24.20623,90.86892,0.397,False,High,12.02
8133,Tangail,2018,24.37338,89.92248,0.397,False,High,8.96
8134,Kishoreganj,2018,24.24344,90.81759,0.397,False,High,12.02
8135,Tangail,2018,24.40129,89.94366,0.397,False,High,8.96
8136,Kishoreganj,2018,24.28804,90.8901,0.397,False,High,12.02
8137,Mymensingh,2018,24.3506,90.51665,0.397,False,Low,-5.83
8138,Bogra,2018,24.56812,89.58529,0.397,False,High,39.64
8139,Sirajganj,2018,24.59058,89.60679,0.397,False,High,48.62
8140,Kishoreganj,2018,24.40322,90.66038,0.397,False,High,12.02
8141,Naogaon,2018,24.83537,88.71361,0.397,False,High,22.41
8142,Sirajganj,2018,24.64737,89.57952,0.397,False,High,48.62
8143,Sirajganj,2018,24.66116,89.54712,0.397,False,High,48.62
8144,Kishoreganj,2018,24.49593,90.89844,0.396,False,High,12.02
8145,Jamalpur,2018,24.68554,89.88623,0.396,False,High,16.99
8146,Maulvibazar,2018,24.43081,91.68767,0.396,False,Medium,1.33
8147,Sirajganj,2018,24.71506,89.7749,0.396,False,High,48.62
8148,Tangail,2018,24.7218,89.88719,0.396,False,High,8.96
8149,Tangail,2018,24.74265,89.90067,0.396,False,High,8.96
8150,Mymensingh,2018,24.63357,90.64691,0.396,False,Low,-5.83
8151,Mymensingh,2018,24.73014,90.34533,0.396,False,Low,-5.83
8152,Jamalpur,2018,24.83729,89.85703,0.396,False,High,16.99
8153,Jamalpur,2018,24.86553,89.79287,0.396,False,High,16.99
8154,Jamalpur,2018,24.88927,89.78677,0.396,False,High,16.99
8155,Jamalpur,2018,24.88414,90.13712,0.396,False,High,16.99
8156,Netrakona,2018,24.78692,90.74733,0.396,False,High,50.49
8157,Jamalpur,2018,24.89472,90.09733,0.396,False,High,16.99
8158,Netrakona,2018,24.78917,90.75727,0.396,False,High,50.49
8159,Jamalpur,2018,24.94124,89.90259,0.396,False,High,16.99
8160,Mymensingh,2018,24.8851,90.23368,0.396,False,Low,-5.83
8161,Sherpur,2018,24.91108,90.21636,0.396,False,High,31.78
8162,Mymensingh,2018,24.93547,90.31004,0.395,False,Low,-5.83
8163,Sherpur,2018,25.10679,89.95489,0.395,False,High,31.78
8164,Sherpur,2018,25.20753,89.98825,0.395,False,High,31.78
8165,Jamalpur,2018,25.28741,89.78774,0.395,False,High,16.99
8166,Netrakona,2018,25.13983,90.944,0.394,False,High,50.49
8167,Sunamganj,2018,25.09781,91.32129,0.394,False,High,31.03
8168,Sylhet,2018,25.05802,92.32997,0.394,False,High,13.59
8169,Sylhet,2018,25.13021,91.8622,0.394,False,High,13.59
8170,Kurigram,2018,25.4228,89.81789,0.394,False,High,35.15
8171,Rangpur,2018,25.52964,89.34403,0.394,False,High,75.35
8172,Thakurgaon,2018,25.86073,88.1435,0.394,False,High,14.28
8173,Kurigram,2018,25.60728,89.85639,0.394,False,High,35.15
8174,Nilphamari,2018,25.83539,88.91829,0.393,False,High,14.39
8175,Nilphamari,2018,25.84277,88.91059,0.393,False,High,14.39
8176,Dinajpur,2018,25.97591,88.53523,0.393,False,High,39.31
8177,Dinajpur,2018,26.00992,88.57437,0.393,False,High,39.31
8178,Dinajpur,2018,26.02756,88.62281,0.393,False,High,39.31
8179,Thakurgaon,2018,26.09847,88.37257,0.393,False,High,14.28
8180,Thakurgaon,2018,26.09686,88.53811,0.393,False,High,14.28
8181,Thakurgaon,2018,26.15782,88.31514,0.393,False,High,14.28
8182,Thakurgaon,2018,26.16071,88.32188,0.393,False,High,14.28
8183,Thakurgaon,2018,26.12349,88.46144,0.393,False,High,14.28
8184,Nilphamari,2018,26.01569,88.9369,0.393,False,High,14.39
8185,Thakurgaon,2018,26.18445,88.44828,0.393,False,High,14.28
8186,Panchagarh,2018,26.22166,88.37417,0.393,False,High,16.31
8187,Thakurgaon,2018,26.18477,88.51534,0.393,False,High,14.28
8188,Panchagarh,2018,26.18894,88.57982,0.393,False,High,16.31
8189,Panchagarh,2018,26.24637,88.38508,0.393,False,High,16.31
8190,Panchagarh,2018,26.24091,88.47491,0.392,False,High,16.31
8191,Nilphamari,2018,26.1421,88.88461,0.392,False,High,14.39
8192,Nilphamari,2018,26.14659,88.90546,0.392,False,High,14.39
8193,Nilphamari,2018,26.16488,88.88557,0.392,False,High,14.39
8194,Cox's Bazar,2018,21.15121,92.15854,0.348,False,Medium,1.81
8195,Cox's Bazar,2018,21.20548,92.17127,0.348,False,Medium,1.81
8196,Cox's Bazar,2018,21.38589,92.09641,0.347,False,Medium,1.81
8197,Cox's Bazar,2018,21.54871,92.02042,0.347,False,Medium,1.81
8198,Pirojpur,2018,22.194,89.91911,0.346,False,High,9.18
8199,Pirojpur,2018,22.19325,89.9397,0.346,False,High,9.18
8200,Noakhali,2018,22.16818,91.11949,0.346,False,High,17.85
8201,Satkhira,2018,22.64054,88.99422,0.346,False,High,10.7
8202,Bagerhat,2018,22.4459,89.82629,0.346,False,High,11.87
8203,Chittagong,2018,22.19924,91.84188,0.345,False,Low,-1.19
8204,Bagerhat,2018,22.74759,89.63203,0.345,False,High,11.87
8205,Jhalokati,2018,22.60498,90.29192,0.345,False,High,15.14
8206,Jhalokati,2018,22.63006,90.33646,0.345,False,High,15.14
8207,Bagerhat,2018,22.80448,89.71812,0.345,False,High,11.87
8208,Jessore,2018,22.94222,89.18586,0.345,False,High,7.75
8209,Noakhali,2018,22.57317,91.10264,0.345,False,High,17.85
8210,Noakhali,2018,22.57504,91.11013,0.345,False,High,17.85
8211,Lakshmipur,2018,22.68246,90.88705,0.344,False,Low,-1.16
8212,Noakhali,2018,22.66973,91.09104,0.344,False,High,17.85
8213,Jessore,2018,23.08558,89.10838,0.344,False,High,7.75
8214,Jessore,2018,23.13499,88.97102,0.344,False,High,7.75
8215,Barisal,2018,22.86362,90.06808,0.344,False,High,9.66
8216,Gopalganj,2018,22.88383,89.99585,0.344,False,Low,-0.76
8217,Barisal,2018,22.84603,90.4072,0.344,False,High,9.66
8218,Narail,2018,22.98639,89.74432,0.344,False,Low,-8.78
8219,Jhenaidah,2018,23.25851,88.75205,0.344,False,High,15.44
8220,Jhenaidah,2018,23.24915,88.8314,0.344,False,High,15.44
8221,Jessore,2018,23.23193,88.93209,0.344,False,High,7.75
8222,Gopalganj,2018,23.01858,89.82067,0.344,False,Low,-0.76
8223,Jhenaidah,2018,23.26375,88.88006,0.344,False,High,15.44
8224,Jessore,2018,23.25289,88.93995,0.344,False,High,7.75
8225,Jessore,2018,23.18814,89.26746,0.344,False,High,7.75
8226,Jessore,2018,23.24129,89.11437,0.344,False,High,7.75
8227,Jessore,2018,23.21733,89.2203,0.344,False,High,7.75
8228,Jessore,2018,23.27722,89.01406,0.344,False,High,7.75
8229,Barisal,2018,22.9572,90.4757,0.344,False,High,9.66
8230,Narail,2018,23.17953,89.44338,0.344,False,Low,-8.78
8231,Jessore,2018,23.24353,89.19822,0.344,False,High,7.75
8232,Jhenaidah,2018,23.34609,88.83964,0.344,False,High,15.44
8233,Jessore,2018,23.24728,89.30863,0.344,False,High,7.75
8234,Jhenaidah,2018,23.31166,89.11662,0.344,False,High,15.44
8235,Chuadanga,2018,23.39812,88.81793,0.344,False,Low,-14.74
8236,Gopalganj,2018,23.14846,89.78811,0.344,False,Low,-0.76
8237,Barisal,2018,23.0227,90.43527,0.344,False,High,9.66
8238,Chittagong,2018,22.84753,91.71649,0.344,False,Low,-1.19
8239,Chuadanga,2018,23.42133,88.78911,0.344,False,Low,-14.74
8240,Jessore,2018,23.29032,89.29853,0.344,False,High,7.75
8241,Gopalganj,2018,23.1683,89.82554,0.344,False,Low,-0.76
8242,Jhenaidah,2018,23.36144,89.07582,0.344,False,High,15.44
8243,Chittagong,2018,22.92725,91.54394,0.344,False,Low,-1.19
8244,Jhenaidah,2018,23.42806,88.97251,0.344,False,High,15.44
8245,Jhenaidah,2018,23.42544,89.04251,0.344,False,High,15.44
8246,Madaripur,2018,23.13761,90.27881,0.344,False,High,3.68
8247,Jhenaidah,2018,23.46362,89.0077,0.344,False,High,15.44
8248,Jhenaidah,2018,23.47784,89.00208,0.344,False,High,15.44
8249,Madaripur,2018,23.20311,90.20583,0.343,False,High,3.68
8250,Madaripur,2018,23.22744,90.09316,0.343,False,High,3.68
8251,Magura,2018,23.41346,89.3644,0.343,False,High,12.28
8252,Jhenaidah,2018,23.51939,88.98674,0.343,False,High,15.44
8253,Jhenaidah,2018,23.46063,89.2349,0.343,False,High,15.44
8254,Magura,2018,23.42133,89.38986,0.343,False,High,12.28
8255,Chuadanga,2018,23.59612,88.78574,0.343,False,Low,-14.74
8256,Magura,2018,23.45763,89.33296,0.343,False,High,12.28
8257,Shariatpur,2018,23.2469,90.34656,0.343,False,High,11.14
8258,Jhenaidah,2018,23.5411,89.07882,0.343,False,High,15.44
8259,Chandpur,2018,23.19225,90.69878,0.343,False,High,15.78
8260,Jhenaidah,2018,23.52501,89.23265,0.343,False,High,15.44
8261,Comilla,2018,23.13648,91.31974,0.343,False,High,10.87
8262,Comilla,2018,23.14023,91.27258,0.343,False,High,10.87
8263,Comilla,2018,23.22669,91.27108,0.343,False,High,10.87
8264,Chuadanga,2018,23.7144,88.87108,0.343,False,Low,-14.74
8265,Comilla,2018,23.27947,91.05923,0.343,False,High,10.87
8266,Comilla,2018,23.30005,91.02629,0.343,False,High,10.87
8267,Comilla,2018,23.31989,91.01319,0.343,False,High,10.87
8268,Comilla,2018,23.30454,91.14082,0.343,False,High,10.87
8269,Comilla,2018,23.34759,91.08917,0.343,False,High,10.87
8270,Comilla,2018,23.35844,91.01693,0.343,False,High,10.87
8271,Comilla,2018,23.36331,91.04725,0.343,False,High,10.87
8272,Comilla,2018,23.37903,91.05773,0.343,False,High,10.87
8273,Chandpur,2018,23.43443,90.68381,0.343,False,High,15.78
8274,Comilla,2018,23.3925,90.97089,0.343,False,High,10.87
8275,Comilla,2018,23.38053,91.07083,0.343,False,High,10.87
8276,Comilla,2018,23.38689,91.07794,0.343,False,High,10.87
8277,Chandpur,2018,23.47148,90.66284,0.343,False,High,15.78
8278,Comilla,2018,23.42395,91.01506,0.343,False,High,10.87
8279,Munshiganj,2018,23.54672,90.25299,0.343,False,High,11.83
8280,Munshiganj,2018,23.5572,90.2994,0.343,False,High,11.83
8281,Munshiganj,2018,23.55121,90.41468,0.343,False,High,11.83
8282,Comilla,2018,23.50667,90.77364,0.342,False,High,10.87
8283,Comilla,2018,23.4857,90.92934,0.342,False,High,10.87
8284,Comilla,2018,23.48832,90.93982,0.342,False,High,10.87
8285,Kushtia,2018,23.99774,88.80445,0.342,False,High,18.8
8286,Comilla,2018,23.54073,91.00832,0.342,False,High,10.87
8287,Dhaka,2018,23.70953,90.09017,0.342,False,Low,-5.31
8288,Comilla,2018,23.55944,90.98811,0.342,False,High,10.87
8289,Comilla,2018,23.58602,90.93571,0.342,False,High,10.87
8290,Kushtia,2018,24.04715,88.81269,0.342,False,High,18.8
8291,Manikganj,2018,23.75408,90.0737,0.342,False,High,10.22
8292,Comilla,2018,23.61259,91.02404,0.342,False,High,10.87
8293,Comilla,2018,23.64366,90.85823,0.342,False,High,10.87
8294,Comilla,2018,23.66462,90.79647,0.342,False,High,10.87
8295,Comilla,2018,23.65339,91.05062,0.342,False,High,10.87
8296,Comilla,2018,23.71365,90.79871,0.342,False,High,10.87
8297,Manikganj,2018,23.81733,90.19273,0.342,False,High,10.22
8298,Pabna,2018,24.07747,89.04812,0.342,False,High,13.38
8299,Comilla,2018,23.68296,91.12735,0.342,False,High,10.87
8300,Narsingdi,2018,23.80648,90.65798,0.342,False,Low,-4.09
8301,Brahamanbaria,2018,23.77653,91.10489,0.342,False,High,11.9
8302,Narsingdi,2018,23.86412,90.66097,0.342,False,Low,-4.09
8303,Natore,2018,24.23617,88.95717,0.342,False,High,9.57
8304,Natore,2018,24.26125,88.98299,0.341,False,High,9.57
8305,Rajshahi,2018,24.34285,88.69741,0.341,False,Low,-20.24
8306,Sirajganj,2018,24.08271,89.80233,0.341,False,High,48.62
8307,Dhaka,2018,24.02095,90.12124,0.341,False,Low,-5.31
8308,Rajshahi,2018,24.33686,88.79659,0.341,False,Low,-20.24
8309,Tangail,2018,24.05314,90.04301,0.341,False,High,8.96
8310,Sirajganj,2018,24.10367,89.80308,0.341,False,High,48.62
8311,Tangail,2018,24.0464,90.10701,0.341,False,High,8.96
8312,Natore,2018,24.34322,88.8853,0.341,False,High,9.57
8313,Brahamanbaria,2018,23.89856,91.13184,0.341,False,High,11.9
8314,Tangail,2018,24.07036,90.0752,0.341,False,High,8.96
8315,Narsingdi,2018,23.95732,90.73396,0.341,False,Low,-4.09
8316,Natore,2018,24.31403,89.02529,0.341,False,High,9.57
8317,Tangail,2018,24.1164,89.87944,0.341,False,High,8.96
8318,Tangail,2018,24.07335,90.11712,0.341,False,High,8.96
8319,Rajshahi,2018,24.37466,88.82317,0.341,False,Low,-20.24
8320,Tangail,2018,24.12313,89.87158,0.341,False,High,8.96
8321,Gazipur,2018,23.994,90.56815,0.341,False,Medium,1.1
8322,Tangail,2018,24.08271,90.1014,0.341,False,High,8.96
8323,Rajshahi,2018,24.38926,88.8198,0.341,False,Low,-20.24
8324,Tangail,2018,24.1164,89.98873,0.341,False,High,8.96
8325,Sirajganj,2018,24.21334,89.6077,0.341,False,High,48.62
8326,Rajshahi,2018,24.41284,88.8052,0.341,False,Low,-20.24
8327,Rajshahi,2018,24.40723,88.82766,0.341,False,Low,-20.24
8328,Gazipur,2018,24.01983,90.6198,0.341,False,Medium,1.1
8329,Rajshahi,2018,24.42519,88.7659,0.341,False,Low,-20.24
8330,Gazipur,2018,24.03106,90.64825,0.341,False,Medium,1.1
8331,Gazipur,2018,24.04416,90.61194,0.341,False,Medium,1.1
8332,Natore,2018,24.39637,88.97177,0.341,False,High,9.57
8333,Nawabganj,2018,24.69506,88.04126,0.341,False,High,38.19
8334,Natore,2018,24.43455,88.94819,0.341,False,High,9.57
8335,Brahamanbaria,2018,24.01159,91.10863,0.341,False,High,11.9
8336,Narsingdi,2018,24.07373,90.70851,0.341,False,Low,-4.09
8337,Brahamanbaria,2018,24.02357,91.22878,0.341,False,High,11.9
8338,Gazipur,2018,24.13062,90.49104,0.341,False,Medium,1.1
8339,Sirajganj,2018,24.29905,89.68069,0.341,False,High,48.62
8340,Rajshahi,2018,24.5139,88.81119,0.341,False,Low,-20.24
8341,Sirajganj,2018,24.31889,89.67994,0.341,False,High,48.62
8342,Tangail,2018,24.31028,89.85885,0.341,False,High,8.96
8343,Brahamanbaria,2018,24.0872,91.28455,0.341,False,High,11.9
8344,Kishoreganj,2018,24.13586,90.91437,0.341,False,High,12.02
8345,Habiganj,2018,24.08196,91.34594,0.341,False,Low,-1.01
8346,Rajshahi,2018,24.56106,88.83777,0.341,False,Low,-20.24
8347,Rajshahi,2018,24.5678,88.84862,0.341,False,Low,-20.24
8348,Tangail,2018,24.29007,90.18187,0.341,False,High,8.96
8349,Kishoreganj,2018,24.19799,90.83278,0.341,False,High,12.02
8350,Tangail,2018,24.3129,90.16503,0.341,False,High,8.96
8351,Gazipur,2018,24.27697,90.50639,0.341,False,Medium,1.1
8352,Mymensingh,2018,24.28071,90.60782,0.341,False,Low,-5.83
8353,Kishoreganj,2018,24.26724,90.83802,0.34,False,High,12.02
8354,Mymensingh,2018,24.30654,90.59809,0.34,False,Low,-5.83
8355,Kishoreganj,2018,24.26537,90.87732,0.34,False,High,12.02
8356,Kishoreganj,2018,24.2766,90.8601,0.34,False,High,12.02
8357,Kishoreganj,2018,24.29793,90.77214,0.34,False,High,12.02
8358,Kishoreganj,2018,24.29868,90.78636,0.34,False,High,12.02
8359,Kishoreganj,2018,24.37017,90.77102,0.34,False,High,12.02
8360,Kishoreganj,2018,24.40161,90.67258,0.34,False,High,12.02
8361,Habiganj,2018,24.30504,91.47507,0.34,False,Low,-1.01
8362,Tangail,2018,24.53636,89.97676,0.34,False,High,8.96
8363,Naogaon,2018,24.86836,88.72959,0.34,False,High,22.41
8364,Tangail,2018,24.61234,89.89815,0.34,False,High,8.96
8365,Tangail,2018,24.63592,90.00895,0.34,False,High,8.96
8366,Jamalpur,2018,24.68421,89.85548,0.34,False,High,16.99
8367,Tangail,2018,24.67373,89.97713,0.34,False,High,8.96
8368,Sirajganj,2018,24.73174,89.75891,0.34,False,High,48.62
8369,Sirajganj,2018,24.73811,89.77613,0.34,False,High,48.62
8370,Sirajganj,2018,24.74784,89.77276,0.34,False,High,48.62
8371,Maulvibazar,2018,24.49182,91.7543,0.34,False,Medium,1.33
8372,Mymensingh,2018,24.75607,90.19347,0.339,False,Low,-5.83
8373,Mymensingh,2018,24.76056,90.22379,0.339,False,Low,-5.83
8374,Mymensingh,2018,24.79537,90.23614,0.339,False,Low,-5.83
8375,Jamalpur,2018,24.88296,89.7911,0.339,False,High,16.99
8376,Mymensingh,2018,24.81222,90.16765,0.339,False,Low,-5.83
8377,Naogaon,2018,25.09743,88.90664,0.339,False,High,22.41
8378,Jamalpur,2018,24.88932,89.848,0.339,False,High,16.99
8379,Mymensingh,2018,24.79762,90.46409,0.339,False,Low,-5.83
8380,Bogra,2018,25.04091,89.2843,0.339,False,High,39.64
8381,Jamalpur,2018,24.94884,89.76341,0.339,False,High,16.99
8382,Jamalpur,2018,24.88371,90.13022,0.339,False,High,16.99
8383,Mymensingh,2018,24.86574,90.25711,0.339,False,Low,-5.83
8384,Mymensingh,2018,24.84291,90.40757,0.339,False,Low,-5.83
8385,Jamalpur,2018,24.91889,90.00445,0.339,False,High,16.99
8386,Mymensingh,2018,24.87173,90.36528,0.339,False,Low,-5.83
8387,Bogra,2018,25.05626,89.45311,0.339,False,High,39.64
8388,Sherpur,2018,24.95333,89.95804,0.339,False,High,31.78
8389,Sherpur,2018,24.98065,89.96328,0.339,False,High,31.78
8390,Netrakona,2018,24.86312,90.70851,0.339,False,High,50.49
8391,Netrakona,2018,24.87285,90.68643,0.339,False,High,50.49
8392,Jamalpur,2018,25.03156,89.83377,0.339,False,High,16.99
8393,Sherpur,2018,25.09556,89.94082,0.339,False,High,31.78
8394,Netrakona,2018,24.95333,90.93945,0.339,False,High,50.49
8395,Gaibandha,2018,25.28046,89.36665,0.338,False,High,42.66
8396,Sunamganj,2018,24.96081,91.39235,0.338,False,High,31.03
8397,Sunamganj,2018,24.96081,91.62853,0.338,False,High,31.03
8398,Jamalpur,2018,25.25052,89.81057,0.338,False,High,16.99
8399,Dinajpur,2018,25.43355,89.01294,0.338,False,High,39.31
8400,Sylhet,2018,25.00797,91.82429,0.338,False,High,13.59
8401,Jamalpur,2018,25.28308,89.85174,0.338,False,High,16.99
8402,Sunamganj,2018,25.11353,90.98287,0.338,False,High,31.03
8403,Kurigram,2018,25.66487,89.5946,0.337,False,High,35.15
8404,Kurigram,2018,25.68733,89.57439,0.337,False,High,35.15
8405,Kurigram,2018,25.63942,89.82779,0.337,False,High,35.15
8406,Kurigram,2018,25.63979,89.86222,0.337,False,High,35.15
8407,Kurigram,2018,25.6615,89.82816,0.337,False,High,35.15
8408,Dinajpur,2018,25.97778,88.56752,0.337,False,High,39.31
8409,Dinajpur,2018,25.98976,88.53496,0.337,False,High,39.31
8410,Dinajpur,2018,25.99874,88.57351,0.337,False,High,39.31
8411,Dinajpur,2018,25.99949,88.59148,0.337,False,High,39.31
8412,Thakurgaon,2018,26.11702,88.2868,0.337,False,High,14.28
8413,Thakurgaon,2018,26.15408,88.33396,0.337,False,High,14.28
8414,Thakurgaon,2018,26.12451,88.47657,0.337,False,High,14.28
8415,Thakurgaon,2018,26.14621,88.47358,0.337,False,High,14.28
8416,Nilphamari,2018,26.06537,88.80895,0.337,False,High,14.39
8417,Thakurgaon,2018,26.14172,88.54132,0.337,False,High,14.28
8418,Thakurgaon,2018,26.15482,88.57538,0.337,False,High,14.28
8419,Thakurgaon,2018,26.19263,88.47395,0.337,False,High,14.28
8420,Panchagarh,2018,26.21658,88.4339,0.337,False,High,16.31
8421,Panchagarh,2018,26.26262,88.41668,0.336,False,High,16.31
8422,Panchagarh,2018,26.23942,88.51999,0.336,False,High,16.31
8423,Panchagarh,2018,26.28059,88.46122,0.336,False,High,16.31
8424,Nilphamari,2018,26.18327,88.9407,0.336,False,High,14.39
8425,Panchagarh,2018,26.26636,88.73072,0.336,False,High,16.31
8426,Panchagarh,2018,26.26412,88.74457,0.336,False,High,16.31
8427,Cox's Bazar,2018,21.20855,92.12156,0.29,False,Medium,1.81
8428,Cox's Bazar,2018,21.4228,92.10629,0.289,False,Medium,1.81
8429,Cox's Bazar,2018,21.4219,92.21274,0.289,False,Medium,1.81
8430,Cox's Bazar,2018,21.45559,92.12605,0.289,False,Medium,1.81
8431,Cox's Bazar,2018,21.47131,92.20241,0.289,False,Medium,1.81
8432,Cox's Bazar,2018,21.48658,92.20645,0.289,False,Medium,1.81
8433,Cox's Bazar,2018,21.54003,92.05418,0.289,False,Medium,1.81
8434,Cox's Bazar,2018,21.77045,92.10449,0.289,False,Medium,1.81
8435,Satkhira,2018,22.47383,89.02102,0.288,False,High,10.7
8436,Chittagong,2018,21.95325,92.15525,0.288,False,Low,-1.19
8437,Chittagong,2018,21.97975,92.13728,0.288,False,Low,-1.19
8438,Bagerhat,2018,22.34851,89.84882,0.288,False,High,11.87
8439,Noakhali,2018,22.12708,91.07637,0.288,False,High,17.85
8440,Bagerhat,2018,22.39073,89.82771,0.288,False,High,11.87
8441,Bagerhat,2018,22.45721,89.84613,0.288,False,High,11.87
8442,Chittagong,2018,22.14684,91.90102,0.288,False,Low,-1.19
8443,Chittagong,2018,22.16256,91.89473,0.288,False,Low,-1.19
8444,Patuakhali,2018,22.40915,90.56163,0.288,False,High,12.98
8445,Chittagong,2018,22.25509,91.81478,0.288,False,Low,-1.19
8446,Patuakhali,2018,22.44778,90.55849,0.288,False,High,12.98
8447,Jhalokati,2018,22.59016,90.16458,0.288,False,High,15.14
8448,Barisal,2018,22.54255,90.44261,0.288,False,High,9.66
8449,Jessore,2018,22.94769,88.90559,0.287,False,High,7.75
8450,Barisal,2018,22.57354,90.48348,0.287,False,High,9.66
8451,Jhalokati,2018,22.60902,90.3649,0.287,False,High,15.14
8452,Rangamati,2018,22.37905,92.14941,0.287,False,Medium,1.49
8453,Jessore,2018,23.00338,88.95679,0.287,False,High,7.75
8454,Jessore,2018,22.98362,89.10142,0.287,False,High,7.75
8455,Jessore,2018,23.04381,88.91098,0.287,False,High,7.75
8456,Bagerhat,2018,22.81294,89.81379,0.287,False,High,11.87
8457,Jessore,2018,23.05099,88.90918,0.287,False,High,7.75
8458,Chittagong,2018,22.47473,92.09865,0.287,False,Low,-1.19
8459,Jessore,2018,23.07525,88.91772,0.287,False,High,7.75
8460,Barisal,2018,22.73434,90.41745,0.287,False,High,9.66
8461,Jessore,2018,23.07839,89.02686,0.287,False,High,7.75
8462,Chittagong,2018,22.56456,91.782,0.287,False,Low,-1.19
8463,Jessore,2018,23.12017,88.95634,0.287,False,High,7.75
8464,Chittagong,2018,22.59151,91.82017,0.287,False,Low,-1.19
8465,Chittagong,2018,22.5969,91.79278,0.287,False,Low,-1.19
8466,Khulna,2018,22.9405,89.71048,0.287,False,High,22.68
8467,Chittagong,2018,22.60992,91.81433,0.287,False,Low,-1.19
8468,Gopalganj,2018,22.90232,89.93416,0.287,False,Low,-0.76
8469,Barisal,2018,22.81114,90.42284,0.287,False,High,9.66
8470,Gopalganj,2018,22.89918,90.01546,0.287,False,Low,-0.76
8471,Barisal,2018,22.86909,90.16503,0.287,False,High,9.66
8472,Lakshmipur,2018,22.73569,90.97037,0.287,False,Low,-1.16
8473,Jessore,2018,23.13454,89.20338,0.287,False,High,7.75
8474,Jhenaidah,2018,23.25132,88.84181,0.287,False,High,15.44
8475,Barisal,2018,22.86684,90.47001,0.287,False,High,9.66
8476,Chittagong,2018,22.70874,91.58077,0.287,False,Low,-1.19
8477,Noakhali,2018,22.76353,91.14778,0.287,False,High,17.85
8478,Barisal,2018,22.87448,90.45833,0.287,False,High,9.66
8479,Jessore,2018,23.23515,88.92625,0.287,False,High,7.75
8480,Barisal,2018,22.91715,90.27866,0.287,False,High,9.66
8481,Barisal,2018,22.88166,90.46641,0.287,False,High,9.66
8482,Noakhali,2018,22.76982,91.19899,0.287,False,High,17.85
8483,Barisal,2018,22.8893,90.48123,0.287,False,High,9.66
8484,Noakhali,2018,22.80216,91.15003,0.287,False,High,17.85
8485,Barisal,2018,22.93421,90.34334,0.287,False,High,9.66
8486,Jessore,2018,23.14397,89.41269,0.287,False,High,7.75
8487,Jessore,2018,23.18574,89.25369,0.287,False,High,7.75
8488,Jessore,2018,23.23066,89.10142,0.287,False,High,7.75
8489,Gopalganj,2018,23.03438,89.90991,0.287,False,Low,-0.76
8490,Chittagong,2018,22.74332,91.87273,0.287,False,Low,-1.19
8491,Narail,2018,23.1534,89.44458,0.287,False,Low,-8.78
8492,Jessore,2018,23.21584,89.20653,0.287,False,High,7.75
8493,Lakshmipur,2018,22.85965,90.9021,0.287,False,Low,-1.16
8494,Jhenaidah,2018,23.31824,88.86202,0.287,False,High,15.44
8495,Gopalganj,2018,23.04066,89.98132,0.287,False,Low,-0.76
8496,Narail,2018,23.15924,89.48905,0.287,False,Low,-8.78
8497,Gopalganj,2018,23.05728,89.95437,0.287,False,Low,-0.76
8498,Narail,2018,23.17406,89.45671,0.287,False,Low,-8.78
8499,Chittagong,2018,22.79273,91.72046,0.287,False,Low,-1.19
8500,Gopalganj,2018,23.06447,89.97953,0.287,False,Low,-0.76
8501,Jessore,2018,23.22033,89.34442,0.287,False,High,7.75
8502,Jessore,2018,23.24413,89.27749,0.287,False,High,7.75
8503,Jessore,2018,23.31869,89.02013,0.287,False,High,7.75
8504,Gopalganj,2018,23.05818,90.08957,0.287,False,Low,-0.76
8505,Gopalganj,2018,23.11657,89.84163,0.287,False,Low,-0.76
8506,Barisal,2018,23.04426,90.20276,0.287,False,High,9.66
8507,Jhenaidah,2018,23.35373,88.93434,0.287,False,High,15.44
8508,Gopalganj,2018,23.10534,89.9683,0.287,False,Low,-0.76
8509,Jessore,2018,23.24997,89.35654,0.287,False,High,7.75
8510,Gopalganj,2018,23.13184,89.8861,0.287,False,Low,-0.76
8511,Madaripur,2018,23.12241,89.94629,0.287,False,High,3.68
8512,Shariatpur,2018,23.02225,90.45159,0.287,False,High,11.14
8513,Jessore,2018,23.27782,89.32016,0.287,False,High,7.75
8514,Barisal,2018,23.02899,90.47046,0.287,False,High,9.66
8515,Barisal,2018,23.03033,90.47989,0.286,False,High,9.66
8516,Gopalganj,2018,23.14936,89.90317,0.286,False,Low,-0.76
8517,Jhenaidah,2018,23.38382,88.97072,0.286,False,High,15.44
8518,Feni,2018,22.90053,91.45591,0.286,False,Low,-4.77
8519,Shariatpur,2018,23.05099,90.43722,0.286,False,High,11.14
8520,Jessore,2018,23.30387,89.29231,0.286,False,High,7.75
8521,Gopalganj,2018,23.17361,89.90586,0.286,False,Low,-0.76
8522,Madaripur,2018,23.14801,90.03208,0.286,False,High,3.68
8523,Gopalganj,2018,23.1835,89.90721,0.286,False,Low,-0.76
8524,Shariatpur,2018,23.07615,90.44395,0.286,False,High,11.14
8525,Gopalganj,2018,23.20236,89.83984,0.286,False,Low,-0.76
8526,Magura,2018,23.32813,89.33409,0.286,False,High,12.28
8527,Jhenaidah,2018,23.42155,89.07941,0.286,False,High,15.44
8528,Jhenaidah,2018,23.39864,89.16386,0.286,False,High,15.44
8529,Magura,2018,23.34834,89.45087,0.286,False,High,12.28
8530,Jhenaidah,2018,23.46961,89.05606,0.286,False,High,15.44
8531,Jhenaidah,2018,23.4485,89.23482,0.286,False,High,15.44
8532,Jhenaidah,2018,23.45883,89.18901,0.286,False,High,15.44
8533,Jhenaidah,2018,23.46422,89.18092,0.286,False,High,15.44
8534,Chandpur,2018,23.13813,90.70492,0.286,False,High,15.78
8535,Jhenaidah,2018,23.48847,89.09469,0.286,False,High,15.44
8536,Magura,2018,23.40269,89.42571,0.286,False,High,12.28
8537,Magura,2018,23.4229,89.37047,0.286,False,High,12.28
8538,Magura,2018,23.40358,89.46838,0.286,False,High,12.28
8539,Magura,2018,23.42829,89.37361,0.286,False,High,12.28
8540,Jhenaidah,2018,23.45883,89.24785,0.286,False,High,15.44
8541,Magura,2018,23.41751,89.44727,0.286,False,High,12.28
8542,Jhenaidah,2018,23.48937,89.17014,0.286,False,High,15.44
8543,Magura,2018,23.45703,89.30893,0.286,False,High,12.28
8544,Magura,2018,23.43008,89.42527,0.286,False,High,12.28
8545,Jhenaidah,2018,23.47769,89.26716,0.286,False,High,15.44
8546,Jhenaidah,2018,23.47769,89.28558,0.286,False,High,15.44
8547,Magura,2018,23.44985,89.41359,0.286,False,High,12.28
8548,Comilla,2018,23.12196,91.33104,0.286,False,High,10.87
8549,Feni,2018,23.11073,91.48241,0.286,False,Low,-4.77
8550,Comilla,2018,23.14128,91.2448,0.286,False,High,10.87
8551,Feni,2018,23.12331,91.4339,0.286,False,Low,-4.77
8552,Shariatpur,2018,23.30657,90.24183,0.286,False,High,11.14
8553,Comilla,2018,23.14891,91.25963,0.286,False,High,10.87
8554,Comilla,2018,23.16598,91.12847,0.286,False,High,10.87
8555,Chuadanga,2018,23.60885,88.98599,0.286,False,Low,-14.74
8556,Comilla,2018,23.17317,91.20258,0.286,False,High,10.87
8557,Faridpur,2018,23.38562,89.9912,0.286,False,High,8.19
8558,Chuadanga,2018,23.64433,88.98464,0.286,False,Low,-14.74
8559,Feni,2018,23.18035,91.45591,0.286,False,Low,-4.77
8560,Comilla,2018,23.20191,91.29331,0.286,False,High,10.87
8561,Feni,2018,23.18889,91.48106,0.286,False,Low,-4.77
8562,Chandpur,2018,23.27647,90.83203,0.286,False,High,15.78
8563,Feni,2018,23.20056,91.41009,0.286,False,Low,-4.77
8564,Faridpur,2018,23.43278,90.01276,0.286,False,High,8.19
8565,Faridpur,2018,23.5024,89.79986,0.286,False,High,8.19
8566,Chuadanga,2018,23.76111,88.83417,0.286,False,Low,-14.74
8567,Comilla,2018,23.28366,91.17159,0.286,False,High,10.87
8568,Chandpur,2018,23.35418,90.69908,0.286,False,High,15.78
8569,Chandpur,2018,23.32588,90.90165,0.286,False,High,15.78
8570,Comilla,2018,23.31914,91.05795,0.286,False,High,10.87
8571,Comilla,2018,23.33082,91.04672,0.286,False,High,10.87
8572,Jhenaidah,2018,23.73641,89.06953,0.286,False,High,15.44
8573,Comilla,2018,23.32094,91.25513,0.286,False,High,10.87
8574,Rajbari,2018,23.63625,89.50162,0.286,False,High,4.82
8575,Chandpur,2018,23.39146,90.7907,0.286,False,High,15.78
8576,Chuadanga,2018,23.81007,88.89212,0.286,False,Low,-14.74
8577,Munshiganj,2018,23.47275,90.38601,0.286,False,High,11.83
8578,Chandpur,2018,23.3964,90.89985,0.286,False,High,15.78
8579,Kushtia,2018,23.78492,89.04842,0.286,False,High,18.8
8580,Munshiganj,2018,23.51857,90.2616,0.286,False,High,11.83
8581,Chandpur,2018,23.42829,90.81496,0.286,False,High,15.78
8582,Comilla,2018,23.37888,91.19405,0.286,False,High,10.87
8583,Comilla,2018,23.40224,91.06289,0.286,False,High,10.87
8584,Comilla,2018,23.40493,91.04538,0.286,False,High,10.87
8585,Comilla,2018,23.41526,90.99911,0.286,False,High,10.87
8586,Comilla,2018,23.40763,91.14599,0.285,False,High,10.87
8587,Comilla,2018,23.39415,91.25693,0.285,False,High,10.87
8588,Comilla,2018,23.43233,90.98249,0.285,False,High,10.87
8589,Kushtia,2018,23.86397,88.93074,0.285,False,High,18.8
8590,Kushtia,2018,23.87205,88.91906,0.285,False,High,18.8
8591,Comilla,2018,23.47365,90.78307,0.285,False,High,10.87
8592,Rajbari,2018,23.69823,89.64445,0.285,False,High,4.82
8593,Munshiganj,2018,23.51138,90.607,0.285,False,High,11.83
8594,Dhaka,2018,23.59088,90.18075,0.285,False,Low,-5.31
8595,Comilla,2018,23.46826,90.90434,0.285,False,High,10.87
8596,Rajbari,2018,23.68296,89.77202,0.285,False,High,4.82
8597,Comilla,2018,23.46422,91.02921,0.285,False,High,10.87
8598,Comilla,2018,23.4723,90.99597,0.285,False,High,10.87
8599,Comilla,2018,23.47725,90.96588,0.285,False,High,10.87
8600,Comilla,2018,23.48937,90.9551,0.285,False,High,10.87
8601,Munshiganj,2018,23.53474,90.64967,0.285,False,High,11.83
8602,Narayanganj,2018,23.5837,90.43767,0.285,False,High,31.57
8603,Munshiganj,2018,23.5554,90.59936,0.285,False,High,11.83
8604,Munshiganj,2018,23.58953,90.41072,0.285,False,High,11.83
8605,Munshiganj,2018,23.60705,90.32133,0.285,False,High,11.83
8606,Munshiganj,2018,23.60615,90.34694,0.285,False,High,11.83
8607,Comilla,2018,23.5271,90.86437,0.285,False,High,10.87
8608,Rajbari,2018,23.7683,89.60313,0.285,False,High,4.82
8609,Comilla,2018,23.52216,90.9551,0.285,False,High,10.87
8610,Munshiganj,2018,23.5828,90.60924,0.285,False,High,11.83
8611,Comilla,2018,23.52306,91.02067,0.285,False,High,10.87
8612,Munshiganj,2018,23.62816,90.37523,0.285,False,High,11.83
8613,Munshiganj,2018,23.63939,90.31729,0.285,False,High,11.83
8614,Comilla,2018,23.53339,90.99372,0.285,False,High,10.87
8615,Comilla,2018,23.54147,90.94432,0.285,False,High,10.87
8616,Munshiganj,2018,23.63939,90.39455,0.285,False,High,11.83
8617,Kushtia,2018,24.0104,88.80228,0.285,False,High,18.8
8618,Comilla,2018,23.59403,90.69189,0.285,False,High,10.87
8619,Comilla,2018,23.56842,90.98923,0.285,False,High,10.87
8620,Comilla,2018,23.60481,90.83607,0.285,False,High,10.87
8621,Comilla,2018,23.58504,90.96992,0.285,False,High,10.87
8622,Narayanganj,2018,23.64433,90.60341,0.285,False,High,31.57
8623,Comilla,2018,23.58145,91.15632,0.285,False,High,10.87
8624,Dhaka,2018,23.70721,90.34334,0.285,False,Low,-5.31
8625,Comilla,2018,23.62726,90.83382,0.285,False,High,10.87
8626,Comilla,2018,23.60211,91.05346,0.285,False,High,10.87
8627,Comilla,2018,23.62367,90.96049,0.285,False,High,10.87
8628,Comilla,2018,23.62726,91.0081,0.285,False,High,10.87
8629,Dhaka,2018,23.74135,90.31056,0.285,False,Low,-5.31
8630,Comilla,2018,23.63715,91.00136,0.285,False,High,10.87
8631,Manikganj,2018,23.82849,89.92563,0.285,False,High,10.22
8632,Manikganj,2018,23.81366,90.11697,0.285,False,High,10.22
8633,Dhaka,2018,23.78402,90.28091,0.285,False,Low,-5.31
8634,Brahamanbaria,2018,23.64837,91.18866,0.285,False,High,11.9
8635,Pabna,2018,24.08361,89.04079,0.285,False,High,13.38
8636,Comilla,2018,23.67353,91.15767,0.285,False,High,10.87
8637,Brahamanbaria,2018,23.75797,90.82125,0.285,False,High,11.9
8638,Brahamanbaria,2018,23.75572,90.86392,0.285,False,High,11.9
8639,Narayanganj,2018,23.79615,90.63979,0.285,False,High,31.57
8640,Comilla,2018,23.75617,91.00136,0.285,False,High,10.87
8641,Brahamanbaria,2018,23.78806,90.81316,0.285,False,High,11.9
8642,Brahamanbaria,2018,23.78447,90.83787,0.285,False,High,11.9
8643,Brahamanbaria,2018,23.78088,91.07951,0.285,False,High,11.9
8644,Natore,2018,24.21791,88.96353,0.285,False,High,9.57
8645,Natore,2018,24.22195,88.97746,0.285,False,High,9.57
8646,Dhaka,2018,23.95245,90.18479,0.285,False,Low,-5.31
8647,Natore,2018,24.18287,89.15891,0.285,False,High,9.57
8648,Narsingdi,2018,23.88239,90.6326,0.285,False,Low,-4.09
8649,Brahamanbaria,2018,23.81995,91.20034,0.285,False,High,11.9
8650,Dhaka,2018,24.01489,90.00603,0.285,False,Low,-5.31
8651,Narayanganj,2018,23.92506,90.49785,0.285,False,High,31.57
8652,Tangail,2018,24.04768,89.86724,0.285,False,High,8.96
8653,Tangail,2018,24.03555,89.98896,0.285,False,High,8.96
8654,Tangail,2018,24.05262,89.9126,0.285,False,High,8.96
8655,Rajshahi,2018,24.36523,88.68371,0.285,False,Low,-20.24
8656,Tangail,2018,24.04453,90.05274,0.285,False,High,8.96
8657,Natore,2018,24.28708,89.0062,0.285,False,High,9.57
8658,Gazipur,2018,23.98075,90.45518,0.284,False,Medium,1.1
8659,Tangail,2018,24.05666,90.05184,0.284,False,High,8.96
8660,Rajshahi,2018,24.39038,88.70976,0.284,False,Low,-20.24
8661,Brahamanbaria,2018,23.89856,91.1653,0.284,False,High,11.9
8662,Tangail,2018,24.07103,90.10125,0.284,False,High,8.96
8663,Brahamanbaria,2018,23.91383,91.14329,0.284,False,High,11.9
8664,Rajshahi,2018,24.40071,88.74614,0.284,False,Low,-20.24
8665,Rajshahi,2018,24.40431,88.73177,0.284,False,Low,-20.24
8666,Rajshahi,2018,24.44608,88.60151,0.284,False,Low,-20.24
8667,Tangail,2018,24.10607,90.02848,0.284,False,High,8.96
8668,Rajshahi,2018,24.45506,88.6096,0.284,False,Low,-20.24
8669,Tangail,2018,24.10202,90.08732,0.284,False,High,8.96
8670,Narsingdi,2018,23.99153,90.73456,0.284,False,Low,-4.09
8671,Rajshahi,2018,24.44024,88.67966,0.284,False,Low,-20.24
8672,Rajshahi,2018,24.39757,88.83642,0.284,False,Low,-20.24
8673,Natore,2018,24.3832,88.90739,0.284,False,High,9.57
8674,Narsingdi,2018,24.00905,90.7386,0.284,False,Low,-4.09
8675,Tangail,2018,24.17389,89.85197,0.284,False,High,8.96
8676,Tangail,2018,24.17793,89.83714,0.284,False,High,8.96
8677,Rajshahi,2018,24.42676,88.81531,0.284,False,Low,-20.24
8678,Rajshahi,2018,24.47752,88.63744,0.284,False,Low,-20.24
8679,Natore,2018,24.37376,89.03764,0.284,False,High,9.57
8680,Sirajganj,2018,24.2727,89.49039,0.284,False,High,48.62
8681,Tangail,2018,24.19635,89.87397,0.284,False,High,8.96
8682,Nawabganj,2018,24.67919,88.06117,0.284,False,High,38.19
8683,Tangail,2018,24.20488,89.86813,0.284,False,High,8.96
8684,Narsingdi,2018,24.05935,90.73815,0.284,False,Low,-4.09
8685,Tangail,2018,24.21836,89.85241,0.284,False,High,8.96
8686,Natore,2018,24.34906,89.27974,0.284,False,High,9.57
8687,Rajshahi,2018,24.47393,88.80004,0.284,False,Low,-20.24
8688,Brahamanbaria,2018,24.01758,91.0611,0.284,False,High,11.9
8689,Narsingdi,2018,24.03106,90.96408,0.284,False,Low,-4.09
8690,Natore,2018,24.42901,89.04168,0.284,False,High,9.57
8691,Rajshahi,2018,24.47842,88.85484,0.284,False,Low,-20.24
8692,Natore,2018,24.37376,89.29321,0.284,False,High,9.57
8693,Tangail,2018,24.24575,89.87128,0.284,False,High,8.96
8694,Sirajganj,2018,24.28708,89.67724,0.284,False,High,48.62
8695,Tangail,2018,24.21027,90.14167,0.284,False,High,8.96
8696,Tangail,2018,24.27495,89.81738,0.284,False,High,8.96
8697,Tangail,2018,24.26776,89.87173,0.284,False,High,8.96
8698,Rajshahi,2018,24.52244,88.86517,0.284,False,Low,-20.24
8699,Tangail,2018,24.27585,89.92114,0.284,False,High,8.96
8700,Narsingdi,2018,24.1173,90.84281,0.284,False,Low,-4.09
8701,Sirajganj,2018,24.36972,89.49578,0.284,False,High,48.62
8702,Rajshahi,2018,24.54849,88.78207,0.284,False,Low,-20.24
8703,Habiganj,2018,24.0607,91.36069,0.284,False,Low,-1.01
8704,Kishoreganj,2018,24.13616,90.89491,0.284,False,High,12.02
8705,Sirajganj,2018,24.36298,89.6458,0.284,False,High,48.62
8706,Tangail,2018,24.30998,89.89598,0.284,False,High,8.96
8707,Narsingdi,2018,24.15817,90.78981,0.284,False,Low,-4.09
8708,Kishoreganj,2018,24.15188,90.9003,0.284,False,High,12.02
8709,Brahamanbaria,2018,24.11056,91.26367,0.284,False,High,11.9
8710,Brahamanbaria,2018,24.11685,91.26097,0.284,False,High,11.9
8711,Tangail,2018,24.34053,89.87802,0.284,False,High,8.96
8712,Habiganj,2018,24.1173,91.36248,0.284,False,Low,-1.01
8713,Narsingdi,2018,24.22375,90.66853,0.284,False,Low,-4.09
8714,Gazipur,2018,24.25204,90.50549,0.284,False,Medium,1.1
8715,Narsingdi,2018,24.2188,90.77633,0.284,False,Low,-4.09
8716,Kishoreganj,2018,24.20802,90.89356,0.284,False,High,12.02
8717,Kishoreganj,2018,24.24396,90.67392,0.284,False,High,12.02
8718,Tangail,2018,24.37152,89.96381,0.284,False,High,8.96
8719,Narsingdi,2018,24.23992,90.73321,0.284,False,Low,-4.09
8720,Tangail,2018,24.39353,89.93416,0.284,False,High,8.96
8721,Tangail,2018,24.38859,89.96246,0.284,False,High,8.96
8722,Tangail,2018,24.38904,89.98941,0.284,False,High,8.96
8723,Kishoreganj,2018,24.26597,90.70402,0.284,False,High,12.02
8724,Kishoreganj,2018,24.25114,90.819,0.284,False,High,12.02
8725,Sirajganj,2018,24.46809,89.64356,0.284,False,High,48.62
8726,Tangail,2018,24.40341,89.95258,0.284,False,High,8.96
8727,Kishoreganj,2018,24.27225,90.8446,0.284,False,High,12.02
8728,Kishoreganj,2018,24.3028,90.65686,0.284,False,High,12.02
8729,Kishoreganj,2018,24.27675,90.83203,0.284,False,High,12.02
8730,Mymensingh,2018,24.36119,90.38512,0.284,False,Low,-5.83
8731,Sirajganj,2018,24.52064,89.60313,0.284,False,High,48.62
8732,Mymensingh,2018,24.33379,90.60251,0.284,False,Low,-5.83
8733,Kishoreganj,2018,24.30459,90.83472,0.284,False,High,12.02
8734,Kishoreganj,2018,24.34232,90.67707,0.284,False,High,12.02
8735,Kishoreganj,2018,24.35355,90.6573,0.284,False,High,12.02
8736,Tangail,2018,24.4856,89.96785,0.284,False,High,8.96
8737,Mymensingh,2018,24.41419,90.39814,0.284,False,Low,-5.83
8738,Sirajganj,2018,24.56555,89.63727,0.284,False,High,48.62
8739,Tangail,2018,24.50402,89.95662,0.284,False,High,8.96
8740,Habiganj,2018,24.32391,91.39078,0.283,False,Low,-1.01
8741,Mymensingh,2018,24.49549,90.27462,0.283,False,Low,-5.83
8742,Kishoreganj,2018,24.41554,90.83023,0.283,False,High,12.02
8743,Maulvibazar,2018,24.31223,91.88395,0.283,False,Medium,1.33
8744,Bogra,2018,24.69222,89.41673,0.283,False,High,39.64
8745,Tangail,2018,24.60104,89.87308,0.283,False,High,8.96
8746,Maulvibazar,2018,24.34142,91.64904,0.283,False,Medium,1.33
8747,Kishoreganj,2018,24.46,90.80283,0.283,False,High,12.02
8748,Tangail,2018,24.63203,89.84882,0.283,False,High,8.96
8749,Mymensingh,2018,24.49234,90.65551,0.283,False,Low,-5.83
8750,Kishoreganj,2018,24.47033,90.81181,0.283,False,High,12.02
8751,Kishoreganj,2018,24.46854,90.9003,0.283,False,High,12.02
8752,Tangail,2018,24.61631,90.00648,0.283,False,High,8.96
8753,Tangail,2018,24.64101,89.89014,0.283,False,High,8.96
8754,Bogra,2018,24.71512,89.61122,0.283,False,High,39.64
8755,Mymensingh,2018,24.53816,90.6061,0.283,False,Low,-5.83
8756,Mymensingh,2018,24.5705,90.64832,0.283,False,Low,-5.83
8757,Bogra,2018,24.80361,89.4347,0.283,False,High,39.64
8758,Bogra,2018,24.78834,89.50566,0.283,False,High,39.64
8759,Jamalpur,2018,24.72545,89.80031,0.283,False,High,16.99
8760,Bogra,2018,24.79283,89.50027,0.283,False,High,39.64
8761,Jamalpur,2018,24.73983,89.79896,0.283,False,High,16.99
8762,Mymensingh,2018,24.63113,90.38197,0.283,False,Low,-5.83
8763,Sirajganj,2018,24.76273,89.74372,0.283,False,High,48.62
8764,Jamalpur,2018,24.74297,89.83669,0.283,False,High,16.99
8765,Mymensingh,2018,24.61451,90.57466,0.283,False,Low,-5.83
8766,Mymensingh,2018,24.6217,90.62182,0.283,False,Low,-5.83
8767,Maulvibazar,2018,24.47842,91.90372,0.283,False,Medium,1.33
8768,Tangail,2018,24.74791,90.00737,0.283,False,High,8.96
8769,Mymensingh,2018,24.756,90.14616,0.283,False,Low,-5.83
8770,Jamalpur,2018,24.83011,89.80885,0.283,False,High,16.99
8771,Mymensingh,2018,24.75959,90.25441,0.283,False,Low,-5.83
8772,Bogra,2018,24.90691,89.54744,0.283,False,High,39.64
8773,Jamalpur,2018,24.87457,89.71767,0.283,False,High,16.99
8774,Mymensingh,2018,24.76453,90.29978,0.283,False,Low,-5.83
8775,Jamalpur,2018,24.84403,89.87308,0.283,False,High,16.99
8776,Jamalpur,2018,24.84268,89.89464,0.283,False,High,16.99
8777,Jamalpur,2018,24.89119,89.74462,0.283,False,High,16.99
8778,Jamalpur,2018,24.88805,89.8322,0.283,False,High,16.99
8779,Mymensingh,2018,24.81888,90.21129,0.283,False,Low,-5.83
8780,Jamalpur,2018,24.88535,89.87397,0.283,False,High,16.99
8781,Mymensingh,2018,24.80271,90.35457,0.283,False,Low,-5.83
8782,Mymensingh,2018,24.75375,90.67437,0.283,False,Low,-5.83
8783,Jamalpur,2018,24.90691,89.81513,0.283,False,High,16.99
8784,Mymensingh,2018,24.8081,90.36805,0.283,False,Low,-5.83
8785,Jamalpur,2018,24.88535,90.0213,0.283,False,High,16.99
8786,Mymensingh,2018,24.84538,90.23779,0.283,False,Low,-5.83
8787,Jamalpur,2018,24.87278,90.09092,0.283,False,High,16.99
8788,Mymensingh,2018,24.81798,90.41925,0.283,False,Low,-5.83
8789,Mymensingh,2018,24.83415,90.37973,0.283,False,Low,-5.83
8790,Jamalpur,2018,24.89344,90.05274,0.283,False,High,16.99
8791,Jamalpur,2018,24.89658,90.1273,0.283,False,High,16.99
8792,Jamalpur,2018,24.90467,90.10484,0.283,False,High,16.99
8793,Netrakona,2018,24.79687,90.78936,0.283,False,High,50.49
8794,Bogra,2018,25.08074,89.29681,0.283,False,High,39.64
8795,Netrakona,2018,24.80945,90.80328,0.283,False,High,50.49
8796,Bogra,2018,25.08972,89.35026,0.283,False,High,39.64
8797,Sylhet,2018,24.72051,91.95043,0.282,False,High,13.59
8798,Mymensingh,2018,24.93252,90.27642,0.282,False,Low,-5.83
8799,Netrakona,2018,24.8629,90.75792,0.282,False,High,50.49
8800,Netrakona,2018,24.86694,90.87245,0.282,False,High,50.49
8801,Netrakona,2018,24.83415,91.15003,0.282,False,High,50.49
8802,Jamalpur,2018,25.0457,89.83445,0.282,False,High,16.99
8803,Netrakona,2018,24.93836,90.5823,0.282,False,High,50.49
8804,Netrakona,2018,24.915,90.94297,0.282,False,High,50.49
8805,Gaibandha,2018,25.26938,89.27884,0.282,False,High,42.66
8806,Jamalpur,2018,25.17686,89.81918,0.282,False,High,16.99
8807,Sunamganj,2018,24.93072,91.5646,0.282,False,High,31.03
8808,Jamalpur,2018,25.19033,89.81963,0.282,False,High,16.99
8809,Jamalpur,2018,25.19168,89.86769,0.282,False,High,16.99
8810,Mymensingh,2018,25.11353,90.28855,0.282,False,Low,-5.83
8811,Sunamganj,2018,24.9689,91.63737,0.282,False,High,31.03
8812,Sherpur,2018,25.23884,89.94674,0.282,False,High,31.78
8813,Jamalpur,2018,25.27522,89.84119,0.282,False,High,16.99
8814,Jamalpur,2018,25.29409,89.82052,0.282,False,High,16.99
8815,Jamalpur,2018,25.33586,89.74327,0.282,False,High,16.99
8816,Sunamganj,2018,25.10095,91.31307,0.282,False,High,31.03
8817,Sunamganj,2018,25.14362,91.30499,0.282,False,High,31.03
8818,Jamalpur,2018,25.36955,89.81424,0.282,False,High,16.99
8819,Rangpur,2018,25.48588,89.33768,0.282,False,High,75.35
8820,Dinajpur,2018,25.66958,88.86517,0.281,False,High,39.31
8821,Rangpur,2018,25.63949,89.08435,0.281,False,High,75.35
8822,Rangpur,2018,25.65027,89.07627,0.281,False,High,75.35
8823,Rangpur,2018,25.60041,89.3561,0.281,False,High,75.35
8824,Gaibandha,2018,25.56403,89.63143,0.281,False,High,42.66
8825,Dinajpur,2018,25.82275,88.79285,0.281,False,High,39.31
8826,Thakurgaon,2018,25.96064,88.29698,0.281,False,High,14.28
8827,Rangpur,2018,25.76795,89.06055,0.281,False,High,75.35
8828,Kurigram,2018,25.64129,89.65478,0.281,False,High,35.15
8829,Kurigram,2018,25.64488,89.834,0.281,False,High,35.15
8830,Thakurgaon,2018,26.00061,88.33022,0.281,False,High,14.28
8831,Thakurgaon,2018,26.00331,88.32303,0.281,False,High,14.28
8832,Rangpur,2018,25.81556,89.07762,0.281,False,High,75.35
8833,Dinajpur,2018,25.91348,88.71515,0.281,False,High,39.31
8834,Thakurgaon,2018,25.99477,88.51123,0.281,False,High,14.28
8835,Thakurgaon,2018,26.04508,88.34998,0.281,False,High,14.28
8836,Dinajpur,2018,25.99208,88.56872,0.281,False,High,39.31
8837,Thakurgaon,2018,26.06619,88.29968,0.281,False,High,14.28
8838,Rangpur,2018,25.83937,89.22898,0.281,False,High,75.35
8839,Dinajpur,2018,26.01184,88.5548,0.281,False,High,39.31
8840,Thakurgaon,2018,26.06888,88.41376,0.281,False,High,14.28
8841,Thakurgaon,2018,26.09224,88.35447,0.281,False,High,14.28
8842,Thakurgaon,2018,26.03565,88.5777,0.281,False,High,14.28
8843,Thakurgaon,2018,26.09044,88.39086,0.281,False,High,14.28
8844,Nilphamari,2018,25.99163,88.79869,0.281,False,High,14.39
8845,Nilphamari,2018,25.95345,88.99048,0.281,False,High,14.39
8846,Thakurgaon,2018,26.08326,88.52515,0.281,False,High,14.28
8847,Thakurgaon,2018,26.11021,88.43308,0.281,False,High,14.28
8848,Kurigram,2018,25.83353,89.64356,0.281,False,High,35.15
8849,Thakurgaon,2018,26.09134,88.53548,0.281,False,High,14.28
8850,Nilphamari,2018,26.01993,88.8216,0.281,False,High,14.39
8851,Nilphamari,2018,26.03924,88.77848,0.281,False,High,14.39
8852,Thakurgaon,2018,26.13446,88.42499,0.281,False,High,14.28
8853,Kurigram,2018,25.83712,89.72126,0.281,False,High,35.15
8854,Thakurgaon,2018,26.10392,88.56782,0.281,False,High,14.28
8855,Nilphamari,2018,26.05361,88.78207,0.281,False,High,14.39
8856,Nilphamari,2018,26.04643,88.81037,0.281,False,High,14.39
8857,Thakurgaon,2018,26.1156,88.5512,0.281,False,High,14.28
8858,Thakurgaon,2018,26.15153,88.42005,0.281,False,High,14.28
8859,Thakurgaon,2018,26.12593,88.51752,0.281,False,High,14.28
8860,Nilphamari,2018,26.04643,88.83058,0.281,False,High,14.39
8861,Thakurgaon,2018,26.12368,88.54537,0.281,False,High,14.28
8862,Nilphamari,2018,26.059,88.83103,0.281,False,High,14.39
8863,Thakurgaon,2018,26.18432,88.35537,0.281,False,High,14.28
8864,Panchagarh,2018,26.19375,88.34369,0.281,False,High,16.31
8865,Thakurgaon,2018,26.17129,88.45329,0.281,False,High,14.28
8866,Thakurgaon,2018,26.18971,88.4187,0.28,False,High,14.28
8867,Thakurgaon,2018,26.15243,88.56872,0.28,False,High,14.28
8868,Thakurgaon,2018,26.20049,88.39535,0.28,False,High,14.28
8869,Thakurgaon,2018,26.18701,88.46047,0.28,False,High,14.28
8870,Panchagarh,2018,26.20498,88.39265,0.28,False,High,16.31
8871,Panchagarh,2018,26.21396,88.46362,0.28,False,High,16.31
8872,Panchagarh,2018,26.23462,88.38367,0.28,False,High,16.31
8873,Nilphamari,2018,26.12817,88.86966,0.28,False,High,14.39
8874,Nilphamari,2018,26.16725,88.90963,0.28,False,High,14.39
8875,Panchagarh,2018,26.29167,88.42858,0.28,False,High,16.31
8876,Panchagarh,2018,26.23103,88.72997,0.28,False,High,16.31
8877,Panchagarh,2018,26.31278,88.43487,0.28,False,High,16.31
8878,Nilphamari,2018,26.19016,88.93344,0.28,False,High,14.39
8879,Nilphamari,2018,26.22025,88.92805,0.28,False,High,14.39
8880,Nilphamari,2018,26.23956,88.88897,0.28,False,High,14.39
8881,Panchagarh,2018,26.30155,88.64463,0.28,False,High,16.31
8882,Cox's Bazar,2017,21.2044,92.15513,3.477,False,Medium,1.81
8883,Maulvibazar,2017,24.36124,91.71228,2.55,False,Medium,1.33
8884,Naogaon,2017,24.8197,88.78119,2.381,False,High,22.41
8885,Naogaon,2017,24.84124,88.72909,2.324,False,High,22.41
8886,Maulvibazar,2017,24.39459,91.68908,2.266,False,Medium,1.33
8887,Tangail,2017,24.26733,89.83029,2.216,False,High,8.96
8888,Rajshahi,2017,24.44161,88.64172,2.104,False,Low,-20.24
8889,Naogaon,2017,24.93751,88.97027,2.095,False,High,22.41
8890,Jamalpur,2017,24.95232,89.74816,2.091,False,High,16.99
8891,Pabna,2017,24.33231,89.37291,1.989,False,High,13.38
8892,Thakurgaon,2017,26.15634,88.40638,1.964,False,High,14.28
8893,Dinajpur,2017,26.0328,88.61571,1.853,False,High,39.31
8894,Sirajganj,2017,24.30736,89.62899,1.818,False,High,48.62
8895,Shariatpur,2017,23.1607,90.41866,1.775,False,High,11.14
8896,Rajshahi,2017,24.45094,88.83343,1.705,False,Low,-20.24
8897,Sirajganj,2017,24.38739,89.382,1.704,False,High,48.62
8898,Thakurgaon,2017,26.14502,88.55525,1.683,False,High,14.28
8899,Nilphamari,2017,26.10871,89.06549,1.682,False,High,14.39
8900,Sirajganj,2017,24.74805,89.79597,1.529,False,High,48.62
8901,Cox's Bazar,2017,21.18618,92.15093,1.449,False,Medium,1.81
8902,Comilla,2017,23.41382,90.9992,1.428,False,High,10.87
8903,Jamalpur,2017,24.89047,89.75324,1.414,False,High,16.99
8904,Rangpur,2017,25.74037,89.34882,1.405,False,High,75.35
8905,Thakurgaon,2017,26.165,88.55085,1.402,False,High,14.28
8906,Lalmonirhat,2017,25.95598,89.23649,1.347,False,High,33.32
8907,Panchagarh,2017,26.30894,88.62685,1.344,False,High,16.31
8908,Cox's Bazar,2017,21.16416,92.1462,1.333,False,Medium,1.81
8909,Thakurgaon,2017,26.19033,88.39544,1.29,False,High,14.28
8910,Panchagarh,2017,26.229,88.73309,1.289,False,High,16.31
8911,Panchagarh,2017,26.43913,88.59327,1.287,False,High,16.31
8912,Gaibandha,2017,25.45223,89.40207,1.239,False,High,42.66
8913,Rangpur,2017,25.79676,89.08838,1.237,False,High,75.35
8914,Nawabganj,2017,24.6263,88.19151,1.194,False,High,38.19
8915,Naogaon,2017,24.74532,88.68837,1.191,False,High,22.41
8916,Naogaon,2017,24.75142,88.75328,1.191,False,High,22.41
8917,Bogra,2017,25.10679,89.33986,1.186,False,High,39.64
8918,Panchagarh,2017,26.31149,88.65062,1.176,False,High,16.31
8919,Comilla,2017,23.53328,91.04167,1.141,False,High,10.87
8920,Sirajganj,2017,24.30033,89.66366,1.137,False,High,48.62
8921,Sirajganj,2017,24.35782,89.42358,1.136,False,High,48.62
8922,Naogaon,2017,25.08748,88.94006,1.131,False,High,22.41
8923,Naogaon,2017,25.11521,88.91772,1.131,False,High,22.41
8924,Joypurhat,2017,25.17517,89.03147,1.13,False,High,30.07
8925,Thakurgaon,2017,25.96884,88.32135,1.124,False,High,14.28
8926,Thakurgaon,2017,26.01544,88.35066,1.124,False,High,14.28
8927,Panchagarh,2017,26.22923,88.70313,1.121,False,High,16.31
8928,Nilphamari,2017,26.2609,88.75692,1.12,False,High,14.39
8929,Nilphamari,2017,26.25944,88.77567,1.12,False,High,14.39
8930,Gaibandha,2017,25.35134,89.49153,1.071,False,High,42.66
8931,Thakurgaon,2017,26.02153,88.3158,1.068,False,High,14.28
8932,Nilphamari,2017,26.16113,88.91672,1.065,False,High,14.39
8933,Nilphamari,2017,26.15912,89.00597,1.065,False,High,14.39
8934,Naogaon,2017,25.09057,88.90764,1.018,False,High,22.41
8935,Rangpur,2017,25.44827,89.1659,1.014,False,High,75.35
8936,Gaibandha,2017,25.43093,89.37538,1.014,False,High,42.66
8937,Rangpur,2017,25.6096,89.05723,1.013,False,High,75.35
8938,Dinajpur,2017,26.04628,88.61681,1.011,False,High,39.31
8939,Thakurgaon,2017,26.16593,88.32585,1.01,False,High,14.28
8940,Thakurgaon,2017,26.11465,88.51787,1.01,False,High,14.28
8941,Thakurgaon,2017,26.15457,88.46035,1.01,False,High,14.28
8942,Panchagarh,2017,26.33012,88.63303,1.008,False,High,16.31
8943,Jhalokati,2017,22.60934,90.33161,0.977,False,High,15.14
8944,Chandpur,2017,23.45931,90.6632,0.971,False,High,15.78
8945,Natore,2017,24.23252,89.10792,0.968,False,High,9.57
8946,Natore,2017,24.30108,89.00329,0.967,False,High,9.57
8947,Rajshahi,2017,24.58405,88.87185,0.965,False,Low,-20.24
8948,Jamalpur,2017,24.87957,89.76673,0.961,False,High,16.99
8949,Gaibandha,2017,25.28724,89.49671,0.959,False,High,42.66
8950,Rangpur,2017,25.56665,89.30014,0.957,False,High,75.35
8951,Jessore,2017,23.27788,88.89658,0.918,False,High,7.75
8952,Comilla,2017,23.51537,90.97323,0.913,False,High,10.87
8953,Natore,2017,24.29536,88.9895,0.91,False,High,9.57
8954,Sirajganj,2017,24.29157,89.64288,0.909,False,High,48.62
8955,Rajshahi,2017,24.58563,88.78499,0.909,False,Low,-20.24
8956,Naogaon,2017,24.83112,88.96437,0.907,False,High,22.41
8957,Maulvibazar,2017,24.42716,91.69188,0.906,False,Medium,1.33
8958,Rangpur,2017,25.78572,88.99764,0.9,False,High,75.35
8959,Thakurgaon,2017,25.9797,88.33387,0.899,False,High,14.28
8960,Kurigram,2017,25.69462,89.58954,0.899,False,High,35.15
8961,Thakurgaon,2017,26.00426,88.31422,0.899,False,High,14.28
8962,Lalmonirhat,2017,25.82909,89.43599,0.898,False,High,33.32
8963,Thakurgaon,2017,26.15389,88.58287,0.898,False,High,14.28
8964,Kurigram,2017,25.95387,89.67039,0.897,False,High,35.15
8965,Panchagarh,2017,26.28709,88.46946,0.897,False,High,16.31
8966,Panchagarh,2017,26.29579,88.64407,0.896,False,High,16.31
8967,Panchagarh,2017,26.44416,88.54287,0.895,False,High,16.31
8968,Panchagarh,2017,26.5142,88.37177,0.895,False,High,16.31
8969,Comilla,2017,23.55899,91.0316,0.856,False,High,10.87
8970,Natore,2017,24.26612,88.94856,0.854,False,High,9.57
8971,Brahamanbaria,2017,23.97955,91.03984,0.853,False,High,11.9
8972,Sirajganj,2017,24.25369,89.63847,0.853,False,High,48.62
8973,Sirajganj,2017,24.28977,89.66452,0.852,False,High,48.62
8974,Naogaon,2017,24.90706,88.88822,0.85,False,High,22.41
8975,Jamalpur,2017,24.76693,89.78953,0.849,False,High,16.99
8976,Joypurhat,2017,25.21923,88.9821,0.847,False,High,30.07
8977,Gaibandha,2017,25.46836,89.42796,0.845,False,High,42.66
8978,Nilphamari,2017,25.80358,88.9249,0.843,False,High,14.39
8979,Rangpur,2017,25.74265,89.45162,0.843,False,High,75.35
8980,Thakurgaon,2017,26.03834,88.58699,0.842,False,High,14.28
8981,Kurigram,2017,25.85658,89.72186,0.842,False,High,35.15
8982,Panchagarh,2017,26.21471,88.35777,0.841,False,High,16.31
8983,Lalmonirhat,2017,25.96034,89.41643,0.841,False,High,33.32
8984,Panchagarh,2017,26.29766,88.38831,0.841,False,High,16.31
8985,Barguna,2017,21.97408,89.97895,0.809,False,High,63.87
8986,Pirojpur,2017,22.36484,89.98184,0.807,False,High,9.18
8987,Jhenaidah,2017,23.3177,89.17768,0.802,False,High,15.44
8988,Lakshmipur,2017,23.09585,90.81871,0.801,False,Low,-1.16
8989,Kushtia,2017,23.9069,89.037,0.799,False,High,18.8
8990,Rajshahi,2017,24.43081,88.86632,0.796,False,Low,-20.24
8991,Tangail,2017,24.25387,89.84901,0.796,False,High,8.96
8992,Rajshahi,2017,24.59635,88.8798,0.795,False,Low,-20.24
8993,Naogaon,2017,24.79575,88.74457,0.794,False,High,22.41
8994,Naogaon,2017,24.89986,89.00091,0.793,False,High,22.41
8995,Jamalpur,2017,24.95809,89.77137,0.791,False,High,16.99
8996,Rangpur,2017,25.55434,89.28644,0.788,False,High,75.35
8997,Rangpur,2017,25.78903,89.09651,0.787,False,High,75.35
8998,Kurigram,2017,25.70962,89.60855,0.787,False,High,35.15
8999,Rangpur,2017,25.78951,89.31307,0.787,False,High,75.35
9000,Kurigram,2017,25.73737,89.62492,0.786,False,High,35.15
9001,Thakurgaon,2017,26.09734,88.38203,0.786,False,High,14.28
9002,Lalmonirhat,2017,25.91928,89.5006,0.785,False,High,33.32
9003,Panchagarh,2017,26.24444,88.51694,0.785,False,High,16.31
9004,Panchagarh,2017,26.38737,88.63003,0.784,False,High,16.31
9005,Jhenaidah,2017,23.52524,89.04023,0.744,False,High,15.44
9006,Comilla,2017,23.42297,91.08045,0.742,False,High,10.87
9007,Comilla,2017,23.51124,90.98923,0.742,False,High,10.87
9008,Comilla,2017,23.52195,91.12035,0.742,False,High,10.87
9009,Kushtia,2017,24.03503,88.83431,0.741,False,High,18.8
9010,Rajshahi,2017,24.37,88.6315,0.74,False,Low,-20.24
9011,Rajshahi,2017,24.44791,88.70267,0.739,False,Low,-20.24
9012,Natore,2017,24.34443,89.15131,0.739,False,High,9.57
9013,Natore,2017,24.47313,88.92363,0.739,False,High,9.57
9014,Rajshahi,2017,24.50958,88.84191,0.739,False,Low,-20.24
9015,Naogaon,2017,24.78495,88.71632,0.737,False,High,22.41
9016,Dinajpur,2017,25.38043,89.12005,0.733,False,High,39.31
9017,Gaibandha,2017,25.31686,89.50114,0.733,False,High,42.66
9018,Dinajpur,2017,25.48806,89.04663,0.733,False,High,39.31
9019,Rangpur,2017,25.45713,89.37123,0.732,False,High,75.35
9020,Gaibandha,2017,25.47648,89.47903,0.732,False,High,42.66
9021,Rangpur,2017,25.51673,89.37002,0.732,False,High,75.35
9022,Thakurgaon,2017,26.00044,88.30033,0.731,False,High,14.28
9023,Rangpur,2017,25.80523,89.29712,0.73,False,High,75.35
9024,Dinajpur,2017,25.99768,88.55946,0.73,False,High,39.31
9025,Nilphamari,2017,26.02825,88.79389,0.73,False,High,14.39
9026,Lalmonirhat,2017,25.9341,89.37641,0.729,False,High,33.32
9027,Lalmonirhat,2017,25.95812,89.43376,0.729,False,High,33.32
9028,Kurigram,2017,25.93842,89.56091,0.729,False,High,35.15
9029,Nilphamari,2017,26.20412,88.8179,0.729,False,High,14.39
9030,Panchagarh,2017,26.32418,88.65033,0.728,False,High,16.31
9031,Cox's Bazar,2017,21.4338,91.98075,0.694,False,Medium,1.81
9032,Barisal,2017,22.92201,90.34581,0.688,False,High,9.66
9033,Narail,2017,23.15033,89.43178,0.688,False,Low,-8.78
9034,Madaripur,2017,23.14416,90.03103,0.687,False,High,3.68
9035,Shariatpur,2017,23.10542,90.44687,0.687,False,High,11.14
9036,Magura,2017,23.38128,89.25211,0.687,False,High,12.28
9037,Feni,2017,23.08801,91.45448,0.687,False,Low,-4.77
9038,Jhenaidah,2017,23.65096,89.01706,0.686,False,High,15.44
9039,Pabna,2017,24.10947,89.06178,0.684,False,High,13.38
9040,Natore,2017,24.21446,89.08443,0.683,False,High,9.57
9041,Rajshahi,2017,24.39656,88.72959,0.683,False,Low,-20.24
9042,Rajshahi,2017,24.41864,88.77676,0.682,False,Low,-20.24
9043,Natore,2017,24.41696,88.97794,0.682,False,High,9.57
9044,Rajshahi,2017,24.49837,88.70021,0.682,False,Low,-20.24
9045,Rajshahi,2017,24.52045,88.71855,0.682,False,Low,-20.24
9046,Natore,2017,24.5386,88.91319,0.682,False,High,9.57
9047,Naogaon,2017,24.7018,88.77825,0.681,False,High,22.41
9048,Naogaon,2017,24.77385,88.72492,0.681,False,High,22.41
9049,Naogaon,2017,24.82026,88.75093,0.68,False,High,22.41
9050,Kishoreganj,2017,24.49612,90.60539,0.68,False,High,12.02
9051,Bogra,2017,24.792,89.4417,0.68,False,High,39.64
9052,Habiganj,2017,24.47666,91.33303,0.68,False,Low,-1.01
9053,Naogaon,2017,24.99693,88.73895,0.679,False,High,22.41
9054,Mymensingh,2017,24.8023,90.52005,0.678,False,Low,-5.83
9055,Joypurhat,2017,25.22076,89.01275,0.678,False,High,30.07
9056,Gaibandha,2017,25.23293,89.48268,0.677,False,High,42.66
9057,Rangpur,2017,25.3527,89.31556,0.677,False,High,75.35
9058,Dinajpur,2017,25.73655,88.86883,0.675,False,High,39.31
9059,Dinajpur,2017,25.77884,88.84712,0.675,False,High,39.31
9060,Dinajpur,2017,25.88102,88.53496,0.675,False,High,39.31
9061,Kurigram,2017,25.71353,89.63614,0.674,False,High,35.15
9062,Kurigram,2017,25.72513,89.6354,0.674,False,High,35.15
9063,Dinajpur,2017,25.95588,88.75056,0.674,False,High,39.31
9064,Rangpur,2017,25.83592,89.28636,0.674,False,High,75.35
9065,Thakurgaon,2017,26.19132,88.28979,0.673,False,High,14.28
9066,Nilphamari,2017,26.08651,88.76347,0.673,False,High,14.39
9067,Kurigram,2017,25.92276,89.57158,0.673,False,High,35.15
9068,Lalmonirhat,2017,25.96955,89.4009,0.673,False,High,33.32
9069,Panchagarh,2017,26.27797,88.51512,0.673,False,High,16.31
9070,Nilphamari,2017,26.17971,89.00957,0.672,False,High,14.39
9071,Nilphamari,2017,26.22669,88.87538,0.672,False,High,14.39
9072,Cox's Bazar,2017,21.52251,91.93634,0.636,False,Medium,1.81
9073,Jessore,2017,23.03066,89.29999,0.631,False,High,7.75
9074,Barisal,2017,22.87162,90.21096,0.631,False,High,9.66
9075,Jhenaidah,2017,23.32384,88.87105,0.631,False,High,15.44
9076,Magura,2017,23.3955,89.25773,0.63,False,High,12.28
9077,Jhenaidah,2017,23.47349,89.2516,0.629,False,High,15.44
9078,Jhenaidah,2017,23.74788,89.08603,0.628,False,High,15.44
9079,Meherpur,2017,23.88671,88.87227,0.628,False,Low,-27.64
9080,Comilla,2017,23.60477,91.00597,0.627,False,High,10.87
9081,Pabna,2017,24.15743,89.09644,0.626,False,High,13.38
9082,Natore,2017,24.23787,88.92066,0.626,False,High,9.57
9083,Brahamanbaria,2017,23.82996,91.13419,0.626,False,High,11.9
9084,Rajshahi,2017,24.42509,88.49824,0.626,False,Low,-20.24
9085,Natore,2017,24.34485,88.87247,0.626,False,High,9.57
9086,Rajshahi,2017,24.41631,88.71547,0.626,False,Low,-20.24
9087,Natore,2017,24.40631,88.98048,0.625,False,High,9.57
9088,Sirajganj,2017,24.26401,89.64278,0.625,False,High,48.62
9089,Sirajganj,2017,24.28054,89.66054,0.625,False,High,48.62
9090,Rajshahi,2017,24.50002,88.8049,0.625,False,Low,-20.24
9091,Sirajganj,2017,24.36609,89.41677,0.625,False,High,48.62
9092,Sirajganj,2017,24.3277,89.60726,0.625,False,High,48.62
9093,Rajshahi,2017,24.50553,88.89371,0.625,False,Low,-20.24
9094,Sirajganj,2017,24.33546,89.62032,0.625,False,High,48.62
9095,Tangail,2017,24.27115,90.15849,0.625,False,High,8.96
9096,Bogra,2017,24.93733,89.26406,0.622,False,High,39.64
9097,Jamalpur,2017,24.91263,89.7663,0.622,False,High,16.99
9098,Joypurhat,2017,25.10169,88.95884,0.622,False,High,30.07
9099,Joypurhat,2017,25.15211,89.01131,0.622,False,High,30.07
9100,Joypurhat,2017,25.17702,88.95373,0.622,False,High,30.07
9101,Sherpur,2017,25.0337,89.92983,0.621,False,High,31.78
9102,Jamalpur,2017,25.07984,89.76569,0.621,False,High,16.99
9103,Dinajpur,2017,25.28972,89.23098,0.621,False,High,39.31
9104,Dinajpur,2017,25.48878,88.95046,0.62,False,High,39.31
9105,Gaibandha,2017,25.36179,89.59317,0.62,False,High,42.66
9106,Gaibandha,2017,25.42038,89.38186,0.62,False,High,42.66
9107,Dinajpur,2017,25.74092,88.57113,0.619,False,High,39.31
9108,Gaibandha,2017,25.50736,89.58051,0.619,False,High,42.66
9109,Rangpur,2017,25.60168,89.16177,0.619,False,High,75.35
9110,Dinajpur,2017,25.75766,88.69077,0.619,False,High,39.31
9111,Dinajpur,2017,25.74704,88.75692,0.619,False,High,39.31
9112,Thakurgaon,2017,25.92426,88.25917,0.619,False,High,14.28
9113,Rangpur,2017,25.74663,89.05561,0.619,False,High,75.35
9114,Thakurgaon,2017,25.95508,88.29469,0.618,False,High,14.28
9115,Nilphamari,2017,25.9953,88.81266,0.618,False,High,14.39
9116,Lalmonirhat,2017,25.85647,89.44903,0.618,False,High,33.32
9117,Nilphamari,2017,25.99735,88.98864,0.617,False,High,14.39
9118,Nilphamari,2017,26.01082,88.95536,0.617,False,High,14.39
9119,Thakurgaon,2017,26.14251,88.50907,0.617,False,High,14.28
9120,Kurigram,2017,25.92426,89.5111,0.617,False,High,35.15
9121,Kurigram,2017,25.99224,89.65299,0.617,False,High,35.15
9122,Panchagarh,2017,26.32319,88.52274,0.616,False,High,16.31
9123,Panchagarh,2017,26.38995,88.67097,0.616,False,High,16.31
9124,Jhalokati,2017,22.58724,90.34042,0.575,False,High,15.14
9125,Barisal,2017,22.84618,90.46304,0.574,False,High,9.66
9126,Jhenaidah,2017,23.3571,89.14589,0.573,False,High,15.44
9127,Magura,2017,23.49072,89.40932,0.572,False,High,12.28
9128,Comilla,2017,23.14824,91.29803,0.572,False,High,10.87
9129,Kushtia,2017,23.76942,89.08211,0.571,False,High,18.8
9130,Meherpur,2017,23.88463,88.7028,0.571,False,Low,-27.64
9131,Comilla,2017,23.43929,91.07929,0.571,False,High,10.87
9132,Kushtia,2017,23.92348,88.89998,0.571,False,High,18.8
9133,Kushtia,2017,24.07732,88.96802,0.57,False,High,18.8
9134,Natore,2017,24.21791,88.93074,0.569,False,High,9.57
9135,Pabna,2017,24.17411,89.13017,0.569,False,High,13.38
9136,Pabna,2017,24.21184,89.20877,0.569,False,High,13.38
9137,Natore,2017,24.31358,88.96533,0.569,False,High,9.57
9138,Brahamanbaria,2017,23.88531,91.16238,0.569,False,High,11.9
9139,Tangail,2017,24.12066,89.86656,0.569,False,High,8.96
9140,Rajshahi,2017,24.40902,88.72705,0.569,False,Low,-20.24
9141,Rajshahi,2017,24.41711,88.85798,0.569,False,Low,-20.24
9142,Tangail,2017,24.23677,89.85219,0.568,False,High,8.96
9143,Rajshahi,2017,24.50447,88.86359,0.568,False,Low,-20.24
9144,Sirajganj,2017,24.3165,89.68668,0.568,False,High,48.62
9145,Naogaon,2017,24.75061,88.70571,0.567,False,High,22.41
9146,Bogra,2017,24.6756,89.44278,0.567,False,High,39.64
9147,Bogra,2017,24.76543,89.40348,0.566,False,High,39.64
9148,Naogaon,2017,24.91567,88.89728,0.566,False,High,22.41
9149,Joypurhat,2017,24.9698,89.03135,0.566,False,High,30.07
9150,Naogaon,2017,24.98619,89.00014,0.566,False,High,22.41
9151,Naogaon,2017,25.07265,88.93254,0.566,False,High,22.41
9152,Jamalpur,2017,24.90804,89.73473,0.565,False,High,16.99
9153,Bogra,2017,25.0329,89.28445,0.565,False,High,39.64
9154,Netrakona,2017,24.78789,90.78262,0.565,False,High,50.49
9155,Joypurhat,2017,25.18247,89.0592,0.565,False,High,30.07
9156,Joypurhat,2017,25.24827,88.95837,0.565,False,High,30.07
9157,Gaibandha,2017,25.2988,89.49286,0.564,False,High,42.66
9158,Sylhet,2017,24.93521,92.29269,0.564,False,High,13.59
9159,Gaibandha,2017,25.40413,89.421,0.564,False,High,42.66
9160,Dinajpur,2017,25.52698,89.0482,0.563,False,High,39.31
9161,Dinajpur,2017,25.52271,89.0848,0.563,False,High,39.31
9162,Rangpur,2017,25.53394,89.11669,0.563,False,High,75.35
9163,Jamalpur,2017,25.38886,89.7947,0.563,False,High,16.99
9164,Gaibandha,2017,25.46252,89.44076,0.563,False,High,42.66
9165,Kurigram,2017,25.43467,89.79874,0.563,False,High,35.15
9166,Rangpur,2017,25.55685,89.31095,0.563,False,High,75.35
9167,Dinajpur,2017,25.76885,88.53436,0.563,False,High,39.31
9168,Rangpur,2017,25.65611,89.13264,0.563,False,High,75.35
9169,Rangpur,2017,25.73853,89.07313,0.562,False,High,75.35
9170,Rangpur,2017,25.67834,89.45042,0.562,False,High,75.35
9171,Rangpur,2017,25.77536,89.28176,0.562,False,High,75.35
9172,Rangpur,2017,25.77356,89.29456,0.562,False,High,75.35
9173,Kurigram,2017,25.73404,89.67253,0.562,False,High,35.15
9174,Dinajpur,2017,26.02599,88.58938,0.562,False,High,39.31
9175,Thakurgaon,2017,26.10212,88.57434,0.561,False,High,14.28
9176,Thakurgaon,2017,26.14322,88.45194,0.561,False,High,14.28
9177,Panchagarh,2017,26.07675,88.72099,0.561,False,High,16.31
9178,Thakurgaon,2017,26.15243,88.43779,0.561,False,High,14.28
9179,Thakurgaon,2017,26.11537,88.60151,0.561,False,High,14.28
9180,Thakurgaon,2017,26.16523,88.42858,0.561,False,High,14.28
9181,Kurigram,2017,25.90382,89.63659,0.561,False,High,35.15
9182,Nilphamari,2017,26.08258,88.90312,0.561,False,High,14.39
9183,Kurigram,2017,25.94222,89.58831,0.561,False,High,35.15
9184,Panchagarh,2017,26.20857,88.51752,0.561,False,High,16.31
9185,Panchagarh,2017,26.23889,88.7549,0.56,False,High,16.31
9186,Panchagarh,2017,26.28942,88.6316,0.56,False,High,16.31
9187,Panchagarh,2017,26.31996,88.61903,0.56,False,High,16.31
9188,Panchagarh,2017,26.34871,88.63048,0.56,False,High,16.31
9189,Cox's Bazar,2017,21.4736,91.98961,0.521,False,Medium,1.81
9190,Bhola,2017,22.06949,90.73546,0.519,False,Low,-6.7
9191,Bhola,2017,22.21496,90.72273,0.519,False,Low,-6.7
9192,Chittagong,2017,22.29332,92.01855,0.518,False,Low,-1.19
9193,Khulna,2017,22.85676,89.66322,0.517,False,High,22.68
9194,Pirojpur,2017,22.82058,89.98586,0.517,False,High,9.18
9195,Barisal,2017,22.87348,90.54057,0.516,False,High,9.66
9196,Barisal,2017,22.93361,90.42754,0.516,False,High,9.66
9197,Gopalganj,2017,23.03967,89.98561,0.516,False,Low,-0.76
9198,Jessore,2017,23.33386,89.00895,0.516,False,High,7.75
9199,Chuadanga,2017,23.44191,88.88942,0.516,False,Low,-14.74
9200,Jhenaidah,2017,23.37853,89.15367,0.516,False,High,15.44
9201,Magura,2017,23.37703,89.30614,0.515,False,High,12.28
9202,Magura,2017,23.36481,89.38424,0.515,False,High,12.28
9203,Jhenaidah,2017,23.45015,89.24875,0.515,False,High,15.44
9204,Jhenaidah,2017,23.46711,89.24001,0.515,False,High,15.44
9205,Jhenaidah,2017,23.50005,89.26022,0.515,False,High,15.44
9206,Rangamati,2017,23.08259,92.24039,0.515,False,Medium,1.49
9207,Chandpur,2017,23.29244,90.99722,0.514,False,High,15.78
9208,Comilla,2017,23.28496,91.13546,0.514,False,High,10.87
9209,Chuadanga,2017,23.73561,89.00321,0.514,False,Low,-14.74
9210,Comilla,2017,23.36755,91.08106,0.514,False,High,10.87
9211,Comilla,2017,23.40822,91.02292,0.514,False,High,10.87
9212,Comilla,2017,23.42145,91.05012,0.514,False,High,10.87
9213,Rajbari,2017,23.69968,89.66497,0.514,False,High,4.82
9214,Kushtia,2017,23.88857,88.92386,0.514,False,High,18.8
9215,Kushtia,2017,23.87909,88.95904,0.514,False,High,18.8
9216,Kushtia,2017,23.8232,89.23303,0.514,False,High,18.8
9217,Kushtia,2017,23.91153,88.99372,0.514,False,High,18.8
9218,Kushtia,2017,23.85114,89.25124,0.514,False,High,18.8
9219,Comilla,2017,23.50579,91.07382,0.514,False,High,10.87
9220,Comilla,2017,23.54946,91.0082,0.513,False,High,10.87
9221,Kushtia,2017,24.06424,88.96827,0.513,False,High,18.8
9222,Pabna,2017,24.09693,89.05336,0.513,False,High,13.38
9223,Manikganj,2017,23.87235,90.08343,0.513,False,High,10.22
9224,Natore,2017,24.23168,89.05386,0.512,False,High,9.57
9225,Natore,2017,24.31527,89.07482,0.512,False,High,9.57
9226,Rajshahi,2017,24.41334,88.73696,0.512,False,Low,-20.24
9227,Rajshahi,2017,24.43355,88.6848,0.512,False,Low,-20.24
9228,Rajshahi,2017,24.43879,88.72223,0.512,False,Low,-20.24
9229,Natore,2017,24.40985,88.9543,0.512,False,High,9.57
9230,Natore,2017,24.34821,89.29092,0.512,False,High,9.57
9231,Maulvibazar,2017,24.42232,91.70414,0.51,False,Medium,1.33
9232,Jamalpur,2017,24.73948,89.80346,0.51,False,High,16.99
9233,Joypurhat,2017,24.92463,89.00795,0.51,False,High,30.07
9234,Jamalpur,2017,24.77965,89.80396,0.509,False,High,16.99
9235,Mymensingh,2017,24.72151,90.16702,0.509,False,Low,-5.83
9236,Naogaon,2017,25.07435,88.91138,0.509,False,High,22.41
9237,Jamalpur,2017,24.89344,89.70539,0.509,False,High,16.99
9238,Dinajpur,2017,25.2902,89.25349,0.508,False,High,39.31
9239,Gaibandha,2017,25.27547,89.3785,0.508,False,High,42.66
9240,Gaibandha,2017,25.30442,89.46659,0.508,False,High,42.66
9241,Rangpur,2017,25.40099,89.22105,0.507,False,High,75.35
9242,Gaibandha,2017,25.48832,89.44837,0.507,False,High,42.66
9243,Rangpur,2017,25.51103,89.34756,0.507,False,High,75.35
9244,Rangpur,2017,25.54771,89.1911,0.507,False,High,75.35
9245,Rangpur,2017,25.63081,89.09828,0.507,False,High,75.35
9246,Dinajpur,2017,25.80124,88.49915,0.506,False,High,39.31
9247,Kurigram,2017,25.56094,89.83565,0.506,False,High,35.15
9248,Rangpur,2017,25.7406,89.0309,0.506,False,High,75.35
9249,Thakurgaon,2017,25.94896,88.28356,0.506,False,High,14.28
9250,Rangpur,2017,25.77578,89.11874,0.506,False,High,75.35
9251,Rangpur,2017,25.77279,89.14469,0.506,False,High,75.35
9252,Rangpur,2017,25.78028,89.15417,0.506,False,High,75.35
9253,Rangpur,2017,25.77229,89.20333,0.506,False,High,75.35
9254,Rangpur,2017,25.7698,89.30813,0.506,False,High,75.35
9255,Rangpur,2017,25.78003,89.40246,0.506,False,High,75.35
9256,Thakurgaon,2017,26.03979,88.34644,0.506,False,High,14.28
9257,Kurigram,2017,25.75058,89.64949,0.506,False,High,35.15
9258,Lalmonirhat,2017,25.81172,89.38499,0.506,False,High,33.32
9259,Rangpur,2017,25.82619,89.35954,0.505,False,High,75.35
9260,Kurigram,2017,25.77828,89.61531,0.505,False,High,35.15
9261,Thakurgaon,2017,26.1134,88.32248,0.505,False,High,14.28
9262,Nilphamari,2017,26.0061,88.80458,0.505,False,High,14.39
9263,Nilphamari,2017,26.03131,88.78387,0.505,False,High,14.39
9264,Thakurgaon,2017,26.17154,88.33197,0.505,False,High,14.28
9265,Thakurgaon,2017,26.12089,88.57052,0.505,False,High,14.28
9266,Thakurgaon,2017,26.15333,88.4757,0.505,False,High,14.28
9267,Kurigram,2017,25.90105,89.61855,0.505,False,High,35.15
9268,Thakurgaon,2017,26.19849,88.42729,0.505,False,High,14.28
9269,Panchagarh,2017,26.20673,88.39734,0.505,False,High,16.31
9270,Lalmonirhat,2017,25.97541,89.44513,0.505,False,High,33.32
9271,Nilphamari,2017,26.15383,88.81182,0.505,False,High,14.39
9272,Kurigram,2017,25.99937,89.64251,0.504,False,High,35.15
9273,Nilphamari,2017,26.17379,88.95679,0.504,False,High,14.39
9274,Kurigram,2017,26.02407,89.64301,0.504,False,High,35.15
9275,Panchagarh,2017,26.31627,88.445,0.504,False,High,16.31
9276,Nilphamari,2017,26.26861,88.7654,0.504,False,High,14.39
9277,Panchagarh,2017,26.3028,88.65636,0.504,False,High,16.31
9278,Panchagarh,2017,26.31477,88.61119,0.504,False,High,16.31
9279,Nilphamari,2017,26.2449,88.91038,0.504,False,High,14.39
9280,Panchagarh,2017,26.39912,88.62641,0.504,False,High,16.31
9281,Lalmonirhat,2017,26.37017,89.08555,0.503,False,High,33.32
9282,Chittagong,2017,22.02276,92.04251,0.461,False,Low,-1.19
9283,Bagerhat,2017,22.45423,89.88234,0.461,False,High,11.87
9284,Jhalokati,2017,22.62126,90.30679,0.46,False,High,15.14
9285,Chittagong,2017,22.45339,91.53608,0.46,False,Low,-1.19
9286,Bagerhat,2017,22.81244,89.86802,0.46,False,High,11.87
9287,Barisal,2017,22.70267,90.44912,0.459,False,High,9.66
9288,Jessore,2017,23.06733,89.15414,0.459,False,High,7.75
9289,Barisal,2017,22.84696,90.06621,0.459,False,High,9.66
9290,Barisal,2017,22.85791,90.09176,0.459,False,High,9.66
9291,Jessore,2017,23.15576,89.1227,0.459,False,High,7.75
9292,Barisal,2017,22.86549,90.40336,0.459,False,High,9.66
9293,Jessore,2017,23.18468,89.16537,0.459,False,High,7.75
9294,Barisal,2017,22.94859,90.37754,0.459,False,High,9.66
9295,Jhenaidah,2017,23.33542,88.79229,0.459,False,High,15.44
9296,Jessore,2017,23.23099,89.2013,0.459,False,High,7.75
9297,Barisal,2017,22.97554,90.40785,0.459,False,High,9.66
9298,Gopalganj,2017,23.16839,89.84781,0.458,False,Low,-0.76
9299,Shariatpur,2017,23.08614,90.44491,0.458,False,High,11.14
9300,Chuadanga,2017,23.44771,88.913,0.458,False,Low,-14.74
9301,Shariatpur,2017,23.16559,90.4814,0.458,False,High,11.14
9302,Magura,2017,23.40504,89.37872,0.458,False,High,12.28
9303,Magura,2017,23.38539,89.45648,0.458,False,High,12.28
9304,Jhenaidah,2017,23.53558,89.04241,0.458,False,High,15.44
9305,Faridpur,2017,23.43873,89.75798,0.457,False,High,8.19
9306,Shariatpur,2017,23.32728,90.37529,0.457,False,High,11.14
9307,Magura,2017,23.53025,89.43346,0.457,False,High,12.28
9308,Comilla,2017,23.28939,91.05913,0.457,False,High,10.87
9309,Chandpur,2017,23.35086,90.6504,0.457,False,High,15.78
9310,Chandpur,2017,23.39634,90.67931,0.457,False,High,15.78
9311,Comilla,2017,23.32784,91.16356,0.457,False,High,10.87
9312,Kushtia,2017,23.76605,89.02473,0.457,False,High,18.8
9313,Chandpur,2017,23.43031,90.68268,0.457,False,High,15.78
9314,Comilla,2017,23.40139,91.04369,0.457,False,High,10.87
9315,Comilla,2017,23.4188,91.02994,0.457,False,High,10.87
9316,Chandpur,2017,23.47663,90.66387,0.457,False,High,15.78
9317,Comilla,2017,23.512,91.20455,0.456,False,High,10.87
9318,Dhaka,2017,23.77841,90.28939,0.456,False,Low,-5.31
9319,Manikganj,2017,23.89266,90.0679,0.456,False,High,10.22
9320,Natore,2017,24.22419,88.95343,0.455,False,High,9.57
9321,Natore,2017,24.22167,89.09351,0.455,False,High,9.57
9322,Pabna,2017,24.19725,89.20271,0.455,False,High,13.38
9323,Rajshahi,2017,24.35445,88.65754,0.455,False,Low,-20.24
9324,Rajshahi,2017,24.33901,88.77517,0.455,False,Low,-20.24
9325,Rajshahi,2017,24.41761,88.56743,0.455,False,Low,-20.24
9326,Sirajganj,2017,24.12033,89.80711,0.455,False,High,48.62
9327,Rajshahi,2017,24.43249,88.83636,0.455,False,Low,-20.24
9328,Rajshahi,2017,24.46281,88.72885,0.455,False,Low,-20.24
9329,Natore,2017,24.34266,89.28328,0.455,False,High,9.57
9330,Brahamanbaria,2017,24.05857,91.17479,0.455,False,High,11.9
9331,Rajshahi,2017,24.51559,88.87117,0.455,False,Low,-20.24
9332,Sirajganj,2017,24.37382,89.61706,0.454,False,High,48.62
9333,Rajshahi,2017,24.60261,88.76253,0.454,False,Low,-20.24
9334,Sirajganj,2017,24.38758,89.6586,0.454,False,High,48.62
9335,Tangail,2017,24.35557,89.85707,0.454,False,High,8.96
9336,Naogaon,2017,24.75532,88.74204,0.454,False,High,22.41
9337,Bogra,2017,24.75588,89.37283,0.453,False,High,39.64
9338,Bogra,2017,24.71097,89.61341,0.453,False,High,39.64
9339,Naogaon,2017,24.89063,88.87342,0.453,False,High,22.41
9340,Naogaon,2017,24.90748,88.87903,0.453,False,High,22.41
9341,Jamalpur,2017,24.76543,89.81749,0.453,False,High,16.99
9342,Joypurhat,2017,25.05486,89.01518,0.452,False,High,30.07
9343,Bogra,2017,24.95351,89.51908,0.452,False,High,39.64
9344,Mymensingh,2017,24.894,90.25261,0.452,False,Low,-5.83
9345,Joypurhat,2017,25.18623,88.96381,0.452,False,High,30.07
9346,Jamalpur,2017,25.22722,89.87448,0.451,False,High,16.99
9347,Gaibandha,2017,25.30919,89.48203,0.451,False,High,42.66
9348,Rangpur,2017,25.40211,89.20945,0.451,False,High,75.35
9349,Jamalpur,2017,25.27017,89.84865,0.451,False,High,16.99
9350,Rangpur,2017,25.40295,89.26643,0.451,False,High,75.35
9351,Dinajpur,2017,25.57307,89.01322,0.451,False,High,39.31
9352,Dinajpur,2017,25.62613,88.85742,0.45,False,High,39.31
9353,Rangpur,2017,25.52928,89.32286,0.45,False,High,75.35
9354,Dinajpur,2017,25.72382,88.58905,0.45,False,High,39.31
9355,Dinajpur,2017,25.83274,88.5649,0.45,False,High,39.31
9356,Rangpur,2017,25.67161,89.28496,0.45,False,High,75.35
9357,Rangpur,2017,25.70698,89.25099,0.45,False,High,75.35
9358,Dinajpur,2017,25.82769,88.78415,0.45,False,High,39.31
9359,Rangpur,2017,25.7314,89.21422,0.45,False,High,75.35
9360,Thakurgaon,2017,25.97479,88.29316,0.45,False,High,14.28
9361,Rangpur,2017,25.78165,89.08368,0.45,False,High,75.35
9362,Rangpur,2017,25.79765,89.04775,0.45,False,High,75.35
9363,Rangpur,2017,25.72298,89.38995,0.45,False,High,75.35
9364,Kurigram,2017,25.68648,89.57972,0.45,False,High,35.15
9365,Rangpur,2017,25.80691,89.0528,0.45,False,High,75.35
9366,Dinajpur,2017,25.9018,88.70583,0.45,False,High,39.31
9367,Rangpur,2017,25.76424,89.32426,0.45,False,High,75.35
9368,Kurigram,2017,25.67975,89.8116,0.45,False,High,35.15
9369,Rangpur,2017,25.81281,89.25745,0.449,False,High,75.35
9370,Nilphamari,2017,25.91303,88.83973,0.449,False,High,14.39
9371,Kurigram,2017,25.74852,89.59039,0.449,False,High,35.15
9372,Kurigram,2017,25.73898,89.66029,0.449,False,High,35.15
9373,Dinajpur,2017,26.0183,88.57304,0.449,False,High,39.31
9374,Kurigram,2017,25.77351,89.68696,0.449,False,High,35.15
9375,Nilphamari,2017,25.98237,88.80633,0.449,False,High,14.39
9376,Thakurgaon,2017,26.13227,88.27323,0.449,False,High,14.28
9377,Nilphamari,2017,25.94026,89.10782,0.449,False,High,14.39
9378,Nilphamari,2017,26.02195,88.78331,0.449,False,High,14.39
9379,Lalmonirhat,2017,25.88467,89.37619,0.449,False,High,33.32
9380,Nilphamari,2017,26.00819,88.8431,0.449,False,High,14.39
9381,Lalmonirhat,2017,25.92454,89.26138,0.449,False,High,33.32
9382,Lalmonirhat,2017,25.90797,89.35935,0.449,False,High,33.32
9383,Thakurgaon,2017,26.17157,88.29681,0.449,False,High,14.28
9384,Thakurgaon,2017,26.13957,88.4251,0.449,False,High,14.28
9385,Panchagarh,2017,26.05367,88.76141,0.449,False,High,16.31
9386,Lalmonirhat,2017,25.93492,89.35346,0.449,False,High,33.32
9387,Thakurgaon,2017,26.12806,88.55367,0.449,False,High,14.28
9388,Nilphamari,2017,26.07107,88.8184,0.449,False,High,14.39
9389,Panchagarh,2017,26.20189,88.34762,0.449,False,High,16.31
9390,Nilphamari,2017,26.04441,88.98992,0.449,False,High,14.39
9391,Thakurgaon,2017,26.16175,88.57192,0.449,False,High,14.28
9392,Lalmonirhat,2017,25.97114,89.37844,0.449,False,High,33.32
9393,Kurigram,2017,25.93156,89.59011,0.449,False,High,35.15
9394,Nilphamari,2017,26.10841,88.81306,0.449,False,High,14.39
9395,Kurigram,2017,25.95036,89.57635,0.449,False,High,35.15
9396,Nilphamari,2017,26.09634,88.93406,0.449,False,High,14.39
9397,Lalmonirhat,2017,25.99472,89.38321,0.449,False,High,33.32
9398,Nilphamari,2017,26.1362,88.78527,0.449,False,High,14.39
9399,Kurigram,2017,25.99135,89.50224,0.449,False,High,35.15
9400,Nilphamari,2017,26.16961,89.00452,0.448,False,High,14.39
9401,Panchagarh,2017,26.31081,88.48041,0.448,False,High,16.31
9402,Nilphamari,2017,26.24681,88.77966,0.448,False,High,14.39
9403,Panchagarh,2017,26.33327,88.66625,0.448,False,High,16.31
9404,Kurigram,2017,26.18533,89.63839,0.448,False,High,35.15
9405,Chittagong,2017,22.3111,92.00305,0.403,False,Low,-1.19
9406,Noakhali,2017,22.43494,91.01137,0.403,False,High,17.85
9407,Barisal,2017,22.60691,90.45473,0.402,False,High,9.66
9408,Jessore,2017,22.95565,89.03989,0.402,False,High,7.75
9409,Jessore,2017,23.09585,89.00781,0.402,False,High,7.75
9410,Jessore,2017,23.05671,89.17303,0.402,False,High,7.75
9411,Jessore,2017,23.08783,89.07903,0.402,False,High,7.75
9412,Jessore,2017,23.12055,89.03155,0.402,False,High,7.75
9413,Barisal,2017,22.85619,90.33282,0.402,False,High,9.66
9414,Barisal,2017,22.83149,90.46179,0.402,False,High,9.66
9415,Jessore,2017,23.22642,88.97155,0.402,False,High,7.75
9416,Barisal,2017,22.90143,90.3633,0.402,False,High,9.66
9417,Narail,2017,23.12921,89.43803,0.401,False,Low,-8.78
9418,Gopalganj,2017,23.17541,89.7056,0.401,False,Low,-0.76
9419,Jhenaidah,2017,23.33133,89.21666,0.401,False,High,15.44
9420,Magura,2017,23.35892,89.33088,0.401,False,High,12.28
9421,Shariatpur,2017,23.12536,90.44318,0.401,False,High,11.14
9422,Magura,2017,23.39422,89.32189,0.401,False,High,12.28
9423,Jhenaidah,2017,23.4895,89.01005,0.401,False,High,15.44
9424,Gopalganj,2017,23.2646,89.98825,0.401,False,Low,-0.76
9425,Gopalganj,2017,23.29444,89.90933,0.401,False,Low,-0.76
9426,Faridpur,2017,23.33615,89.76014,0.401,False,High,8.19
9427,Jhenaidah,2017,23.53057,88.98727,0.401,False,High,15.44
9428,Jhenaidah,2017,23.4988,89.15282,0.401,False,High,15.44
9429,Magura,2017,23.46544,89.31965,0.401,False,High,12.28
9430,Comilla,2017,23.18953,91.29273,0.4,False,High,10.87
9431,Comilla,2017,23.2784,91.13296,0.4,False,High,10.87
9432,Jhenaidah,2017,23.71504,89.07165,0.4,False,High,15.44
9433,Rajbari,2017,23.63291,89.54423,0.4,False,High,4.82
9434,Kushtia,2017,23.76381,89.0771,0.4,False,High,18.8
9435,Chandpur,2017,23.4356,90.69856,0.4,False,High,15.78
9436,Chandpur,2017,23.44555,90.66905,0.4,False,High,15.78
9437,Comilla,2017,23.39133,91.07714,0.4,False,High,10.87
9438,Kushtia,2017,23.80616,89.08095,0.4,False,High,18.8
9439,Chandpur,2017,23.46768,90.6591,0.4,False,High,15.78
9440,Comilla,2017,23.45164,91.12975,0.4,False,High,10.87
9441,Comilla,2017,23.46416,91.1259,0.4,False,High,10.87
9442,Comilla,2017,23.49913,90.97544,0.399,False,High,10.87
9443,Comilla,2017,23.58447,90.81599,0.399,False,High,10.87
9444,Comilla,2017,23.65569,91.14387,0.399,False,High,10.87
9445,Comilla,2017,23.66692,91.09575,0.399,False,High,10.87
9446,Rajshahi,2017,24.17511,88.8105,0.399,False,Low,-20.24
9447,Dhaka,2017,23.89759,90.12974,0.399,False,Low,-5.31
9448,Pabna,2017,24.13244,89.2603,0.399,False,High,13.38
9449,Rajshahi,2017,24.32686,88.77873,0.398,False,Low,-20.24
9450,Rajshahi,2017,24.33616,88.7643,0.398,False,Low,-20.24
9451,Natore,2017,24.27906,88.97444,0.398,False,High,9.57
9452,Natore,2017,24.2412,89.13967,0.398,False,High,9.57
9453,Brahamanbaria,2017,23.87225,91.13874,0.398,False,High,11.9
9454,Natore,2017,24.32173,88.97091,0.398,False,High,9.57
9455,Brahamanbaria,2017,23.90786,91.09992,0.398,False,High,11.9
9456,Narsingdi,2017,24.00603,90.74476,0.398,False,Low,-4.09
9457,Rajshahi,2017,24.44107,88.76558,0.398,False,Low,-20.24
9458,Nawabganj,2017,24.60726,88.199,0.398,False,High,38.19
9459,Natore,2017,24.36568,89.05433,0.398,False,High,9.57
9460,Rajshahi,2017,24.49626,88.58656,0.398,False,Low,-20.24
9461,Natore,2017,24.38429,89.01069,0.398,False,High,9.57
9462,Natore,2017,24.40193,88.95968,0.398,False,High,9.57
9463,Natore,2017,24.38653,89.02449,0.398,False,High,9.57
9464,Rajshahi,2017,24.46481,88.74248,0.398,False,Low,-20.24
9465,Nawabganj,2017,24.67046,88.0511,0.398,False,High,38.19
9466,Natore,2017,24.38108,89.07261,0.398,False,High,9.57
9467,Natore,2017,24.42375,88.91701,0.398,False,High,9.57
9468,Rajshahi,2017,24.46706,88.77168,0.398,False,Low,-20.24
9469,Nawabganj,2017,24.63614,88.19451,0.398,False,High,38.19
9470,Rajshahi,2017,24.44749,88.87049,0.398,False,Low,-20.24
9471,Tangail,2017,24.2197,89.82848,0.398,False,High,8.96
9472,Rajshahi,2017,24.51743,88.68602,0.398,False,Low,-20.24
9473,Sirajganj,2017,24.32173,89.49354,0.398,False,High,48.62
9474,Brahamanbaria,2017,24.04581,91.149,0.398,False,High,11.9
9475,Sirajganj,2017,24.32076,89.61481,0.398,False,High,48.62
9476,Tangail,2017,24.2813,89.81244,0.398,False,High,8.96
9477,Kishoreganj,2017,24.0933,90.90518,0.398,False,High,12.02
9478,Sirajganj,2017,24.34771,89.54359,0.398,False,High,48.62
9479,Tangail,2017,24.27264,89.92954,0.398,False,High,8.96
9480,Sirajganj,2017,24.35541,89.5561,0.398,False,High,48.62
9481,Gazipur,2017,24.17543,90.50093,0.398,False,Medium,1.1
9482,Rajshahi,2017,24.57005,88.84194,0.398,False,Low,-20.24
9483,Tangail,2017,24.33039,89.91735,0.398,False,High,8.96
9484,Rajshahi,2017,24.60341,88.77104,0.398,False,Low,-20.24
9485,Nawabganj,2017,24.79302,88.16307,0.397,False,High,38.19
9486,Brahamanbaria,2017,24.16548,91.22889,0.397,False,High,11.9
9487,Mymensingh,2017,24.31178,90.29881,0.397,False,Low,-5.83
9488,Naogaon,2017,24.72789,88.7197,0.397,False,High,22.41
9489,Naogaon,2017,24.78083,88.67703,0.397,False,High,22.41
9490,Naogaon,2017,24.77602,88.74152,0.397,False,High,22.41
9491,Naogaon,2017,24.77505,88.78034,0.397,False,High,22.41
9492,Naogaon,2017,24.84788,88.74665,0.397,False,High,22.41
9493,Bogra,2017,24.69421,89.5253,0.397,False,High,39.64
9494,Naogaon,2017,24.91654,88.72355,0.397,False,High,22.41
9495,Maulvibazar,2017,24.40995,91.69922,0.396,False,Medium,1.33
9496,Maulvibazar,2017,24.41701,91.66906,0.396,False,Medium,1.33
9497,Naogaon,2017,24.88863,88.96321,0.396,False,High,22.41
9498,Jamalpur,2017,24.7481,89.8118,0.396,False,High,16.99
9499,Joypurhat,2017,24.9406,89.05818,0.396,False,High,30.07
9500,Naogaon,2017,24.9714,88.93626,0.396,False,High,22.41
9501,Joypurhat,2017,24.95793,89.02192,0.396,False,High,30.07
9502,Mymensingh,2017,24.64801,90.65814,0.396,False,Low,-5.83
9503,Naogaon,2017,24.99899,89.00331,0.396,False,High,22.41
9504,Mymensingh,2017,24.79238,90.11947,0.396,False,Low,-5.83
9505,Mymensingh,2017,24.73976,90.51505,0.396,False,Low,-5.83
9506,Naogaon,2017,25.10005,88.91059,0.396,False,High,22.41
9507,Mymensingh,2017,24.83024,90.39089,0.396,False,Low,-5.83
9508,Jamalpur,2017,24.95311,89.76399,0.396,False,High,16.99
9509,Joypurhat,2017,25.1331,88.98888,0.396,False,High,30.07
9510,Joypurhat,2017,25.14914,88.93241,0.396,False,High,30.07
9511,Jamalpur,2017,24.95311,89.90612,0.396,False,High,16.99
9512,Jamalpur,2017,24.99193,89.83714,0.396,False,High,16.99
9513,Joypurhat,2017,25.18892,89.00107,0.395,False,High,30.07
9514,Sylhet,2017,24.74297,92.03352,0.395,False,High,13.59
9515,Sherpur,2017,25.01985,89.96034,0.395,False,High,31.78
9516,Rangpur,2017,25.30987,89.33665,0.395,False,High,75.35
9517,Dinajpur,2017,25.38302,89.16373,0.395,False,High,39.31
9518,Jamalpur,2017,25.24507,89.83073,0.395,False,High,16.99
9519,Rangpur,2017,25.37275,89.30393,0.395,False,High,75.35
9520,Gaibandha,2017,25.37211,89.35911,0.395,False,High,42.66
9521,Rangpur,2017,25.40837,89.29783,0.395,False,High,75.35
9522,Gaibandha,2017,25.39778,89.36745,0.395,False,High,42.66
9523,Gaibandha,2017,25.39585,89.54647,0.394,False,High,42.66
9524,Rangpur,2017,25.45264,89.36424,0.394,False,High,75.35
9525,Rangpur,2017,25.47734,89.35943,0.394,False,High,75.35
9526,Rangpur,2017,25.4844,89.3174,0.394,False,High,75.35
9527,Dinajpur,2017,25.55049,89.06844,0.394,False,High,39.31
9528,Rangpur,2017,25.49659,89.302,0.394,False,High,75.35
9529,Dinajpur,2017,25.61594,88.81595,0.394,False,High,39.31
9530,Dinajpur,2017,25.60952,88.85734,0.394,False,High,39.31
9531,Dinajpur,2017,25.75999,88.43898,0.394,False,High,39.31
9532,Thakurgaon,2017,25.85111,88.12874,0.394,False,High,14.28
9533,Rangpur,2017,25.55948,89.30136,0.394,False,High,75.35
9534,Rangpur,2017,25.55338,89.34917,0.394,False,High,75.35
9535,Dinajpur,2017,25.67465,88.83456,0.394,False,High,39.31
9536,Rangpur,2017,25.57103,89.28757,0.394,False,High,75.35
9537,Rangpur,2017,25.57905,89.26479,0.394,False,High,75.35
9538,Dinajpur,2017,25.68941,88.82237,0.394,False,High,39.31
9539,Thakurgaon,2017,25.86747,88.17526,0.394,False,High,14.28
9540,Dinajpur,2017,25.69166,88.8583,0.394,False,High,39.31
9541,Rangpur,2017,25.67786,89.09347,0.394,False,High,75.35
9542,Rangpur,2017,25.66054,89.25805,0.394,False,High,75.35
9543,Rangpur,2017,25.67947,89.18747,0.394,False,High,75.35
9544,Rangpur,2017,25.67369,89.24425,0.394,False,High,75.35
9545,Dinajpur,2017,25.854,88.52175,0.394,False,High,39.31
9546,Rangpur,2017,25.7093,89.1525,0.394,False,High,75.35
9547,Thakurgaon,2017,25.96019,88.19258,0.394,False,High,14.28
9548,Thakurgaon,2017,25.94286,88.34337,0.394,False,High,14.28
9549,Thakurgaon,2017,25.97142,88.24135,0.394,False,High,14.28
9550,Rangpur,2017,25.74138,89.16052,0.394,False,High,75.35
9551,Kurigram,2017,25.66182,89.61192,0.394,False,High,35.15
9552,Kurigram,2017,25.66278,89.80731,0.393,False,High,35.15
9553,Rangpur,2017,25.75133,89.39697,0.393,False,High,75.35
9554,Dinajpur,2017,25.89025,88.80921,0.393,False,High,39.31
9555,Rangpur,2017,25.75261,89.44413,0.393,False,High,75.35
9556,Rangpur,2017,25.76416,89.41141,0.393,False,High,75.35
9557,Nilphamari,2017,25.86234,88.99144,0.393,False,High,14.39
9558,Rangpur,2017,25.8017,89.379,0.393,False,High,75.35
9559,Kurigram,2017,25.75839,89.65555,0.393,False,High,35.15
9560,Dinajpur,2017,26.01794,88.62025,0.393,False,High,39.31
9561,Thakurgaon,2017,26.12317,88.27536,0.393,False,High,14.28
9562,Thakurgaon,2017,26.13825,88.21568,0.393,False,High,14.28
9563,Lalmonirhat,2017,25.84084,89.44156,0.393,False,High,33.32
9564,Nilphamari,2017,25.9865,88.81788,0.393,False,High,14.39
9565,Thakurgaon,2017,26.12702,88.28177,0.393,False,High,14.28
9566,Thakurgaon,2017,26.12413,88.30199,0.393,False,High,14.28
9567,Thakurgaon,2017,26.05708,88.58913,0.393,False,High,14.28
9568,Thakurgaon,2017,26.09686,88.4547,0.393,False,High,14.28
9569,Thakurgaon,2017,26.13921,88.31065,0.393,False,High,14.28
9570,Lalmonirhat,2017,25.90789,89.2558,0.393,False,High,33.32
9571,Panchagarh,2017,26.03622,88.73607,0.393,False,High,16.31
9572,Thakurgaon,2017,26.17963,88.24231,0.393,False,High,14.28
9573,Nilphamari,2017,25.9804,89.05593,0.393,False,High,14.39
9574,Lalmonirhat,2017,25.92201,89.35045,0.393,False,High,33.32
9575,Kurigram,2017,25.88127,89.61577,0.393,False,High,35.15
9576,Nilphamari,2017,26.07601,88.77713,0.393,False,High,14.39
9577,Kurigram,2017,25.89121,89.62219,0.393,False,High,35.15
9578,Lalmonirhat,2017,25.94511,89.37355,0.393,False,High,33.32
9579,Lalmonirhat,2017,25.97591,89.36809,0.393,False,High,33.32
9580,Nilphamari,2017,26.09429,88.85445,0.393,False,High,14.39
9581,Lalmonirhat,2017,25.98874,89.32414,0.393,False,High,33.32
9582,Thakurgaon,2017,26.17867,88.51694,0.393,False,High,14.28
9583,Thakurgaon,2017,26.18798,88.50571,0.393,False,High,14.28
9584,Nilphamari,2017,26.10649,88.83103,0.393,False,High,14.39
9585,Thakurgaon,2017,26.18541,88.52015,0.393,False,High,14.28
9586,Nilphamari,2017,26.08916,88.9122,0.393,False,High,14.39
9587,Lalmonirhat,2017,25.9897,89.40467,0.393,False,High,33.32
9588,Kurigram,2017,25.94543,89.68668,0.393,False,High,35.15
9589,Panchagarh,2017,26.22615,88.57758,0.392,False,High,16.31
9590,Panchagarh,2017,26.21043,88.64527,0.392,False,High,16.31
9591,Nilphamari,2017,26.12124,89.04021,0.392,False,High,14.39
9592,Lalmonirhat,2017,26.08659,89.24746,0.392,False,High,33.32
9593,Nilphamari,2017,26.15044,88.98406,0.392,False,High,14.39
9594,Nilphamari,2017,26.19696,88.80761,0.392,False,High,14.39
9595,Kurigram,2017,26.0173,89.62315,0.392,False,High,35.15
9596,Panchagarh,2017,26.30251,88.67222,0.392,False,High,16.31
9597,Nilphamari,2017,26.28005,88.87947,0.392,False,High,14.39
9598,Kurigram,2017,26.13985,89.60101,0.392,False,High,35.15
9599,Panchagarh,2017,26.33941,88.71714,0.392,False,High,16.31
9600,Panchagarh,2017,26.33973,88.72997,0.392,False,High,16.31
9601,Kurigram,2017,26.19407,89.63117,0.392,False,High,35.15
9602,Panchagarh,2017,26.51714,88.38155,0.392,False,High,16.31
9603,Bhola,2017,22.07984,90.67744,0.346,False,Low,-6.7
9604,Bhola,2017,22.21047,90.68905,0.346,False,Low,-6.7
9605,Bagerhat,2017,22.46649,89.89366,0.345,False,High,11.87
9606,Noakhali,2017,22.31902,91.09516,0.345,False,High,17.85
9607,Barisal,2017,22.48333,90.33196,0.345,False,High,9.66
9608,Barisal,2017,22.59338,90.41581,0.345,False,High,9.66
9609,Jhalokati,2017,22.63156,90.33122,0.345,False,High,15.14
9610,Barisal,2017,22.6207,90.38923,0.345,False,High,9.66
9611,Barisal,2017,22.62594,90.37239,0.345,False,High,9.66
9612,Barisal,2017,22.67535,90.45436,0.345,False,High,9.66
9613,Noakhali,2017,22.59263,91.01843,0.345,False,High,17.85
9614,Jessore,2017,23.0867,88.89316,0.345,False,High,7.75
9615,Jessore,2017,23.11627,88.91562,0.345,False,High,7.75
9616,Jessore,2017,23.07772,89.14095,0.344,False,High,7.75
9617,Barisal,2017,22.84116,90.4218,0.344,False,High,9.66
9618,Barisal,2017,22.85576,90.40458,0.344,False,High,9.66
9619,Barisal,2017,22.91527,90.19123,0.344,False,High,9.66
9620,Jessore,2017,23.26711,88.95455,0.344,False,High,7.75
9621,Narail,2017,23.13648,89.48867,0.344,False,Low,-8.78
9622,Barisal,2017,22.97703,90.35068,0.344,False,High,9.66
9623,Narail,2017,23.17579,89.50739,0.344,False,Low,-8.78
9624,Barisal,2017,23.02307,90.2062,0.344,False,High,9.66
9625,Barisal,2017,22.96393,90.52061,0.344,False,High,9.66
9626,Jessore,2017,23.21396,89.4067,0.344,False,High,7.75
9627,Jessore,2017,23.31016,89.05636,0.344,False,High,7.75
9628,Gopalganj,2017,23.13424,89.77838,0.344,False,Low,-0.76
9629,Madaripur,2017,23.12825,89.9805,0.344,False,High,3.68
9630,Jessore,2017,23.30978,89.30976,0.344,False,High,7.75
9631,Chuadanga,2017,23.44041,88.89878,0.344,False,Low,-14.74
9632,Magura,2017,23.35096,89.4475,0.344,False,High,12.28
9633,Magura,2017,23.38502,89.35243,0.344,False,High,12.28
9634,Magura,2017,23.41346,89.37638,0.343,False,High,12.28
9635,Magura,2017,23.40598,89.46621,0.343,False,High,12.28
9636,Gopalganj,2017,23.2993,89.9674,0.343,False,Low,-0.76
9637,Noakhali,2017,23.13386,90.97875,0.343,False,High,17.85
9638,Jhenaidah,2017,23.49319,89.2465,0.343,False,High,15.44
9639,Shariatpur,2017,23.27797,90.23315,0.343,False,High,11.14
9640,Magura,2017,23.48308,89.40333,0.343,False,High,12.28
9641,Shariatpur,2017,23.30716,90.3825,0.343,False,High,11.14
9642,Jhenaidah,2017,23.57217,89.20795,0.343,False,High,15.44
9643,Faridpur,2017,23.47972,89.63352,0.343,False,High,8.19
9644,Magura,2017,23.55607,89.49129,0.343,False,High,12.28
9645,Rangamati,2017,23.18552,92.19297,0.343,False,Medium,1.49
9646,Meherpur,2017,23.83305,88.6334,0.343,False,Low,-27.64
9647,Comilla,2017,23.3124,91.04425,0.343,False,High,10.87
9648,Comilla,2017,23.31203,91.22916,0.343,False,High,10.87
9649,Kushtia,2017,23.74098,89.10202,0.343,False,High,18.8
9650,Comilla,2017,23.34197,91.11649,0.343,False,High,10.87
9651,Comilla,2017,23.35582,91.0843,0.343,False,High,10.87
9652,Faridpur,2017,23.58826,89.84351,0.343,False,High,8.19
9653,Kushtia,2017,23.77204,89.10127,0.343,False,High,18.8
9654,Chandpur,2017,23.44079,90.67707,0.343,False,High,15.78
9655,Rajbari,2017,23.70841,89.43777,0.343,False,High,4.82
9656,Chandpur,2017,23.47073,90.6752,0.343,False,High,15.78
9657,Comilla,2017,23.40523,91.24039,0.343,False,High,10.87
9658,Rajbari,2017,23.70093,89.59797,0.343,False,High,4.82
9659,Kushtia,2017,23.88209,88.9145,0.343,False,High,18.8
9660,Comilla,2017,23.47522,90.8223,0.343,False,High,10.87
9661,Kushtia,2017,23.88433,88.93845,0.343,False,High,18.8
9662,Munshiganj,2017,23.57965,90.30539,0.342,False,High,11.83
9663,Kushtia,2017,23.8993,88.93246,0.342,False,High,18.8
9664,Comilla,2017,23.45576,91.15954,0.342,False,High,10.87
9665,Munshiganj,2017,23.53062,90.65461,0.342,False,High,11.83
9666,Comilla,2017,23.45576,91.23702,0.342,False,High,10.87
9667,Narayanganj,2017,23.57067,90.47457,0.342,False,High,31.57
9668,Comilla,2017,23.49319,91.05997,0.342,False,High,10.87
9669,Comilla,2017,23.5003,91.01581,0.342,False,High,10.87
9670,Kushtia,2017,23.92887,88.94107,0.342,False,High,18.8
9671,Kushtia,2017,23.94048,88.97289,0.342,False,High,18.8
9672,Comilla,2017,23.54372,91.02704,0.342,False,High,10.87
9673,Comilla,2017,23.53586,91.12922,0.342,False,High,10.87
9674,Comilla,2017,23.56356,90.97351,0.342,False,High,10.87
9675,Comilla,2017,23.55233,91.13446,0.342,False,High,10.87
9676,Kushtia,2017,24.01608,88.88306,0.342,False,High,18.8
9677,Comilla,2017,23.58939,90.93571,0.342,False,High,10.87
9678,Kushtia,2017,24.02544,88.90065,0.342,False,High,18.8
9679,Kushtia,2017,24.04416,88.85049,0.342,False,High,18.8
9680,Kushtia,2017,24.02694,88.92086,0.342,False,High,18.8
9681,Comilla,2017,23.65489,91.0173,0.342,False,High,10.87
9682,Comilla,2017,23.67061,90.98923,0.342,False,High,10.87
9683,Comilla,2017,23.67285,91.12061,0.342,False,High,10.87
9684,Brahamanbaria,2017,23.72825,90.77663,0.342,False,High,11.9
9685,Brahamanbaria,2017,23.72563,91.09216,0.342,False,High,11.9
9686,Dhaka,2017,23.88171,90.14332,0.342,False,Low,-5.31
9687,Pabna,2017,24.13249,89.16565,0.342,False,High,13.38
9688,Natore,2017,24.20997,88.9422,0.342,False,High,9.57
9689,Pabna,2017,24.13099,89.30938,0.342,False,High,13.38
9690,Natore,2017,24.20211,89.04064,0.342,False,High,9.57
9691,Dhaka,2017,23.98053,90.04001,0.342,False,Low,-5.31
9692,Natore,2017,24.20436,89.07095,0.342,False,High,9.57
9693,Natore,2017,24.24441,89.03278,0.341,False,High,9.57
9694,Natore,2017,24.27323,89.0092,0.341,False,High,9.57
9695,Rajshahi,2017,24.37354,88.64688,0.341,False,Low,-20.24
9696,Rajshahi,2017,24.37541,88.66334,0.341,False,Low,-20.24
9697,Rajshahi,2017,24.34771,88.7674,0.341,False,Low,-20.24
9698,Rajshahi,2017,24.33948,88.81568,0.341,False,Low,-20.24
9699,Rajshahi,2017,24.37616,88.69628,0.341,False,Low,-20.24
9700,Nawabganj,2017,24.52925,88.21681,0.341,False,High,38.19
9701,Rajshahi,2017,24.38215,88.73034,0.341,False,Low,-20.24
9702,Tangail,2017,24.11041,89.85399,0.341,False,High,8.96
9703,Rajshahi,2017,24.4207,88.61019,0.341,False,Low,-20.24
9704,Rajshahi,2017,24.38477,88.75355,0.341,False,Low,-20.24
9705,Rajshahi,2017,24.42145,88.68505,0.341,False,Low,-20.24
9706,Natore,2017,24.33237,89.01818,0.341,False,High,9.57
9707,Rajshahi,2017,24.43492,88.67195,0.341,False,Low,-20.24
9708,Rajshahi,2017,24.41247,88.7644,0.341,False,Low,-20.24
9709,Rajshahi,2017,24.39375,88.8344,0.341,False,Low,-20.24
9710,Natore,2017,24.33686,89.06497,0.341,False,High,9.57
9711,Rajshahi,2017,24.39974,88.84151,0.341,False,Low,-20.24
9712,Natore,2017,24.33798,89.09416,0.341,False,High,9.57
9713,Rajshahi,2017,24.41771,88.81157,0.341,False,Low,-20.24
9714,Gazipur,2017,24.02544,90.63814,0.341,False,Medium,1.1
9715,Rajshahi,2017,24.41396,88.84151,0.341,False,Low,-20.24
9716,Tangail,2017,24.17366,89.86185,0.341,False,High,8.96
9717,Rajshahi,2017,24.44503,88.74195,0.341,False,Low,-20.24
9718,Rajshahi,2017,24.43455,88.8067,0.341,False,Low,-20.24
9719,Rajshahi,2017,24.47198,88.7004,0.341,False,Low,-20.24
9720,Rajshahi,2017,24.50679,88.58624,0.341,False,Low,-20.24
9721,Rajshahi,2017,24.42781,88.87857,0.341,False,Low,-20.24
9722,Rajshahi,2017,24.4731,88.75767,0.341,False,Low,-20.24
9723,Natore,2017,24.35258,89.23752,0.341,False,High,9.57
9724,Nawabganj,2017,24.62058,88.2752,0.341,False,High,38.19
9725,Natore,2017,24.36718,89.21693,0.341,False,High,9.57
9726,Sirajganj,2017,24.28408,89.61369,0.341,False,High,48.62
9727,Sirajganj,2017,24.27996,89.63802,0.341,False,High,48.62
9728,Brahamanbaria,2017,24.03181,91.06147,0.341,False,High,11.9
9729,Sirajganj,2017,24.27922,89.67095,0.341,False,High,48.62
9730,Natore,2017,24.41322,89.11774,0.341,False,High,9.57
9731,Habiganj,2017,24.01272,91.31337,0.341,False,Low,-1.01
9732,Pabna,2017,24.35033,89.3805,0.341,False,High,13.38
9733,Sirajganj,2017,24.33087,89.48119,0.341,False,High,48.62
9734,Sirajganj,2017,24.32001,89.55679,0.341,False,High,48.62
9735,Natore,2017,24.39675,89.26971,0.341,False,High,9.57
9736,Rajshahi,2017,24.56219,88.64875,0.341,False,Low,-20.24
9737,Sirajganj,2017,24.3567,89.46022,0.341,False,High,48.62
9738,Narsingdi,2017,24.10217,90.86833,0.341,False,Low,-4.09
9739,Sirajganj,2017,24.32638,89.67095,0.341,False,High,48.62
9740,Rajshahi,2017,24.55919,88.8606,0.341,False,Low,-20.24
9741,Rajshahi,2017,24.57379,88.85723,0.341,False,Low,-20.24
9742,Sirajganj,2017,24.38926,89.66871,0.341,False,High,48.62
9743,Rajshahi,2017,24.6348,88.68955,0.341,False,Low,-20.24
9744,Rajshahi,2017,24.62282,88.82429,0.341,False,Low,-20.24
9745,Sirajganj,2017,24.47235,89.53546,0.341,False,High,48.62
9746,Naogaon,2017,24.7003,88.78799,0.34,False,High,22.41
9747,Naogaon,2017,24.74896,88.66072,0.34,False,High,22.41
9748,Naogaon,2017,24.75757,88.73334,0.34,False,High,22.41
9749,Sirajganj,2017,24.54197,89.63727,0.34,False,High,48.62
9750,Sirajganj,2017,24.53786,89.67545,0.34,False,High,48.62
9751,Naogaon,2017,24.76169,88.7644,0.34,False,High,22.41
9752,Mymensingh,2017,24.38477,90.56777,0.34,False,Low,-5.83
9753,Habiganj,2017,24.28184,91.43128,0.34,False,Low,-1.01
9754,Naogaon,2017,24.79986,88.77676,0.34,False,High,22.41
9755,Naogaon,2017,24.81746,88.72211,0.34,False,High,22.41
9756,Mymensingh,2017,24.46824,90.35629,0.34,False,Low,-5.83
9757,Naogaon,2017,24.82794,88.80221,0.34,False,High,22.41
9758,Sirajganj,2017,24.65426,89.61144,0.34,False,High,48.62
9759,Bogra,2017,24.69768,89.44001,0.34,False,High,39.64
9760,Mymensingh,2017,24.49519,90.63777,0.34,False,Low,-5.83
9761,Sirajganj,2017,24.70292,89.59273,0.34,False,High,48.62
9762,Bogra,2017,24.76543,89.38312,0.34,False,High,39.64
9763,Naogaon,2017,24.89082,88.93658,0.34,False,High,22.41
9764,Bogra,2017,24.75008,89.56203,0.34,False,High,39.64
9765,Mymensingh,2017,24.55358,90.64413,0.34,False,Low,-5.83
9766,Jamalpur,2017,24.7134,89.78961,0.34,False,High,16.99
9767,Mymensingh,2017,24.60149,90.48393,0.34,False,Low,-5.83
9768,Naogaon,2017,24.91739,88.99872,0.34,False,High,22.41
9769,Naogaon,2017,24.94734,88.93845,0.34,False,High,22.41
9770,Jamalpur,2017,24.80511,89.75442,0.34,False,High,16.99
9771,Tangail,2017,24.75607,90.03477,0.34,False,High,8.96
9772,Tangail,2017,24.7703,90.03103,0.339,False,High,8.96
9773,Netrakona,2017,24.66699,90.76877,0.339,False,High,50.49
9774,Jamalpur,2017,24.87098,89.67133,0.339,False,High,16.99
9775,Jamalpur,2017,24.85975,89.77763,0.339,False,High,16.99
9776,Bogra,2017,24.94285,89.42017,0.339,False,High,39.64
9777,Jamalpur,2017,24.85526,89.84126,0.339,False,High,16.99
9778,Bogra,2017,24.93237,89.48156,0.339,False,High,39.64
9779,Joypurhat,2017,25.08695,88.97476,0.339,False,High,30.07
9780,Jamalpur,2017,24.89868,89.98649,0.339,False,High,16.99
9781,Mymensingh,2017,24.82457,90.45623,0.339,False,Low,-5.83
9782,Jamalpur,2017,24.8852,90.1523,0.339,False,High,16.99
9783,Jamalpur,2017,24.90093,90.07557,0.339,False,High,16.99
9784,Mymensingh,2017,24.84179,90.47382,0.339,False,Low,-5.83
9785,Mymensingh,2017,24.84515,90.46147,0.339,False,Low,-5.83
9786,Jamalpur,2017,24.9567,89.89142,0.339,False,High,16.99
9787,Joypurhat,2017,25.15919,89.00283,0.339,False,High,30.07
9788,Sherpur,2017,24.94472,90.01082,0.339,False,High,31.78
9789,Mymensingh,2017,24.86387,90.4742,0.339,False,Low,-5.83
9790,Sherpur,2017,25.00236,89.92623,0.339,False,High,31.78
9791,Sherpur,2017,25.03492,89.9528,0.339,False,High,31.78
9792,Netrakona,2017,24.93985,90.58873,0.339,False,High,50.49
9793,Dinajpur,2017,25.26175,89.22966,0.339,False,High,39.31
9794,Gaibandha,2017,25.21496,89.45162,0.339,False,High,42.66
9795,Gaibandha,2017,25.31303,89.38275,0.338,False,High,42.66
9796,Dinajpur,2017,25.44852,88.82579,0.338,False,High,39.31
9797,Jamalpur,2017,25.23255,89.88393,0.338,False,High,16.99
9798,Jamalpur,2017,25.24528,89.84201,0.338,False,High,16.99
9799,Jamalpur,2017,25.25501,89.80383,0.338,False,High,16.99
9800,Jamalpur,2017,25.25613,89.82816,0.338,False,High,16.99
9801,Sherpur,2017,25.2363,89.95205,0.338,False,High,31.78
9802,Jamalpur,2017,25.26998,89.83003,0.338,False,High,16.99
9803,Gaibandha,2017,25.36468,89.38349,0.338,False,High,42.66
9804,Rangpur,2017,25.40922,89.21581,0.338,False,High,75.35
9805,Jamalpur,2017,25.29207,89.78661,0.338,False,High,16.99
9806,Jamalpur,2017,25.29656,89.7911,0.338,False,High,16.99
9807,Gaibandha,2017,25.37366,89.46771,0.338,False,High,42.66
9808,Gaibandha,2017,25.40024,89.37638,0.338,False,High,42.66
9809,Jamalpur,2017,25.328,89.76977,0.338,False,High,16.99
9810,Rangpur,2017,25.4474,89.31986,0.338,False,High,75.35
9811,Rangpur,2017,25.45826,89.29029,0.338,False,High,75.35
9812,Sunamganj,2017,25.12139,91.31899,0.338,False,High,31.03
9813,Rangpur,2017,25.45863,89.3019,0.338,False,High,75.35
9814,Rangpur,2017,25.47023,89.28206,0.338,False,High,75.35
9815,Gaibandha,2017,25.45489,89.46397,0.338,False,High,42.66
9816,Dinajpur,2017,25.59787,88.8606,0.338,False,High,39.31
9817,Gaibandha,2017,25.45601,89.47445,0.338,False,High,42.66
9818,Jamalpur,2017,25.39388,89.78137,0.338,False,High,16.99
9819,Dinajpur,2017,25.62706,88.84338,0.338,False,High,39.31
9820,Thakurgaon,2017,25.79999,88.20221,0.338,False,High,14.28
9821,Rangpur,2017,25.50355,89.40183,0.338,False,High,75.35
9822,Thakurgaon,2017,25.83143,88.1936,0.338,False,High,14.28
9823,Gaibandha,2017,25.51215,89.47669,0.338,False,High,42.66
9824,Dinajpur,2017,25.7139,88.70377,0.338,False,High,39.31
9825,Dinajpur,2017,25.75208,88.57389,0.338,False,High,39.31
9826,Rangpur,2017,25.62744,89.07807,0.338,False,High,75.35
9827,Dinajpur,2017,25.68134,88.86883,0.338,False,High,39.31
9828,Dinajpur,2017,25.69556,88.83889,0.338,False,High,39.31
9829,Dinajpur,2017,25.77154,88.58324,0.338,False,High,39.31
9830,Dinajpur,2017,25.72775,88.80071,0.338,False,High,39.31
9831,Thakurgaon,2017,25.9018,88.20183,0.338,False,High,14.28
9832,Dinajpur,2017,25.73037,88.87183,0.338,False,High,39.31
9833,Gaibandha,2017,25.55595,89.64064,0.338,False,High,42.66
9834,Rangpur,2017,25.71091,89.05898,0.337,False,High,75.35
9835,Thakurgaon,2017,25.88346,88.41518,0.337,False,High,14.28
9836,Kurigram,2017,25.59413,89.66833,0.337,False,High,35.15
9837,Dinajpur,2017,25.86399,88.52373,0.337,False,High,39.31
9838,Thakurgaon,2017,25.93249,88.27782,0.337,False,High,14.28
9839,Thakurgaon,2017,25.92313,88.32236,0.337,False,High,14.28
9840,Dinajpur,2017,25.78951,88.84413,0.337,False,High,39.31
9841,Rangpur,2017,25.66749,89.44712,0.337,False,High,75.35
9842,Dinajpur,2017,25.83779,88.76927,0.337,False,High,39.31
9843,Thakurgaon,2017,25.9789,88.25274,0.337,False,High,14.28
9844,Rangpur,2017,25.77267,89.0863,0.337,False,High,75.35
9845,Rangpur,2017,25.70454,89.39248,0.337,False,High,75.35
9846,Rangpur,2017,25.74871,89.2087,0.337,False,High,75.35
9847,Nilphamari,2017,25.8333,88.86359,0.337,False,High,14.39
9848,Thakurgaon,2017,25.9789,88.31787,0.337,False,High,14.28
9849,Dinajpur,2017,25.85239,88.81044,0.337,False,High,39.31
9850,Kurigram,2017,25.63118,89.84089,0.337,False,High,35.15
9851,Kurigram,2017,25.63343,89.83265,0.337,False,High,35.15
9852,Kurigram,2017,25.68059,89.59684,0.337,False,High,35.15
9853,Nilphamari,2017,25.85426,88.83178,0.337,False,High,14.39
9854,Dinajpur,2017,25.9295,88.55405,0.337,False,High,39.31
9855,Thakurgaon,2017,25.99762,88.32348,0.337,False,High,14.28
9856,Kurigram,2017,25.70342,89.54444,0.337,False,High,35.15
9857,Rangpur,2017,25.7401,89.38312,0.337,False,High,75.35
9858,Kurigram,2017,25.65289,89.82629,0.337,False,High,35.15
9859,Rangpur,2017,25.74235,89.40445,0.337,False,High,75.35
9860,Rangpur,2017,25.78315,89.2465,0.337,False,High,75.35
9861,Dinajpur,2017,25.92875,88.648,0.337,False,High,39.31
9862,Rangpur,2017,25.78539,89.25399,0.337,False,High,75.35
9863,Rangpur,2017,25.76406,89.34943,0.337,False,High,75.35
9864,Thakurgaon,2017,26.01933,88.3261,0.337,False,High,14.28
9865,Dinajpur,2017,25.90442,88.76665,0.337,False,High,39.31
9866,Kurigram,2017,25.67348,89.83527,0.337,False,High,35.15
9867,Kurigram,2017,25.73786,89.54107,0.337,False,High,35.15
9868,Rangpur,2017,25.78726,89.34157,0.337,False,High,75.35
9869,Dinajpur,2017,25.92238,88.78312,0.337,False,High,39.31
9870,Rangpur,2017,25.82806,89.18137,0.337,False,High,75.35
9871,Dinajpur,2017,25.97778,88.59784,0.337,False,High,39.31
9872,Thakurgaon,2017,26.04403,88.36091,0.337,False,High,14.28
9873,Dinajpur,2017,25.99163,88.57389,0.337,False,High,39.31
9874,Rangpur,2017,25.86587,89.17202,0.337,False,High,75.35
9875,Nilphamari,2017,25.96169,88.78948,0.337,False,High,14.39
9876,Rangpur,2017,25.84678,89.27682,0.337,False,High,75.35
9877,Thakurgaon,2017,26.07323,88.42566,0.337,False,High,14.28
9878,Nilphamari,2017,25.99425,88.80183,0.337,False,High,14.39
9879,Nilphamari,2017,25.9965,88.8314,0.337,False,High,14.39
9880,Nilphamari,2017,25.93287,89.10015,0.337,False,High,14.39
9881,Thakurgaon,2017,26.16194,88.25611,0.337,False,High,14.28
9882,Thakurgaon,2017,26.08333,88.58774,0.337,False,High,14.28
9883,Nilphamari,2017,25.992,88.95605,0.337,False,High,14.39
9884,Thakurgaon,2017,26.11103,88.48817,0.337,False,High,14.28
9885,Lalmonirhat,2017,25.92613,89.36927,0.337,False,High,33.32
9886,Thakurgaon,2017,26.18814,88.30776,0.337,False,High,14.28
9887,Thakurgaon,2017,26.13461,88.52186,0.337,False,High,14.28
9888,Lalmonirhat,2017,25.94073,89.35018,0.337,False,High,33.32
9889,Nilphamari,2017,26.05938,88.84226,0.337,False,High,14.39
9890,Lalmonirhat,2017,25.95607,89.31687,0.337,False,High,33.32
9891,Thakurgaon,2017,26.13087,88.60308,0.337,False,High,14.28
9892,Thakurgaon,2017,26.17391,88.56228,0.337,False,High,14.28
9893,Nilphamari,2017,26.10242,88.85611,0.337,False,High,14.39
9894,Nilphamari,2017,26.11814,88.8082,0.337,False,High,14.39
9895,Lalmonirhat,2017,26.0343,89.17651,0.337,False,High,33.32
9896,Lalmonirhat,2017,25.99612,89.36515,0.336,False,High,33.32
9897,Lalmonirhat,2017,26.03692,89.18437,0.336,False,High,33.32
9898,Lalmonirhat,2017,26.02756,89.23115,0.336,False,High,33.32
9899,Nilphamari,2017,26.11777,88.85723,0.336,False,High,14.39
9900,Lalmonirhat,2017,26.04703,89.19597,0.336,False,High,33.32
9901,Kurigram,2017,25.95308,89.68817,0.336,False,High,35.15
9902,Nilphamari,2017,26.16194,88.96877,0.336,False,High,14.39
9903,Panchagarh,2017,26.30716,88.46796,0.336,False,High,16.31
9904,Kurigram,2017,26.04253,89.64138,0.336,False,High,35.15
9905,Panchagarh,2017,26.2615,88.72548,0.336,False,High,16.31
9906,Panchagarh,2017,26.29444,88.65698,0.336,False,High,16.31
9907,Nilphamari,2017,26.27722,88.7805,0.336,False,High,14.39
9908,Panchagarh,2017,26.34347,88.53197,0.336,False,High,16.31
9909,Panchagarh,2017,26.32812,88.67532,0.336,False,High,16.31
9910,Panchagarh,2017,26.32251,88.72548,0.336,False,High,16.31
9911,Lalmonirhat,2017,26.24428,89.05561,0.336,False,High,33.32
9912,Kurigram,2017,26.15632,89.67133,0.336,False,High,35.15
9913,Panchagarh,2017,26.46399,88.3538,0.336,False,High,16.31
9914,Lalmonirhat,2017,26.34272,88.99348,0.336,False,High,33.32
9915,Lalmonirhat,2017,26.33187,89.08855,0.336,False,High,33.32
9916,Panchagarh,2017,26.52463,88.38037,0.336,False,High,16.31
9917,Cox's Bazar,2017,21.37204,92.08293,0.289,False,Medium,1.81
9918,Cox's Bazar,2017,21.45783,92.01107,0.289,False,Medium,1.81
9919,Bhola,2017,22.11001,90.63036,0.288,False,Low,-6.7
9920,Bhola,2017,22.20613,90.70626,0.288,False,Low,-6.7
9921,Bhola,2017,22.25105,90.75253,0.288,False,Low,-6.7
9922,Bagerhat,2017,22.47967,89.88161,0.288,False,High,11.87
9923,Bhola,2017,22.33863,90.72827,0.288,False,Low,-6.7
9924,Noakhali,2017,22.27889,91.14554,0.288,False,High,17.85
9925,Noakhali,2017,22.29506,91.12847,0.288,False,High,17.85
9926,Chittagong,2017,22.24521,91.80894,0.288,False,Low,-1.19
9927,Bagerhat,2017,22.57758,89.85062,0.288,False,High,11.87
9928,Barisal,2017,22.51919,90.39994,0.288,False,High,9.66
9929,Barisal,2017,22.54794,90.51717,0.287,False,High,9.66
9930,Barisal,2017,22.57219,90.3941,0.287,False,High,9.66
9931,Barisal,2017,22.58432,90.37344,0.287,False,High,9.66
9932,Chittagong,2017,22.38534,91.7784,0.287,False,Low,-1.19
9933,Khulna,2017,22.81743,89.38394,0.287,False,High,22.68
9934,Jhalokati,2017,22.64451,90.13493,0.287,False,High,15.14
9935,Khulna,2017,22.79138,89.52004,0.287,False,High,22.68
9936,Jhalokati,2017,22.62744,90.33885,0.287,False,High,15.14
9937,Jhalokati,2017,22.63597,90.36625,0.287,False,High,15.14
9938,Jhalokati,2017,22.64316,90.35143,0.287,False,High,15.14
9939,Pirojpur,2017,22.76308,89.91619,0.287,False,High,9.18
9940,Jessore,2017,22.98093,89.06055,0.287,False,High,7.75
9941,Bagerhat,2017,22.80171,89.75719,0.287,False,High,11.87
9942,Lakshmipur,2017,22.58657,91.00001,0.287,False,Low,-1.16
9943,Chittagong,2017,22.5156,91.70654,0.287,False,Low,-1.19
9944,Jessore,2017,23.02809,89.02013,0.287,False,High,7.75
9945,Barisal,2017,22.69302,90.45339,0.287,False,High,9.66
9946,Rangamati,2017,22.48146,92.32593,0.287,False,Medium,1.49
9947,Jessore,2017,23.03932,89.04303,0.287,False,High,7.75
9948,Jessore,2017,23.07121,89.0327,0.287,False,High,7.75
9949,Bhola,2017,22.7267,90.57601,0.287,False,Low,-6.7
9950,Jessore,2017,23.09501,88.99812,0.287,False,High,7.75
9951,Barisal,2017,22.73344,90.56702,0.287,False,High,9.66
9952,Jessore,2017,23.06672,89.13825,0.287,False,High,7.75
9953,Barisal,2017,22.77252,90.4709,0.287,False,High,9.66
9954,Barisal,2017,22.79992,90.42644,0.287,False,High,9.66
9955,Barisal,2017,22.87313,90.0725,0.287,False,High,9.66
9956,Barisal,2017,22.88526,90.06981,0.287,False,High,9.66
9957,Jessore,2017,23.13993,89.04797,0.287,False,High,7.75
9958,Bhola,2017,22.79318,90.60206,0.287,False,Low,-6.7
9959,Barisal,2017,22.83764,90.36535,0.287,False,High,9.66
9960,Bhola,2017,22.79273,90.61733,0.287,False,Low,-6.7
9961,Noakhali,2017,22.70694,91.19629,0.287,False,High,17.85
9962,Barisal,2017,22.88526,90.1538,0.287,False,High,9.66
9963,Barisal,2017,22.85741,90.46551,0.287,False,High,9.66
9964,Narail,2017,23.03662,89.6211,0.287,False,Low,-8.78
9965,Jessore,2017,23.21988,88.95949,0.287,False,High,7.75
9966,Barisal,2017,22.92343,90.41521,0.287,False,High,9.66
9967,Barisal,2017,22.99126,90.09271,0.287,False,High,9.66
9968,Jessore,2017,23.19113,89.26671,0.287,False,High,7.75
9969,Narail,2017,23.15565,89.46794,0.287,False,Low,-8.78
9970,Jessore,2017,23.29803,88.98105,0.287,False,High,7.75
9971,Narail,2017,23.17631,89.47961,0.287,False,Low,-8.78
9972,Narail,2017,23.18978,89.4585,0.287,False,Low,-8.78
9973,Jhenaidah,2017,23.28546,89.12478,0.287,False,High,15.44
9974,Barisal,2017,23.05099,90.17356,0.287,False,High,9.66
9975,Jhenaidah,2017,23.30791,89.1661,0.287,False,High,15.44
9976,Gopalganj,2017,23.11882,90.00019,0.287,False,Low,-0.76
9977,Gopalganj,2017,23.16418,89.81963,0.286,False,Low,-0.76
9978,Gopalganj,2017,23.15789,89.90362,0.286,False,Low,-0.76
9979,Jhenaidah,2017,23.36451,89.2483,0.286,False,High,15.44
9980,Magura,2017,23.32184,89.4612,0.286,False,High,12.28
9981,Jhenaidah,2017,23.46602,88.99093,0.286,False,High,15.44
9982,Shariatpur,2017,23.13139,90.46776,0.286,False,High,11.14
9983,Magura,2017,23.41481,89.26312,0.286,False,High,12.28
9984,Magura,2017,23.34609,89.58876,0.286,False,High,12.28
9985,Madaripur,2017,23.21853,90.19737,0.286,False,High,3.68
9986,Chandpur,2017,23.14891,90.72198,0.286,False,High,15.78
9987,Jhenaidah,2017,23.53339,88.9788,0.286,False,High,15.44
9988,Magura,2017,23.40358,89.48635,0.286,False,High,12.28
9989,Shariatpur,2017,23.19517,90.47854,0.286,False,High,11.14
9990,Comilla,2017,23.12376,91.00046,0.286,False,High,10.87
9991,Shariatpur,2017,23.22212,90.44845,0.286,False,High,11.14
9992,Magura,2017,23.43413,89.45805,0.286,False,High,12.28
9993,Jhenaidah,2017,23.53564,89.12927,0.286,False,High,15.44
9994,Jhenaidah,2017,23.50509,89.26896,0.286,False,High,15.44
9995,Magura,2017,23.48219,89.41224,0.286,False,High,12.28
9996,Magura,2017,23.4732,89.48186,0.286,False,High,12.28
9997,Magura,2017,23.46108,89.55507,0.286,False,High,12.28
9998,Chandpur,2017,23.21,90.94117,0.286,False,High,15.78
9999,Comilla,2017,23.16553,91.30185,0.286,False,High,10.87
10000,Meherpur,2017,23.70048,88.72054,0.286,False,Low,-27.64
10001,Chuadanga,2017,23.68206,88.78746,0.286,False,Low,-14.74
10002,Jhenaidah,2017,23.59448,89.10906,0.286,False,High,15.44
10003,Comilla,2017,23.18664,91.15587,0.286,False,High,10.87
10004,Faridpur,2017,23.38023,90.00692,0.286,False,High,8.19
10005,Comilla,2017,23.20461,91.07278,0.286,False,High,10.87
10006,Chuadanga,2017,23.69688,88.77893,0.286,False,Low,-14.74
10007,Faridpur,2017,23.42469,89.9921,0.286,False,High,8.19
10008,Jhenaidah,2017,23.67443,89.01878,0.286,False,High,15.44
10009,Comilla,2017,23.27108,91.03819,0.286,False,High,10.87
10010,Chandpur,2017,23.30252,90.84505,0.286,False,High,15.78
10011,Chandpur,2017,23.29623,90.88593,0.286,False,High,15.78
10012,Jhenaidah,2017,23.69509,89.02147,0.286,False,High,15.44
10013,Meherpur,2017,23.76605,88.78162,0.286,False,Low,-27.64
10014,Comilla,2017,23.28366,91.10242,0.286,False,High,10.87
10015,Meherpur,2017,23.82175,88.62711,0.286,False,Low,-27.64
10016,Jhenaidah,2017,23.70632,89.07672,0.286,False,High,15.44
10017,Meherpur,2017,23.80558,88.75557,0.286,False,Low,-27.64
10018,Jhenaidah,2017,23.7126,89.10142,0.286,False,High,15.44
10019,Chandpur,2017,23.35418,90.86212,0.286,False,High,15.78
10020,Comilla,2017,23.31196,91.2439,0.286,False,High,10.87
10021,Chandpur,2017,23.41571,90.60969,0.286,False,High,15.78
10022,Jhenaidah,2017,23.75438,89.07582,0.286,False,High,15.44
10023,Comilla,2017,23.35957,91.02831,0.286,False,High,10.87
10024,Comilla,2017,23.36226,91.09434,0.286,False,High,10.87
10025,Chandpur,2017,23.43053,90.66359,0.286,False,High,15.78
10026,Chandpur,2017,23.43997,90.64428,0.286,False,High,15.78
10027,Faridpur,2017,23.6093,89.80885,0.286,False,High,8.19
10028,Kushtia,2017,23.84555,88.91547,0.286,False,High,18.8
10029,Comilla,2017,23.41571,90.978,0.286,False,High,10.87
10030,Rajbari,2017,23.66499,89.67545,0.286,False,High,4.82
10031,Comilla,2017,23.43323,91.0575,0.285,False,High,10.87
10032,Comilla,2017,23.47186,90.78936,0.285,False,High,10.87
10033,Rajbari,2017,23.68565,89.69925,0.285,False,High,4.82
10034,Kushtia,2017,23.87116,88.96398,0.285,False,High,18.8
10035,Comilla,2017,23.43502,91.15632,0.285,False,High,10.87
10036,Comilla,2017,23.45299,91.1114,0.285,False,High,10.87
10037,Kushtia,2017,23.90754,88.92535,0.285,False,High,18.8
10038,Comilla,2017,23.44805,91.23312,0.285,False,High,10.87
10039,Narayanganj,2017,23.56663,90.46731,0.285,False,High,31.57
10040,Comilla,2017,23.51767,90.79115,0.285,False,High,10.87
10041,Munshiganj,2017,23.56348,90.65236,0.285,False,High,11.83
10042,Rajbari,2017,23.78671,89.55417,0.285,False,High,4.82
10043,Kushtia,2017,24.0086,88.81531,0.285,False,High,18.8
10044,Comilla,2017,23.54776,91.08086,0.285,False,High,10.87
10045,Comilla,2017,23.56393,91.02786,0.285,False,High,10.87
10046,Narayanganj,2017,23.6322,90.5778,0.285,False,High,31.57
10047,Manikganj,2017,23.73506,90.12191,0.285,False,High,10.22
10048,Kushtia,2017,24.03106,88.88134,0.285,False,High,18.8
10049,Comilla,2017,23.61559,90.99238,0.285,False,High,10.87
10050,Dhaka,2017,23.73192,90.32133,0.285,False,Low,-5.31
10051,Comilla,2017,23.65107,91.07322,0.285,False,High,10.87
10052,Pabna,2017,24.02297,89.1917,0.285,False,High,13.38
10053,Narayanganj,2017,23.72967,90.6865,0.285,False,High,31.57
10054,Comilla,2017,23.66904,91.15677,0.285,False,High,10.87
10055,Comilla,2017,23.68296,91.06783,0.285,False,High,10.87
10056,Comilla,2017,23.69733,91.04852,0.285,False,High,10.87
10057,Brahamanbaria,2017,23.74135,90.77364,0.285,False,High,11.9
10058,Comilla,2017,23.70048,91.06289,0.285,False,High,10.87
10059,Comilla,2017,23.7656,90.91377,0.285,False,High,10.87
10060,Brahamanbaria,2017,23.74,91.09568,0.285,False,High,11.9
10061,Pabna,2017,24.13122,89.27031,0.285,False,High,13.38
10062,Pabna,2017,24.08046,89.55822,0.285,False,High,13.38
10063,Natore,2017,24.18602,89.14005,0.285,False,High,9.57
10064,Natore,2017,24.25743,88.91098,0.285,False,High,9.57
10065,Rajshahi,2017,24.28214,88.83552,0.285,False,Low,-20.24
10066,Natore,2017,24.20892,89.12882,0.285,False,High,9.57
10067,Natore,2017,24.21431,89.13511,0.285,False,High,9.57
10068,Rajshahi,2017,24.31942,88.77309,0.285,False,Low,-20.24
10069,Natore,2017,24.27225,88.97207,0.285,False,High,9.57
10070,Sirajganj,2017,24.09259,89.81424,0.285,False,High,48.62
10071,Tangail,2017,24.09484,89.84253,0.284,False,High,8.96
10072,Brahamanbaria,2017,23.87744,91.15497,0.284,False,High,11.9
10073,Rajshahi,2017,24.43215,88.51437,0.284,False,Low,-20.24
10074,Natore,2017,24.24441,89.22629,0.284,False,High,9.57
10075,Rajshahi,2017,24.3796,88.71155,0.284,False,Low,-20.24
10076,Natore,2017,24.27989,89.08705,0.284,False,High,9.57
10077,Brahamanbaria,2017,23.88553,91.17114,0.284,False,High,11.9
10078,Rajshahi,2017,24.41059,88.63789,0.284,False,Low,-20.24
10079,Brahamanbaria,2017,23.89227,91.15632,0.284,False,High,11.9
10080,Natore,2017,24.32076,88.98823,0.284,False,High,9.57
10081,Rajshahi,2017,24.3805,88.77533,0.284,False,Low,-20.24
10082,Nawabganj,2017,24.54894,88.22871,0.284,False,High,38.19
10083,Rajshahi,2017,24.39577,88.765,0.284,False,Low,-20.24
10084,Nawabganj,2017,24.53277,88.30462,0.284,False,High,38.19
10085,Natore,2017,24.29875,89.15936,0.284,False,High,9.57
10086,Rajshahi,2017,24.39353,88.818,0.284,False,Low,-20.24
10087,Rajshahi,2017,24.44024,88.65227,0.284,False,Low,-20.24
10088,Rajshahi,2017,24.44967,88.62801,0.284,False,Low,-20.24
10089,Natore,2017,24.33424,89.08256,0.284,False,High,9.57
10090,Natore,2017,24.31942,89.15802,0.284,False,High,9.57
10091,Nawabganj,2017,24.58083,88.27991,0.284,False,High,38.19
10092,Rajshahi,2017,24.47707,88.64418,0.284,False,Low,-20.24
10093,Natore,2017,24.34547,89.13646,0.284,False,High,9.57
10094,Rajshahi,2017,24.43754,88.79285,0.284,False,Low,-20.24
10095,Sirajganj,2017,24.24036,89.60807,0.284,False,High,48.62
10096,Natore,2017,24.3567,89.12972,0.284,False,High,9.57
10097,Nawabganj,2017,24.60733,88.24218,0.284,False,High,38.19
10098,Gazipur,2017,24.09663,90.36311,0.284,False,Medium,1.1
10099,Rajshahi,2017,24.45237,88.79465,0.284,False,Low,-20.24
10100,Rajshahi,2017,24.42856,88.88493,0.284,False,Low,-20.24
10101,Rajshahi,2017,24.50132,88.62352,0.284,False,Low,-20.24
10102,Nawabganj,2017,24.64326,88.17795,0.284,False,High,38.19
10103,Narsingdi,2017,24.02746,90.90749,0.284,False,Low,-4.09
10104,Sirajganj,2017,24.26866,89.59056,0.284,False,High,48.62
10105,Sirajganj,2017,24.25743,89.65793,0.284,False,High,48.62
10106,Rajshahi,2017,24.50851,88.65855,0.284,False,Low,-20.24
10107,Natore,2017,24.36298,89.22,0.284,False,High,9.57
10108,Brahamanbaria,2017,24.01983,91.05661,0.284,False,High,11.9
10109,Natore,2017,24.4335,88.95769,0.284,False,High,9.57
10110,Rajshahi,2017,24.46674,88.86022,0.284,False,Low,-20.24
10111,Natore,2017,24.36433,89.26267,0.284,False,High,9.57
10112,Natore,2017,24.35715,89.2977,0.284,False,High,9.57
10113,Rajshahi,2017,24.513,88.70032,0.284,False,Low,-20.24
10114,Sirajganj,2017,24.2727,89.66467,0.284,False,High,48.62
10115,Natore,2017,24.40431,89.114,0.284,False,High,9.57
10116,Natore,2017,24.40116,89.12613,0.284,False,High,9.57
10117,Natore,2017,24.42093,89.05291,0.284,False,High,9.57
10118,Sirajganj,2017,24.28932,89.62604,0.284,False,High,48.62
10119,Pabna,2017,24.35041,89.36508,0.284,False,High,13.38
10120,Sirajganj,2017,24.34142,89.41538,0.284,False,High,48.62
10121,Sirajganj,2017,24.32031,89.52094,0.284,False,High,48.62
10122,Rajshahi,2017,24.48471,88.86696,0.284,False,Low,-20.24
10123,Natore,2017,24.38769,89.25369,0.284,False,High,9.57
10124,Sirajganj,2017,24.32885,89.51465,0.284,False,High,48.62
10125,Gazipur,2017,24.13885,90.47046,0.284,False,Medium,1.1
10126,Sirajganj,2017,24.29875,89.64535,0.284,False,High,48.62
10127,Brahamanbaria,2017,24.02971,91.24211,0.284,False,High,11.9
10128,Tangail,2017,24.25114,89.93551,0.284,False,High,8.96
10129,Sirajganj,2017,24.33963,89.53755,0.284,False,High,48.62
10130,Sirajganj,2017,24.30504,89.70419,0.284,False,High,48.62
10131,Rajshahi,2017,24.51166,88.85349,0.284,False,Low,-20.24
10132,Gazipur,2017,24.1393,90.59442,0.284,False,Medium,1.1
10133,Gazipur,2017,24.142,90.60565,0.284,False,Medium,1.1
10134,Natore,2017,24.49189,88.95769,0.284,False,High,9.57
10135,Sirajganj,2017,24.38634,89.42886,0.284,False,High,48.62
10136,Sirajganj,2017,24.39937,89.38619,0.284,False,High,48.62
10137,Rajshahi,2017,24.55208,88.79061,0.284,False,Low,-20.24
10138,Rajshahi,2017,24.53771,88.87999,0.284,False,Low,-20.24
10139,Habiganj,2017,24.07957,91.29331,0.284,False,Low,-1.01
10140,Rajshahi,2017,24.55522,88.87011,0.284,False,Low,-20.24
10141,Nawabganj,2017,24.79328,88.11058,0.284,False,High,38.19
10142,Rajshahi,2017,24.58307,88.84855,0.284,False,Low,-20.24
10143,Rajshahi,2017,24.63697,88.67607,0.284,False,Low,-20.24
10144,Nawabganj,2017,24.80361,88.12136,0.284,False,High,38.19
10145,Nawabganj,2017,24.81933,88.13663,0.284,False,High,38.19
10146,Sirajganj,2017,24.42317,89.6467,0.284,False,High,48.62
10147,Rajshahi,2017,24.61047,88.87595,0.284,False,Low,-20.24
10148,Gazipur,2017,24.29606,90.44306,0.284,False,Medium,1.1
10149,Kishoreganj,2017,24.26911,90.77588,0.284,False,High,12.02
10150,Naogaon,2017,24.70479,88.74255,0.284,False,High,22.41
10151,Naogaon,2017,24.69446,88.80004,0.284,False,High,22.41
10152,Naogaon,2017,24.72995,88.7129,0.284,False,High,22.41
10153,Nawabganj,2017,24.88715,88.17391,0.284,False,High,38.19
10154,Nawabganj,2017,24.85616,88.29159,0.284,False,High,38.19
10155,Naogaon,2017,24.74162,88.71694,0.284,False,High,22.41
10156,Sirajganj,2017,24.52603,89.64356,0.284,False,High,48.62
10157,Tangail,2017,24.47303,89.96785,0.284,False,High,8.96
10158,Naogaon,2017,24.79957,88.6608,0.284,False,High,22.41
10159,Mymensingh,2017,24.39622,90.49112,0.284,False,Low,-5.83
10160,Naogaon,2017,24.79507,88.67966,0.284,False,High,22.41
10161,Naogaon,2017,24.79732,88.72054,0.284,False,High,22.41
10162,Mymensingh,2017,24.45237,90.32987,0.284,False,Low,-5.83
10163,Sirajganj,2017,24.59969,89.64445,0.283,False,High,48.62
10164,Mymensingh,2017,24.48156,90.24722,0.283,False,Low,-5.83
10165,Kishoreganj,2017,24.42362,90.64024,0.283,False,High,12.02
10166,Naogaon,2017,24.8355,88.71964,0.283,False,High,22.41
10167,Sirajganj,2017,24.63068,89.63502,0.283,False,High,48.62
10168,Maulvibazar,2017,24.33559,91.68902,0.283,False,Medium,1.33
10169,Naogaon,2017,24.82337,88.92131,0.283,False,High,22.41
10170,Maulvibazar,2017,24.34502,91.7016,0.283,False,Medium,1.33
10171,Mymensingh,2017,24.49953,90.56747,0.283,False,Low,-5.83
10172,Naogaon,2017,24.89254,88.74614,0.283,False,High,22.41
10173,Naogaon,2017,24.86155,88.88178,0.283,False,High,22.41
10174,Naogaon,2017,24.84179,88.96982,0.283,False,High,22.41
10175,Bogra,2017,24.70165,89.60852,0.283,False,High,39.64
10176,Mymensingh,2017,24.57005,90.32133,0.283,False,Low,-5.83
10177,Naogaon,2017,24.88176,88.89077,0.283,False,High,22.41
10178,Bogra,2017,24.73534,89.54833,0.283,False,High,39.64
10179,Mymensingh,2017,24.54714,90.64877,0.283,False,Low,-5.83
10180,Jamalpur,2017,24.69895,89.81648,0.283,False,High,16.99
10181,Joypurhat,2017,24.88535,89.01024,0.283,False,High,30.07
10182,Bogra,2017,24.78384,89.43739,0.283,False,High,39.64
10183,Bogra,2017,24.75959,89.54384,0.283,False,High,39.64
10184,Naogaon,2017,24.90512,88.93748,0.283,False,High,22.41
10185,Naogaon,2017,24.91275,88.91637,0.283,False,High,22.41
10186,Mymensingh,2017,24.56061,90.64293,0.283,False,Low,-5.83
10187,Naogaon,2017,24.915,88.94107,0.283,False,High,22.41
10188,Naogaon,2017,24.91185,88.99767,0.283,False,High,22.41
10189,Mymensingh,2017,24.58442,90.65057,0.283,False,Low,-5.83
10190,Sirajganj,2017,24.75151,89.75719,0.283,False,High,48.62
10191,Sirajganj,2017,24.74836,89.7801,0.283,False,High,48.62
10192,Mymensingh,2017,24.62619,90.46507,0.283,False,Low,-5.83
10193,Kishoreganj,2017,24.56915,90.85718,0.283,False,High,12.02
10194,Tangail,2017,24.7295,89.93057,0.283,False,High,8.96
10195,Tangail,2017,24.72051,89.98087,0.283,False,High,8.96
10196,Jamalpur,2017,24.76004,89.80166,0.283,False,High,16.99
10197,Jamalpur,2017,24.79867,89.75764,0.283,False,High,16.99
10198,Mymensingh,2017,24.69626,90.29394,0.283,False,Low,-5.83
10199,Jamalpur,2017,24.78564,89.82502,0.283,False,High,16.99
10200,Naogaon,2017,24.99315,88.98644,0.283,False,High,22.41
10201,Mymensingh,2017,24.65853,90.67572,0.283,False,Low,-5.83
10202,Naogaon,2017,25.06637,88.74569,0.283,False,High,22.41
10203,Joypurhat,2017,24.99495,89.04842,0.283,False,High,30.07
10204,Mymensingh,2017,24.6765,90.66764,0.283,False,Low,-5.83
10205,Jamalpur,2017,24.87143,89.68039,0.283,False,High,16.99
10206,Bogra,2017,24.92892,89.44638,0.283,False,High,39.64
10207,Bogra,2017,24.92398,89.47602,0.283,False,High,39.64
10208,Joypurhat,2017,25.0731,88.98285,0.283,False,High,30.07
10209,Naogaon,2017,25.09107,88.91862,0.283,False,High,22.41
10210,Mymensingh,2017,24.77262,90.4754,0.283,False,Low,-5.83
10211,Bogra,2017,25.01202,89.30893,0.283,False,High,39.64
10212,Jamalpur,2017,24.84807,90.11697,0.283,False,High,16.99
10213,Mymensingh,2017,24.81708,90.29933,0.283,False,Low,-5.83
10214,Naogaon,2017,25.12161,88.90918,0.283,False,High,22.41
10215,Jamalpur,2017,24.94869,89.70509,0.283,False,High,16.99
10216,Naogaon,2017,25.15799,88.92266,0.283,False,High,22.41
10217,Jamalpur,2017,24.90242,90.11113,0.283,False,High,16.99
10218,Jamalpur,2017,24.89748,90.14661,0.283,False,High,16.99
10219,Mymensingh,2017,24.84403,90.45563,0.283,False,Low,-5.83
10220,Sherpur,2017,24.90961,90.12505,0.283,False,High,31.78
10221,Joypurhat,2017,25.16518,88.96443,0.283,False,High,30.07
10222,Netrakona,2017,24.82651,90.67752,0.283,False,High,50.49
10223,Gaibandha,2017,25.07131,89.39338,0.283,False,High,42.66
10224,Netrakona,2017,24.83729,90.65461,0.283,False,High,50.49
10225,Netrakona,2017,24.8364,90.67842,0.283,False,High,50.49
10226,Sherpur,2017,24.92533,90.16368,0.283,False,High,31.78
10227,Joypurhat,2017,25.1827,89.01159,0.282,False,High,30.07
10228,Sherpur,2017,24.95318,90.09406,0.282,False,High,31.78
10229,Sunamganj,2017,24.7542,91.60907,0.282,False,High,31.03
10230,Joypurhat,2017,25.19662,89.0062,0.282,False,High,30.07
10231,Sherpur,2017,24.97294,90.0442,0.282,False,High,31.78
10232,Joypurhat,2017,25.20515,89.01653,0.282,False,High,30.07
10233,Sherpur,2017,24.97608,90.1008,0.282,False,High,31.78
10234,Mymensingh,2017,24.91455,90.49112,0.282,False,Low,-5.83
10235,Sherpur,2017,25.0219,89.94135,0.282,False,High,31.78
10236,Gaibandha,2017,25.14497,89.51375,0.282,False,High,42.66
10237,Netrakona,2017,24.96441,90.56702,0.282,False,High,50.49
10238,Gaibandha,2017,25.18225,89.63367,0.282,False,High,42.66
10239,Dinajpur,2017,25.33272,88.9815,0.282,False,High,39.31
10240,Dinajpur,2017,25.27792,89.23662,0.282,False,High,39.31
10241,Gaibandha,2017,25.27253,89.28198,0.282,False,High,42.66
10242,Gaibandha,2017,25.23749,89.47063,0.282,False,High,42.66
10243,Dinajpur,2017,25.35383,88.97162,0.282,False,High,39.31
10244,Gaibandha,2017,25.25501,89.46659,0.282,False,High,42.66
10245,Gaibandha,2017,25.27028,89.4091,0.282,False,High,42.66
10246,Gaibandha,2017,25.2595,89.45087,0.282,False,High,42.66
10247,Gaibandha,2017,25.286,89.36912,0.282,False,High,42.66
10248,Jamalpur,2017,25.20785,89.83939,0.282,False,High,16.99
10249,Sherpur,2017,25.20021,89.96246,0.282,False,High,31.78
10250,Rangpur,2017,25.34619,89.2721,0.282,False,High,75.35
10251,Jamalpur,2017,25.23076,89.8066,0.282,False,High,16.99
10252,Sylhet,2017,24.92668,92.34569,0.282,False,High,13.59
10253,Jamalpur,2017,25.22582,89.88835,0.282,False,High,16.99
10254,Rangpur,2017,25.3682,89.24515,0.282,False,High,75.35
10255,Sherpur,2017,25.22986,89.97773,0.282,False,High,31.78
10256,Jamalpur,2017,25.27118,89.81019,0.282,False,High,16.99
10257,Dinajpur,2017,25.57796,88.51976,0.282,False,High,39.31
10258,Rangpur,2017,25.37539,89.34532,0.282,False,High,75.35
10259,Jamalpur,2017,25.28555,89.781,0.282,False,High,16.99
10260,Jamalpur,2017,25.28645,89.79896,0.282,False,High,16.99
10261,Jamalpur,2017,25.26265,89.92742,0.282,False,High,16.99
10262,Jamalpur,2017,25.26624,89.9135,0.282,False,High,16.99
10263,Dinajpur,2017,25.45309,89.0628,0.282,False,High,39.31
10264,Rangpur,2017,25.42614,89.18542,0.282,False,High,75.35
10265,Rangpur,2017,25.41491,89.26177,0.282,False,High,75.35
10266,Dinajpur,2017,25.51058,88.88897,0.282,False,High,39.31
10267,Dinajpur,2017,25.46971,89.0619,0.282,False,High,39.31
10268,Rangpur,2017,25.41042,89.37226,0.282,False,High,75.35
10269,Sunamganj,2017,25.10454,91.30005,0.282,False,High,31.03
10270,Rangpur,2017,25.48094,89.15038,0.282,False,High,75.35
10271,Rangpur,2017,25.48723,89.13376,0.282,False,High,75.35
10272,Gaibandha,2017,25.43108,89.39877,0.282,False,High,42.66
10273,Jamalpur,2017,25.35742,89.80615,0.282,False,High,16.99
10274,Jamalpur,2017,25.38392,89.80121,0.282,False,High,16.99
10275,Rangpur,2017,25.50519,89.2739,0.282,False,High,75.35
10276,Dinajpur,2017,25.60176,88.871,0.282,False,High,39.31
10277,Dinajpur,2017,25.62691,88.871,0.282,False,High,39.31
10278,Dinajpur,2017,25.6368,88.84406,0.282,False,High,39.31
10279,Gaibandha,2017,25.46701,89.622,0.282,False,High,42.66
10280,Dinajpur,2017,25.70821,88.65721,0.281,False,High,39.31
10281,Dinajpur,2017,25.66374,88.85933,0.281,False,High,39.31
10282,Rangpur,2017,25.57391,89.27794,0.281,False,High,75.35
10283,Rangpur,2017,25.57346,89.30848,0.281,False,High,75.35
10284,Thakurgaon,2017,25.86587,88.18604,0.281,False,High,14.28
10285,Rangpur,2017,25.56538,89.38439,0.281,False,High,75.35
10286,Rangpur,2017,25.64533,89.08705,0.281,False,High,75.35
10287,Rangpur,2017,25.66913,89.06729,0.281,False,High,75.35
10288,Dinajpur,2017,25.81511,88.50584,0.281,False,High,39.31
10289,Rangpur,2017,25.62826,89.27929,0.281,False,High,75.35
10290,Rangpur,2017,25.64488,89.22,0.281,False,High,75.35
10291,Rangpur,2017,25.60086,89.41763,0.281,False,High,75.35
10292,Thakurgaon,2017,25.86856,88.39625,0.281,False,High,14.28
10293,Kurigram,2017,25.56852,89.66377,0.281,False,High,35.15
10294,Rangpur,2017,25.67228,89.26267,0.281,False,High,75.35
10295,Kurigram,2017,25.55595,89.82367,0.281,False,High,35.15
10296,Rangpur,2017,25.62691,89.50656,0.281,False,High,75.35
10297,Kurigram,2017,25.60176,89.6467,0.281,False,High,35.15
10298,Rangpur,2017,25.69743,89.22404,0.281,False,High,75.35
10299,Rangpur,2017,25.75762,89.02641,0.281,False,High,75.35
10300,Thakurgaon,2017,25.95435,88.27587,0.281,False,High,14.28
10301,Rangpur,2017,25.71944,89.23842,0.281,False,High,75.35
10302,Thakurgaon,2017,25.93998,88.37064,0.281,False,High,14.28
10303,Thakurgaon,2017,25.99253,88.18604,0.281,False,High,14.28
10304,Rangpur,2017,25.77514,89.03046,0.281,False,High,75.35
10305,Kurigram,2017,25.64353,89.64086,0.281,False,High,35.15
10306,Kurigram,2017,25.64982,89.622,0.281,False,High,35.15
10307,Nilphamari,2017,25.81646,88.88313,0.281,False,High,14.39
10308,Kurigram,2017,25.68755,89.5672,0.281,False,High,35.15
10309,Kurigram,2017,25.64308,89.79357,0.281,False,High,35.15
10310,Dinajpur,2017,25.9018,88.66439,0.281,False,High,39.31
10311,Rangpur,2017,25.73741,89.36643,0.281,False,High,75.35
10312,Dinajpur,2017,25.9256,88.59792,0.281,False,High,39.31
10313,Nilphamari,2017,25.83847,88.97162,0.281,False,High,14.39
10314,Thakurgaon,2017,25.99657,88.35672,0.281,False,High,14.28
10315,Kurigram,2017,25.70147,89.59954,0.281,False,High,35.15
10316,Rangpur,2017,25.80209,89.14993,0.281,False,High,75.35
10317,Dinajpur,2017,25.93638,88.6096,0.281,False,High,39.31
10318,Rangpur,2017,25.77963,89.26447,0.281,False,High,75.35
10319,Dinajpur,2017,25.93369,88.63924,0.281,False,High,39.31
10320,Kurigram,2017,25.70911,89.61616,0.281,False,High,35.15
10321,Kurigram,2017,25.66734,89.82591,0.281,False,High,35.15
10322,Kurigram,2017,25.7383,89.54968,0.281,False,High,35.15
10323,Kurigram,2017,25.73247,89.58696,0.281,False,High,35.15
10324,Dinajpur,2017,25.97546,88.57097,0.281,False,High,39.31
10325,Dinajpur,2017,25.98489,88.53908,0.281,False,High,39.31
10326,Rangpur,2017,25.84925,89.09558,0.281,False,High,75.35
10327,Kurigram,2017,25.74235,89.60358,0.281,False,High,35.15
10328,Thakurgaon,2017,26.05047,88.33381,0.281,False,High,14.28
10329,Dinajpur,2017,25.9786,88.61319,0.281,False,High,39.31
10330,Kurigram,2017,25.74729,89.62155,0.281,False,High,35.15
10331,Kurigram,2017,25.75358,89.63323,0.281,False,High,35.15
10332,Thakurgaon,2017,26.05361,88.37513,0.281,False,High,14.28
10333,Kurigram,2017,25.76076,89.6193,0.281,False,High,35.15
10334,Kurigram,2017,25.7666,89.62245,0.281,False,High,35.15
10335,Rangpur,2017,25.87754,89.19395,0.281,False,High,75.35
10336,Dinajpur,2017,26.02172,88.60151,0.281,False,High,39.31
10337,Rangpur,2017,25.88473,89.18407,0.281,False,High,75.35
10338,Dinajpur,2017,25.99792,88.74255,0.281,False,High,39.31
10339,Nilphamari,2017,25.97321,88.84181,0.281,False,High,14.39
10340,Nilphamari,2017,25.90943,89.10951,0.281,False,High,14.39
10341,Kurigram,2017,25.7967,89.63862,0.281,False,High,35.15
10342,Lalmonirhat,2017,25.83757,89.45671,0.281,False,High,33.32
10343,Nilphamari,2017,25.96558,88.89212,0.281,False,High,14.39
10344,Kurigram,2017,25.80837,89.63637,0.281,False,High,35.15
10345,Thakurgaon,2017,26.13042,88.30372,0.281,False,High,14.28
10346,Nilphamari,2017,25.9292,89.10726,0.281,False,High,14.39
10347,Nilphamari,2017,26.00376,88.79465,0.281,False,High,14.39
10348,Thakurgaon,2017,26.06664,88.56648,0.281,False,High,14.28
10349,Nilphamari,2017,26.01858,88.7677,0.281,False,High,14.39
10350,Lalmonirhat,2017,25.88518,89.35071,0.281,False,High,33.32
10351,Thakurgaon,2017,26.09449,88.50045,0.281,False,High,14.28
10352,Thakurgaon,2017,26.14704,88.3118,0.281,False,High,14.28
10353,Thakurgaon,2017,26.08955,88.53279,0.281,False,High,14.28
10354,Lalmonirhat,2017,25.87754,89.42077,0.281,False,High,33.32
10355,Thakurgaon,2017,26.07472,88.60016,0.281,False,High,14.28
10356,Thakurgaon,2017,26.13356,88.38187,0.281,False,High,14.28
10357,Thakurgaon,2017,26.15243,88.32303,0.281,False,High,14.28
10358,Nilphamari,2017,26.03879,88.76366,0.281,False,High,14.39
10359,Kurigram,2017,25.84565,89.64311,0.281,False,High,35.15
10360,Thakurgaon,2017,26.10212,88.53683,0.281,False,High,14.28
10361,Thakurgaon,2017,26.09224,88.58579,0.281,False,High,14.28
10362,Thakurgaon,2017,26.09718,88.56603,0.281,False,High,14.28
10363,Thakurgaon,2017,26.16635,88.3127,0.281,False,High,14.28
10364,Thakurgaon,2017,26.18522,88.28845,0.281,False,High,14.28
10365,Lalmonirhat,2017,25.91842,89.37765,0.281,False,High,33.32
10366,Lalmonirhat,2017,25.91303,89.41718,0.281,False,High,33.32
10367,Thakurgaon,2017,26.18567,88.30013,0.281,False,High,14.28
10368,Lalmonirhat,2017,25.96243,89.19709,0.281,False,High,33.32
10369,Panchagarh,2017,26.07607,88.75782,0.281,False,High,16.31
10370,Thakurgaon,2017,26.11964,88.59073,0.281,False,High,14.28
10371,Kurigram,2017,25.8726,89.71587,0.281,False,High,35.15
10372,Nilphamari,2017,26.05855,88.87639,0.281,False,High,14.39
10373,Thakurgaon,2017,26.17534,88.4223,0.281,False,High,14.28
10374,Thakurgaon,2017,26.1668,88.46407,0.281,False,High,14.28
10375,Panchagarh,2017,26.20273,88.33965,0.281,False,High,16.31
10376,Panchagarh,2017,26.09763,88.74479,0.281,False,High,16.31
10377,Nilphamari,2017,26.0882,88.78477,0.281,False,High,14.39
10378,Thakurgaon,2017,26.14884,88.54851,0.281,False,High,14.28
10379,Kurigram,2017,25.89776,89.67275,0.28,False,High,35.15
10380,Panchagarh,2017,26.13806,88.61903,0.28,False,High,16.31
10381,Lalmonirhat,2017,25.96019,89.38349,0.28,False,High,33.32
10382,Nilphamari,2017,26.04733,89.02417,0.28,False,High,14.39
10383,Panchagarh,2017,26.10976,88.77219,0.28,False,High,16.31
10384,Thakurgaon,2017,26.20588,88.40702,0.28,False,High,14.28
10385,Lalmonirhat,2017,25.96962,89.38888,0.28,False,High,33.32
10386,Lalmonirhat,2017,25.96827,89.41763,0.28,False,High,33.32
10387,Panchagarh,2017,26.2189,88.38367,0.28,False,High,16.31
10388,Lalmonirhat,2017,25.9804,89.37676,0.28,False,High,33.32
10389,Kurigram,2017,25.93459,89.61122,0.28,False,High,35.15
10390,Lalmonirhat,2017,25.98085,89.40326,0.28,False,High,33.32
10391,Lalmonirhat,2017,25.9795,89.42392,0.28,False,High,33.32
10392,Kurigram,2017,25.94986,89.5681,0.28,False,High,35.15
10393,Kurigram,2017,25.93144,89.68578,0.28,False,High,35.15
10394,Panchagarh,2017,26.21801,88.4753,0.28,False,High,16.31
10395,Lalmonirhat,2017,25.98983,89.45446,0.28,False,High,33.32
10396,Panchagarh,2017,26.16815,88.72817,0.28,False,High,16.31
10397,Kurigram,2017,25.96962,89.60223,0.28,False,High,35.15
10398,Kurigram,2017,25.96827,89.67724,0.28,False,High,35.15
10399,Kurigram,2017,26.00241,89.50836,0.28,False,High,35.15
10400,Panchagarh,2017,26.24406,88.49371,0.28,False,High,16.31
10401,Lalmonirhat,2017,26.07383,89.20428,0.28,False,High,33.32
10402,Panchagarh,2017,26.23058,88.58354,0.28,False,High,16.31
10403,Lalmonirhat,2017,26.08191,89.2209,0.28,False,High,33.32
10404,Panchagarh,2017,26.25394,88.51662,0.28,False,High,16.31
10405,Panchagarh,2017,26.23956,88.59028,0.28,False,High,16.31
10406,Panchagarh,2017,26.19914,88.75737,0.28,False,High,16.31
10407,Nilphamari,2017,26.18297,88.82339,0.28,False,High,14.39
10408,Lalmonirhat,2017,26.09494,89.23168,0.28,False,High,33.32
10409,Lalmonirhat,2017,26.10347,89.20069,0.28,False,High,33.32
10410,Panchagarh,2017,26.27774,88.48248,0.28,False,High,16.31
10411,Nilphamari,2017,26.19375,88.85349,0.28,False,High,14.39
10412,Nilphamari,2017,26.20139,88.88538,0.28,False,High,14.39
10413,Panchagarh,2017,26.31547,88.46946,0.28,False,High,16.31
10414,Nilphamari,2017,26.21935,88.871,0.28,False,High,14.39
10415,Nilphamari,2017,26.22744,88.85484,0.28,False,High,14.39
10416,Panchagarh,2017,26.28179,88.63295,0.28,False,High,16.31
10417,Nilphamari,2017,26.20228,88.97476,0.28,False,High,14.39
10418,Kurigram,2017,26.06215,89.66197,0.28,False,High,35.15
10419,Panchagarh,2017,26.30155,88.61454,0.28,False,High,16.31
10420,Panchagarh,2017,26.37386,88.45419,0.28,False,High,16.31
10421,Panchagarh,2017,26.32311,88.70212,0.28,False,High,16.31
10422,Panchagarh,2017,26.37701,88.55974,0.28,False,High,16.31
10423,Panchagarh,2017,26.39363,88.61454,0.28,False,High,16.31
10424,Panchagarh,2017,26.43495,88.55165,0.28,False,High,16.31
10425,Panchagarh,2017,26.41923,88.6352,0.28,False,High,16.31
10426,Panchagarh,2017,26.46953,88.61588,0.28,False,High,16.31
10427,Lalmonirhat,2017,26.39947,89.02821,0.28,False,High,33.32
