{
"type": "FeatureCollection",
"name": "protected_area_loss",
"crs": { "type": "name", "properties": { "name": "urn:ogc:def:crs:OGC:1.3:CRS84" } },
"features": [
{ "type": "Feature", "properties": { "protected_km2": 0.16479536823087623 }, "geometry": { "type": "MultiPolygon", "coordinates": [ [ [ [ 88.567142232351884, 25.89179260164774 ], [ 88.567173490831479, 25.892095786019993 ], [ 88.567124391416925, 25.89229198860718 ], [ 88.567115470946632, 25.892559500650993 ], [ 88.567102127099162, 25.892755693341311 ], [ 88.56729830335253, 25.893018814453502 ], [ 88.567325064642816, 25.893179312016613 ], [ 88.567556921398392, 25.893304201812843 ], [ 88.567686229832034, 25.893429076353087 ], [ 88.56772640825622, 25.893487032708638 ], [ 88.567833378518074, 25.893727803359418 ], [ 88.567833378518074, 25.893892819341868 ], [ 88.567976103410871, 25.893959722246514 ], [ 88.568118754103892, 25.893959679610507 ], [ 88.568346183289734, 25.893941883542219 ], [ 88.568551347700563, 25.893964107527786 ], [ 88.568734173938282, 25.894080123197298 ], [ 88.568885742191512, 25.893973073924204 ], [ 88.56892142257729, 25.89385712800577 ], [ 88.568890239101293, 25.893464716921535 ], [ 88.568885742191512, 25.892943007995093 ], [ 88.568867901987389, 25.892630844025248 ], [ 88.568863478795137, 25.892399019167186 ], [ 88.56887239889906, 25.892167144619528 ], [ 88.568792117896507, 25.89194864956691 ], [ 88.568805461214126, 25.891743523967087 ], [ 88.568752014198452, 25.891672174557716 ], [ 88.568903582388131, 25.891649843341746 ], [ 88.569086407112678, 25.891716778296622 ], [ 88.569327174281497, 25.891703351735988 ], [ 88.569594773669905, 25.891712292554764 ], [ 88.56979093843367, 25.891823747056669 ], [ 88.569969336268727, 25.891877284511029 ], [ 88.570134316741459, 25.8919575765308 ], [ 88.570303719617584, 25.892082391465927 ], [ 88.570459852741692, 25.892278622570586 ], [ 88.570473195536408, 25.892416793864285 ], [ 88.570629254321858, 25.892532816063028 ], [ 88.570696115421356, 25.892635332617736 ], [ 88.570834407725982, 25.892528330915276 ], [ 88.570870086477896, 25.892403451755925 ], [ 88.570892348824472, 25.892274110354077 ], [ 88.571012727470276, 25.89236334731363 ], [ 88.571253557455933, 25.892349918257683 ], [ 88.571262477058838, 25.892073473357666 ], [ 88.571387277587917, 25.891935211836401 ], [ 88.571463130772543, 25.891747930770389 ], [ 88.571473253566779, 25.891692276534911 ], [ 88.569395437764229, 25.891692276534911 ], [ 88.569395437764229, 25.890145784028629 ], [ 88.569229127803368, 25.890164990044923 ], [ 88.568988286360181, 25.890200701044517 ], [ 88.568783197775758, 25.890147170873551 ], [ 88.568604868688567, 25.890089211466908 ], [ 88.568471066092386, 25.889897436678034 ], [ 88.568341760043253, 25.889687841558029 ], [ 88.568309302741156, 25.889446488324612 ], [ 88.567149649553926, 25.889446488324612 ], [ 88.567149649553926, 25.890310191451032 ], [ 88.567213596016956, 25.89031211366374 ], [ 88.567302800430028, 25.8904057394764 ], [ 88.56719133174586, 25.89048602551593 ], [ 88.567149649553926, 25.890569370010802 ], [ 88.567149649553926, 25.890837021017042 ], [ 88.567258198246861, 25.890847213701399 ], [ 88.567423189229942, 25.890842789733739 ], [ 88.567579259200343, 25.890842789096869 ], [ 88.567579259200343, 25.890922997307353 ], [ 88.567441030039646, 25.891003291168303 ], [ 88.567351825916276, 25.891030023013073 ], [ 88.567195755111896, 25.891088036706389 ], [ 88.567149649553926, 25.891196998858522 ], [ 88.567149649553926, 25.891692276534911 ], [ 88.567140201927245, 25.891692276534911 ], [ 88.567142232351884, 25.89179260164774 ] ] ], [ [ [ 88.566462932613746, 25.89393806474521 ], [ 88.566361868764403, 25.893723357400269 ], [ 88.566321762776397, 25.893549466187778 ], [ 88.566335180592759, 25.893397844639665 ], [ 88.566419889676496, 25.893201632415575 ], [ 88.566509022029067, 25.893036680353259 ], [ 88.566633910222336, 25.892911777398599 ], [ 88.566758798049179, 25.892702245744953 ], [ 88.566807824162026, 25.892501531773089 ], [ 88.566816744696794, 25.89230538568588 ], [ 88.566803327032233, 25.89213148530628 ], [ 88.566723115850323, 25.891939695793823 ], [ 88.566607148497482, 25.891801507765333 ], [ 88.566464492738135, 25.891734603777227 ], [ 88.566449553586111, 25.891692276534911 ], [ 88.564903861343637, 25.891692276534911 ], [ 88.564903861343637, 25.89393806474521 ], [ 88.566462932613746, 25.89393806474521 ] ] ], [ [ [ 88.567333985069169, 25.895538247813601 ], [ 88.567663965808165, 25.895569458428426 ], [ 88.567985023700771, 25.895449008728079 ], [ 88.568132171353781, 25.895181503665832 ], [ 88.568092067033859, 25.894824734617817 ], [ 88.567985023700771, 25.894650818659883 ], [ 88.567717487912105, 25.894503655716569 ], [ 88.567316144214587, 25.894405611491248 ], [ 88.567149649553926, 25.894355249504773 ], [ 88.567149649553926, 25.89555900682619 ], [ 88.567347402566469, 25.895524846446694 ], [ 88.567333985069169, 25.895538247813601 ] ] ], [ [ [ 88.569202367710332, 25.894561630805299 ], [ 88.568943759663085, 25.894664201210688 ], [ 88.568769854451148, 25.894766790561533 ], [ 88.568707413534014, 25.894900517667182 ], [ 88.568618212064891, 25.895275144127783 ], [ 88.568511170055146, 25.895493602047512 ], [ 88.568319422641494, 25.895609548514276 ], [ 88.56814551487831, 25.895756705992184 ], [ 88.568069729501033, 25.89603321168082 ], [ 88.568055146937127, 25.89618385295551 ], [ 88.569395437764229, 25.89618385295551 ], [ 88.569395437764229, 25.894507231386303 ], [ 88.569202367710332, 25.894561630805299 ] ] ] ] } },
{ "type": "Feature", "properties": { "protected_km2": 0.2562000334151136 }, "geometry": { "type": "MultiPolygon", "coordinates": [ [ [ [ 88.555618762074829, 25.548086680359194 ], [ 88.555637774609409, 25.548156403921862 ], [ 88.555642199175807, 25.548200982312395 ], [ 88.55562885173245, 25.548361556643499 ], [ 88.555619928853616, 25.548548822980631 ], [ 88.555566391541376, 25.548584431520005 ], [ 88.555526275384523, 25.548736070869118 ], [ 88.555486159189897, 25.548954557587681 ], [ 88.555472811697641, 25.54913292733967 ], [ 88.555495082096726, 25.549306858754477 ], [ 88.555504005001723, 25.549329168541988 ], [ 88.555593160205902, 25.549342509447733 ], [ 88.555668967792712, 25.54941389461715 ], [ 88.555700160953165, 25.549480776994521 ], [ 88.555744775244605, 25.549663599469607 ], [ 88.555789389489348, 25.549859791270599 ], [ 88.555762620948116, 25.549886538562049 ], [ 88.555735852390058, 25.549904342768809 ], [ 88.555731427833379, 25.549922185513914 ], [ 88.555753698097291, 25.5499712747465 ], [ 88.555829505398421, 25.550100563825424 ], [ 88.555869621269721, 25.550185329353749 ], [ 88.555913102108192, 25.550332468569493 ], [ 88.555920708502441, 25.550332468569493 ], [ 88.555920708502441, 25.548086680359194 ], [ 88.555618762074829, 25.548086680359194 ] ] ], [ [ [ 88.553674920292138, 25.552578256779793 ], [ 88.553674920292138, 25.550332468569493 ], [ 88.554739184902374, 25.550332468569493 ], [ 88.554781612364025, 25.550145112886234 ], [ 88.554772689307725, 25.549868693424713 ], [ 88.554852996747059, 25.549364784762918 ], [ 88.554754843189542, 25.549168608815929 ], [ 88.554701378534531, 25.549186421799522 ], [ 88.554710301605752, 25.549164196827292 ], [ 88.554683532386477, 25.54915968830618 ], [ 88.5546701108983, 25.549150794109558 ], [ 88.554665686230948, 25.54914632428774 ], [ 88.554661187818652, 25.549146280123306 ], [ 88.554656763150376, 25.549146327017066 ], [ 88.554647840067929, 25.549092851825119 ], [ 88.554402565185853, 25.548597850032664 ], [ 88.554371371075277, 25.548562132602928 ], [ 88.55432233064252, 25.5483793559759 ], [ 88.554331253793123, 25.548267880410691 ], [ 88.554267444173306, 25.548086680359194 ], [ 88.549183343871533, 25.548086680359194 ], [ 88.549183343871533, 25.552578256779793 ], [ 88.553674920292138, 25.552578256779793 ] ] ] ] } },
{ "type": "Feature", "properties": { "protected_km2": 0.0075770994139204408 }, "geometry": { "type": "Polygon", "coordinates": [ [ [ 90.049369868351135, 24.737357136441325 ], [ 90.047124080140847, 24.737357136441325 ], [ 90.047124080140847, 24.737726369454979 ], [ 90.04714906951736, 24.737723728406483 ], [ 90.047675289941111, 24.73767464787926 ], [ 90.048326325855015, 24.737661305992876 ], [ 90.048629514752434, 24.737647892736479 ], [ 90.048959491859975, 24.737612186654538 ], [ 90.049369868351135, 24.737606210734093 ], [ 90.049369868351135, 24.737357136441325 ] ] ] } },
{ "type": "Feature", "properties": { "protected_km2": 0.083136861058570433 }, "geometry": { "type": "Polygon", "coordinates": [ [ [ 90.044878291930544, 24.735111348231026 ], [ 90.04171353386397, 24.735111348231026 ], [ 90.04183833053392, 24.736640105234535 ], [ 90.041860624169857, 24.737380347943965 ], [ 90.041878430597663, 24.737661242239536 ], [ 90.041976508550292, 24.737652337788546 ], [ 90.042480435177495, 24.73755427595691 ], [ 90.042801455920412, 24.737549837151079 ], [ 90.043563953288043, 24.737465104387976 ], [ 90.044339857121585, 24.737487342870537 ], [ 90.044518218214705, 24.737487380888833 ], [ 90.044808056761383, 24.737478417842258 ], [ 90.044878291930544, 24.737469344689561 ], [ 90.044878291930544, 24.735111348231026 ] ] ] } },
{ "type": "Feature", "properties": { "protected_km2": 0.26989535506144985 }, "geometry": { "type": "MultiPolygon", "coordinates": [ [ [ [ 90.103268785398313, 24.732865560020727 ], [ 90.103268785398313, 24.735111348231026 ], [ 90.101022997188011, 24.735111348231026 ], [ 90.101022997188011, 24.732865560020727 ], [ 90.098777208977708, 24.732865560020727 ], [ 90.098777208977708, 24.736562314367639 ], [ 90.099182335956286, 24.736559840796094 ], [ 90.09937407709873, 24.736586617857299 ], [ 90.099802145499524, 24.736675831659827 ], [ 90.100167801431766, 24.736729305202623 ], [ 90.100515627192934, 24.736738222634173 ], [ 90.100716291843852, 24.736742708471002 ], [ 90.101180043054384, 24.73669810258151 ], [ 90.101576886128569, 24.736698107470922 ], [ 90.102058482059604, 24.736689176775428 ], [ 90.102433005353163, 24.736657943189886 ], [ 90.102767439899552, 24.736711522220915 ], [ 90.103101877351421, 24.736733758593175 ], [ 90.10352106969421, 24.736715988702727 ], [ 90.104096289488808, 24.736684703625421 ], [ 90.104551092322225, 24.73662677775658 ], [ 90.104997054011534, 24.736644584534631 ], [ 90.105514573608616, 24.736713299313791 ], [ 90.105514573608616, 24.732865560020727 ], [ 90.103268785398313, 24.732865560020727 ] ] ], [ [ [ 90.092039844346814, 24.735111348231026 ], [ 90.092039844346814, 24.736636771472007 ], [ 90.092306393963995, 24.73664011666752 ], [ 90.092796931551618, 24.736644616452072 ], [ 90.093153677122501, 24.736622294043581 ], [ 90.093688730360356, 24.736617886221602 ], [ 90.094009822933259, 24.736604461131169 ], [ 90.094285632557117, 24.736611582380487 ], [ 90.094285632557117, 24.735111348231026 ], [ 90.092039844346814, 24.735111348231026 ] ] ] ] } },
{ "type": "Feature", "properties": { "protected_km2": 0.23597501641532639 }, "geometry": { "type": "Polygon", "coordinates": [ [ [ 90.067336174033528, 24.735111348231026 ], [ 90.062844597612937, 24.735111348231026 ], [ 90.062844597612937, 24.732865560020727 ], [ 90.060598809402634, 24.732865560020727 ], [ 90.060598809402634, 24.735111348231026 ], [ 90.058353021192332, 24.735111348231026 ], [ 90.058353021192332, 24.737357136441325 ], [ 90.061432406294699, 24.737357136441325 ], [ 90.061739312785079, 24.737344711995028 ], [ 90.061989017841768, 24.73734470010875 ], [ 90.062127197222992, 24.737326798284943 ], [ 90.062256540415888, 24.737215327246254 ], [ 90.062341272914679, 24.737032494695104 ], [ 90.062318967369094, 24.736684753543678 ], [ 90.062323456982668, 24.736546521047977 ], [ 90.062492851198769, 24.736426065220545 ], [ 90.062889722611928, 24.736336946991663 ], [ 90.063308904237047, 24.736225444146921 ], [ 90.06343818014679, 24.736216512597764 ], [ 90.063772631916081, 24.736234397656968 ], [ 90.064124903359726, 24.736457355905792 ], [ 90.064379042524479, 24.736591130248897 ], [ 90.0647224110119, 24.736586635212301 ], [ 90.064981044057234, 24.736555453763575 ], [ 90.065239678845174, 24.736564309844571 ], [ 90.065748044889133, 24.736644617852825 ], [ 90.066131479781319, 24.736680230675393 ], [ 90.066818179907571, 24.736751579520639 ], [ 90.067308677336314, 24.736742665300071 ], [ 90.067336174033528, 24.736742672266129 ], [ 90.067336174033528, 24.735111348231026 ] ] ] } },
{ "type": "Feature", "properties": { "protected_km2": 0.1458695199822555 }, "geometry": { "type": "Polygon", "coordinates": [ [ [ 90.134709820342493, 24.735111348231026 ], [ 90.134709820342493, 24.732865560020727 ], [ 90.132464032132191, 24.732865560020727 ], [ 90.132464032132191, 24.735111348231026 ], [ 90.130218243921902, 24.735111348231026 ], [ 90.130218243921902, 24.737026687699053 ], [ 90.130378218625538, 24.737010203604648 ], [ 90.130784000780366, 24.736987930939055 ], [ 90.131773915830038, 24.736970129817827 ], [ 90.132683609188106, 24.736947773067939 ], [ 90.132928848825159, 24.736929983843229 ], [ 90.133200863171695, 24.736831913633566 ], [ 90.133263262533674, 24.736796168605427 ], [ 90.133963370302183, 24.736421619393369 ], [ 90.135399180713804, 24.735467396496567 ], [ 90.13558196299833, 24.735329182510462 ], [ 90.135795970782368, 24.735111348231026 ], [ 90.134709820342493, 24.735111348231026 ] ] ] } },
{ "type": "Feature", "properties": { "protected_km2": 0.50860219411605778 }, "geometry": { "type": "Polygon", "coordinates": [ [ [ 90.098777208977708, 24.732865560020727 ], [ 90.094285632557117, 24.732865560020727 ], [ 90.094285632557117, 24.730619771810428 ], [ 90.087548267926223, 24.730619771810428 ], [ 90.087548267926223, 24.732865560020727 ], [ 90.089794056136526, 24.732865560020727 ], [ 90.089794056136526, 24.736654336454144 ], [ 90.090027808363715, 24.736657980800551 ], [ 90.09060753334866, 24.73663118308286 ], [ 90.090950851046756, 24.736644563892533 ], [ 90.091597414882429, 24.736631218985856 ], [ 90.092039844346814, 24.736636771472007 ], [ 90.092039844346814, 24.735111348231026 ], [ 90.094285632557117, 24.735111348231026 ], [ 90.094285632557117, 24.736611582380487 ], [ 90.094527057209262, 24.736617815829177 ], [ 90.095124538497672, 24.736617802351454 ], [ 90.095757763246482, 24.736586603050004 ], [ 90.09633743193875, 24.736591125258652 ], [ 90.09694835099431, 24.73653756105665 ], [ 90.097594944308128, 24.736546473975718 ], [ 90.098451046291586, 24.736564305809292 ], [ 90.098777208977708, 24.736562314367639 ], [ 90.098777208977708, 24.732865560020727 ] ] ] } },
{ "type": "Feature", "properties": { "protected_km2": 0.39618370334696668 }, "geometry": { "type": "Polygon", "coordinates": [ [ [ 90.058353021192332, 24.737357136441325 ], [ 90.058353021192332, 24.732865560020727 ], [ 90.062844597612937, 24.732865560020727 ], [ 90.062844597612937, 24.730619771810428 ], [ 90.056107232982043, 24.730619771810428 ], [ 90.056107232982043, 24.728373983600129 ], [ 90.053861444771741, 24.728373983600129 ], [ 90.053861444771741, 24.732865560020727 ], [ 90.056107232982043, 24.732865560020727 ], [ 90.056107232982043, 24.737357136441325 ], [ 90.058353021192332, 24.737357136441325 ] ] ] } },
{ "type": "Feature", "properties": { "protected_km2": 0.33955530060808975 }, "geometry": { "type": "Polygon", "coordinates": [ [ [ 90.130218243921902, 24.735111348231026 ], [ 90.130218243921902, 24.730619771810428 ], [ 90.125726667501297, 24.730619771810428 ], [ 90.125726667501297, 24.728373983600129 ], [ 90.121235091080706, 24.728373983600129 ], [ 90.121235091080706, 24.730619771810428 ], [ 90.123480879290994, 24.730619771810428 ], [ 90.123480879290994, 24.732865560020727 ], [ 90.1279724557116, 24.732865560020727 ], [ 90.1279724557116, 24.735111348231026 ], [ 90.130218243921902, 24.735111348231026 ] ] ] } },
{ "type": "Feature", "properties": { "protected_km2": 0.94115590848496 }, "geometry": { "type": "Polygon", "coordinates": [ [ [ 90.121235091080706, 24.732865560020727 ], [ 90.123480879290994, 24.732865560020727 ], [ 90.123480879290994, 24.730619771810428 ], [ 90.121235091080706, 24.730619771810428 ], [ 90.121235091080706, 24.728373983600129 ], [ 90.125726667501297, 24.728373983600129 ], [ 90.125726667501297, 24.726128195389833 ], [ 90.118989302870403, 24.726128195389833 ], [ 90.118989302870403, 24.730619771810428 ], [ 90.116743514660101, 24.730619771810428 ], [ 90.116743514660101, 24.735111348231026 ], [ 90.114497726449812, 24.735111348231026 ], [ 90.114497726449812, 24.730619771810428 ], [ 90.11225193823951, 24.730619771810428 ], [ 90.11225193823951, 24.732865560020727 ], [ 90.107760361818904, 24.732865560020727 ], [ 90.107760361818904, 24.735111348231026 ], [ 90.110006150029207, 24.735111348231026 ], [ 90.110006150029207, 24.736696323601539 ], [ 90.110053669142104, 24.736693607033533 ], [ 90.110856247469087, 24.736711498053399 ], [ 90.112314388418667, 24.736729350747133 ], [ 90.113496068941643, 24.736711526642665 ], [ 90.115881661257006, 24.736689149339679 ], [ 90.116242902619348, 24.736689233568271 ], [ 90.11727290868447, 24.736698128291827 ], [ 90.117593983895503, 24.736707027124279 ], [ 90.117692112549932, 24.736711479726033 ], [ 90.117781249267864, 24.736711500696639 ], [ 90.118338626054324, 24.736729362078805 ], [ 90.118744424263028, 24.736751598291374 ], [ 90.119194761079143, 24.736849707169664 ], [ 90.119315161052782, 24.736871986047937 ], [ 90.119997458464454, 24.736854143060722 ], [ 90.120322981391084, 24.736849716763526 ], [ 90.120675200151396, 24.736889835466904 ], [ 90.120956121007694, 24.736898759268492 ], [ 90.121235091080706, 24.736891234312669 ], [ 90.121235091080706, 24.732865560020727 ] ] ] } },
{ "type": "Feature", "properties": { "protected_km2": 0.28299842622071136 }, "geometry": { "type": "Polygon", "coordinates": [ [ [ 90.053861444771741, 24.732865560020727 ], [ 90.053861444771741, 24.728373983600129 ], [ 90.056107232982043, 24.728373983600129 ], [ 90.056107232982043, 24.726128195389833 ], [ 90.051615656561438, 24.726128195389833 ], [ 90.051615656561438, 24.728373983600129 ], [ 90.049369868351135, 24.728373983600129 ], [ 90.049369868351135, 24.730619771810428 ], [ 90.051615656561438, 24.730619771810428 ], [ 90.051615656561438, 24.732865560020727 ], [ 90.053861444771741, 24.732865560020727 ] ] ] } },
{ "type": "Feature", "properties": { "protected_km2": 0.28298708435844999 }, "geometry": { "type": "Polygon", "coordinates": [ [ [ 90.089794056136526, 24.730619771810428 ], [ 90.089794056136526, 24.728373983600129 ], [ 90.085302479715921, 24.728373983600129 ], [ 90.085302479715921, 24.726128195389833 ], [ 90.08081090329533, 24.726128195389833 ], [ 90.08081090329533, 24.728373983600129 ], [ 90.083056691505618, 24.728373983600129 ], [ 90.083056691505618, 24.730619771810428 ], [ 90.089794056136526, 24.730619771810428 ] ] ] } },
{ "type": "Feature", "properties": { "protected_km2": 0.28301058580660859 }, "geometry": { "type": "Polygon", "coordinates": [ [ [ 90.058353021192332, 24.726128195389833 ], [ 90.058353021192332, 24.721636618969235 ], [ 90.056107232982043, 24.721636618969235 ], [ 90.056107232982043, 24.723882407179534 ], [ 90.053861444771741, 24.723882407179534 ], [ 90.053861444771741, 24.721636618969235 ], [ 90.051615656561438, 24.721636618969235 ], [ 90.051615656561438, 24.726128195389833 ], [ 90.058353021192332, 24.726128195389833 ] ] ] } },
{ "type": "Feature", "properties": { "protected_km2": 0.28311279521990462 }, "geometry": { "type": "Polygon", "coordinates": [ [ [ 90.062844597612937, 24.678966642973556 ], [ 90.062844597612937, 24.676720854763257 ], [ 90.060598809402634, 24.676720854763257 ], [ 90.060598809402634, 24.674475066552958 ], [ 90.053861444771741, 24.674475066552958 ], [ 90.053861444771741, 24.676720854763257 ], [ 90.058353021192332, 24.676720854763257 ], [ 90.058353021192332, 24.678966642973556 ], [ 90.062844597612937, 24.678966642973556 ] ] ] } },
{ "type": "Feature", "properties": { "protected_km2": 0.050933162770009623 }, "geometry": { "type": "MultiPolygon", "coordinates": [ [ [ [ 90.040386715509939, 24.663246125501466 ], [ 90.040386715509939, 24.664673013165608 ], [ 90.040580862260015, 24.664634559342378 ], [ 90.040785985958522, 24.664558761284162 ], [ 90.041138259983668, 24.664438347000807 ], [ 90.041436976079979, 24.664353643557416 ], [ 90.041664397883508, 24.664309095662997 ], [ 90.041807062484907, 24.664251071268115 ], [ 90.042007776737577, 24.66417083321765 ], [ 90.042150442617427, 24.664126217510461 ], [ 90.042275302407944, 24.66410842471554 ], [ 90.042493825827023, 24.664090605502125 ], [ 90.042632503720242, 24.664092954674459 ], [ 90.042632503720242, 24.663246125501466 ], [ 90.040386715509939, 24.663246125501466 ] ] ], [ [ [ 90.034887927407127, 24.663246125501466 ], [ 90.034841974906797, 24.663328066864487 ], [ 90.034775106290397, 24.663510916610793 ], [ 90.034681461938646, 24.663689242301803 ], [ 90.03451646328439, 24.66392112973595 ], [ 90.034387142436444, 24.664041478172923 ], [ 90.034257822025168, 24.664309053988323 ], [ 90.034066120985514, 24.664549825542089 ], [ 90.034012570197902, 24.664625671037403 ], [ 90.034173151573953, 24.664714877228992 ], [ 90.03433366241164, 24.664719280308493 ], [ 90.034601205706849, 24.664688052376423 ], [ 90.035024778205852, 24.664688045376895 ], [ 90.035738267759484, 24.66469702903315 ], [ 90.035895139089348, 24.66469212511662 ], [ 90.035895139089348, 24.663246125501466 ], [ 90.034887927407127, 24.663246125501466 ] ] ] ] } },
{ "type": "Feature", "properties": { "protected_km2": 0.021671503547623323 }, "geometry": { "type": "Polygon", "coordinates": [ [ [ 90.045313987615415, 24.658754549080868 ], [ 90.045236158501496, 24.658726247466621 ], [ 90.045106801464911, 24.658681709510141 ], [ 90.044683188718665, 24.658391815360787 ], [ 90.044553904779065, 24.658320458384246 ], [ 90.044388934831602, 24.658226823429359 ], [ 90.044188279337064, 24.658142168410425 ], [ 90.044112419439742, 24.658052946574188 ], [ 90.043969746255598, 24.65803513935295 ], [ 90.043274124149988, 24.657825503408802 ], [ 90.043051180150727, 24.657705155531566 ], [ 90.042886216671818, 24.657673944352705 ], [ 90.042810430579323, 24.657731861250205 ], [ 90.042716766583737, 24.657816601678665 ], [ 90.042467044532657, 24.658186695003842 ], [ 90.042279789675533, 24.658445328457212 ], [ 90.042190614234102, 24.658646038889664 ], [ 90.042120268315728, 24.658754549080868 ], [ 90.045313987615415, 24.658754549080868 ] ] ] } },
{ "type": "Feature", "properties": { "protected_km2": 0.01270470099457081 }, "geometry": { "type": "Polygon", "coordinates": [ [ [ 91.59896373345731, 24.225317424493198 ], [ 91.597828018561557, 24.225317424493198 ], [ 91.597832734289327, 24.22532840958316 ], [ 91.597899563006138, 24.225480047673507 ], [ 91.597984301672071, 24.225613816904112 ], [ 91.598091316854166, 24.225796590494728 ], [ 91.598220682726449, 24.225917017596611 ], [ 91.598283071555343, 24.226028441561169 ], [ 91.598345534482831, 24.226122092231844 ], [ 91.59842131900929, 24.226282613160659 ], [ 91.598488222647305, 24.226447669835867 ], [ 91.598572888461973, 24.226608188483496 ], [ 91.598657628451761, 24.226773149348933 ], [ 91.598693300706898, 24.226853387459471 ], [ 91.59879587710715, 24.227067489389725 ], [ 91.598871662425481, 24.227245782099427 ], [ 91.598947447877052, 24.227424165362915 ], [ 91.59896373345731, 24.227464206506962 ], [ 91.59896373345731, 24.225317424493198 ] ] ] } },
{ "type": "Feature", "properties": { "protected_km2": 0.15350356900863527 }, "geometry": { "type": "Polygon", "coordinates": [ [ [ 90.437891228732838, 24.171418507446027 ], [ 90.431153864101944, 24.171418507446027 ], [ 90.431153864101944, 24.173664295656327 ], [ 90.435645440522535, 24.173664295656327 ], [ 90.435645440522535, 24.173728168631754 ], [ 90.436285961067341, 24.173219369963977 ], [ 90.437373957782782, 24.172635181896997 ], [ 90.437891228732838, 24.172450952997984 ], [ 90.437891228732838, 24.171418507446027 ] ] ] } },
{ "type": "Feature", "properties": { "protected_km2": 0.1062244544547014 }, "geometry": { "type": "MultiPolygon", "coordinates": [ [ [ [ 90.449120169784322, 24.171418507446027 ], [ 90.445224825263139, 24.171418507446027 ], [ 90.445288865068065, 24.17144015716352 ], [ 90.446127158501511, 24.172100087559375 ], [ 90.446283260951773, 24.172381016413642 ], [ 90.447166125837143, 24.173384328587741 ], [ 90.447389094263983, 24.173571629275131 ], [ 90.44758975252951, 24.173500290045514 ], [ 90.447968760484102, 24.173197028591023 ], [ 90.448548435208338, 24.172421123962597 ], [ 90.449114731069685, 24.171823682148332 ], [ 90.449939718033278, 24.171114630729164 ], [ 90.450920699035407, 24.170441308810588 ], [ 90.452624103821151, 24.169446910805217 ], [ 90.453440180057711, 24.169172719235728 ], [ 90.449120169784322, 24.169172719235728 ], [ 90.449120169784322, 24.171418507446027 ] ] ], [ [ [ 90.442382805153429, 24.171477997922501 ], [ 90.442724233169557, 24.171418507446027 ], [ 90.442382805153429, 24.171418507446027 ], [ 90.442382805153429, 24.171477997922501 ] ] ] ] } },
{ "type": "Feature", "properties": { "protected_km2": 0.39774865446530577 }, "geometry": { "type": "Polygon", "coordinates": [ [ [ 90.446874381574034, 24.160189566394532 ], [ 90.446874381574034, 24.155697989973937 ], [ 90.449120169784322, 24.155697989973937 ], [ 90.449120169784322, 24.153452201763635 ], [ 90.440137016943126, 24.153452201763635 ], [ 90.440137016943126, 24.155697989973937 ], [ 90.442382805153429, 24.155697989973937 ], [ 90.442382805153429, 24.157943778184233 ], [ 90.444628593363731, 24.157943778184233 ], [ 90.444628593363731, 24.160189566394532 ], [ 90.446874381574034, 24.160189566394532 ] ] ] } },
{ "type": "Feature", "properties": { "protected_km2": 0.62508530694541853 }, "geometry": { "type": "Polygon", "coordinates": [ [ [ 90.410941770209249, 24.153452201763635 ], [ 90.410941770209249, 24.151206413553339 ], [ 90.413187558419551, 24.151206413553339 ], [ 90.413187558419551, 24.153452201763635 ], [ 90.417679134840142, 24.153452201763635 ], [ 90.417679134840142, 24.151206413553339 ], [ 90.419924923050445, 24.151206413553339 ], [ 90.419924923050445, 24.14896062534304 ], [ 90.408695981998946, 24.14896062534304 ], [ 90.408695981998946, 24.146714837132741 ], [ 90.404204405578355, 24.146714837132741 ], [ 90.404204405578355, 24.14896062534304 ], [ 90.406450193788658, 24.14896062534304 ], [ 90.406450193788658, 24.151206413553339 ], [ 90.408695981998946, 24.151206413553339 ], [ 90.408695981998946, 24.153452201763635 ], [ 90.410941770209249, 24.153452201763635 ] ] ] } },
{ "type": "Feature", "properties": { "protected_km2": 0.0040172586042593258 }, "geometry": { "type": "Polygon", "coordinates": [ [ [ 90.462594899046124, 24.14896062534304 ], [ 90.463241666118734, 24.14896062534304 ], [ 90.463116363313503, 24.148778987674881 ], [ 90.46270610617762, 24.148047702144506 ], [ 90.462594899046124, 24.147703558092832 ], [ 90.462594899046124, 24.14896062534304 ] ] ] } },
{ "type": "Feature", "properties": { "protected_km2": 0.62505673018159802 }, "geometry": { "type": "Polygon", "coordinates": [ [ [ 90.462594899046124, 24.155697989973937 ], [ 90.462594899046124, 24.153452201763635 ], [ 90.460349110835821, 24.153452201763635 ], [ 90.460349110835821, 24.144469048922442 ], [ 90.458103322625519, 24.144469048922442 ], [ 90.458103322625519, 24.14896062534304 ], [ 90.45585753441523, 24.14896062534304 ], [ 90.45585753441523, 24.146714837132741 ], [ 90.453611746204928, 24.146714837132741 ], [ 90.453611746204928, 24.14896062534304 ], [ 90.451365957994625, 24.14896062534304 ], [ 90.451365957994625, 24.151206413553339 ], [ 90.45585753441523, 24.151206413553339 ], [ 90.45585753441523, 24.153452201763635 ], [ 90.458103322625519, 24.153452201763635 ], [ 90.458103322625519, 24.155697989973937 ], [ 90.462594899046124, 24.155697989973937 ] ] ] } },
{ "type": "Feature", "properties": { "protected_km2": 0.28412991170650825 }, "geometry": { "type": "Polygon", "coordinates": [ [ [ 90.440137016943126, 24.151206413553339 ], [ 90.440137016943126, 24.146714837132741 ], [ 90.437891228732838, 24.146714837132741 ], [ 90.437891228732838, 24.144469048922442 ], [ 90.435645440522535, 24.144469048922442 ], [ 90.435645440522535, 24.146714837132741 ], [ 90.433399652312232, 24.146714837132741 ], [ 90.433399652312232, 24.14896062534304 ], [ 90.437891228732838, 24.14896062534304 ], [ 90.437891228732838, 24.151206413553339 ], [ 90.440137016943126, 24.151206413553339 ] ] ] } },
{ "type": "Feature", "properties": { "protected_km2": 0.36641423354632413 }, "geometry": { "type": "Polygon", "coordinates": [ [ [ 90.404204405578355, 24.146714837132741 ], [ 90.406450193788658, 24.146714837132741 ], [ 90.406450193788658, 24.142223260712143 ], [ 90.410941770209249, 24.142223260712143 ], [ 90.410941770209249, 24.139977472501844 ], [ 90.413187558419551, 24.139977472501844 ], [ 90.413187558419551, 24.138046979166262 ], [ 90.413071818179944, 24.138139564772437 ], [ 90.412434202957314, 24.138340222222187 ], [ 90.411167847886631, 24.138014768175388 ], [ 90.410516817289107, 24.138255550774169 ], [ 90.409072062496818, 24.138037058551227 ], [ 90.40883126319865, 24.138086052367925 ], [ 90.408695981998946, 24.138161113707302 ], [ 90.408695981998946, 24.139977472501844 ], [ 90.405782652957001, 24.139977472501844 ], [ 90.404876009250117, 24.140783850144327 ], [ 90.404204405578355, 24.140650124121052 ], [ 90.404204405578355, 24.146714837132741 ] ] ] } },
{ "type": "Feature", "properties": { "protected_km2": 0.38582676518265585 }, "geometry": { "type": "Polygon", "coordinates": [ [ [ 90.408695981998946, 24.119765378609156 ], [ 90.413187558419551, 24.119765378609156 ], [ 90.413187558419551, 24.115273802188558 ], [ 90.408695981998946, 24.115273802188558 ], [ 90.408695981998946, 24.117519590398857 ], [ 90.406450193788658, 24.117519590398857 ], [ 90.406450193788658, 24.122011166819455 ], [ 90.404265070684616, 24.122011166819455 ], [ 90.405063294637387, 24.122613017141301 ], [ 90.406022022842478, 24.123125778755004 ], [ 90.406806780995382, 24.123214967198919 ], [ 90.407823502828379, 24.123032190909203 ], [ 90.408695981998946, 24.122984333589514 ], [ 90.408695981998946, 24.119765378609156 ] ] ] } },
{ "type": "Feature", "properties": { "protected_km2": 0.28422458626077801 }, "geometry": { "type": "Polygon", "coordinates": [ [ [ 90.408695981998946, 24.113028013978258 ], [ 90.408695981998946, 24.110782225767959 ], [ 90.406450193788658, 24.110782225767959 ], [ 90.406450193788658, 24.106290649347361 ], [ 90.401958617368052, 24.106290649347361 ], [ 90.401958617368052, 24.10853643755766 ], [ 90.404204405578355, 24.10853643755766 ], [ 90.404204405578355, 24.113028013978258 ], [ 90.408695981998946, 24.113028013978258 ] ] ] } },
{ "type": "Feature", "properties": { "protected_km2": 0.39794779140244774 }, "geometry": { "type": "Polygon", "coordinates": [ [ [ 90.404204405578355, 24.104044861137062 ], [ 90.404204405578355, 24.099553284716464 ], [ 90.39971282915775, 24.099553284716464 ], [ 90.39971282915775, 24.097307496506168 ], [ 90.397467040947461, 24.097307496506168 ], [ 90.397467040947461, 24.095061708295866 ], [ 90.395221252737159, 24.095061708295866 ], [ 90.395221252737159, 24.099553284716464 ], [ 90.397467040947461, 24.099553284716464 ], [ 90.397467040947461, 24.101799072926763 ], [ 90.401958617368052, 24.101799072926763 ], [ 90.401958617368052, 24.104044861137062 ], [ 90.404204405578355, 24.104044861137062 ] ] ] } },
{ "type": "Feature", "properties": { "protected_km2": 0.28430405075641191 }, "geometry": { "type": "Polygon", "coordinates": [ [ [ 90.372763370634175, 24.081586979034075 ], [ 90.372763370634175, 24.079341190823776 ], [ 90.375009158844463, 24.079341190823776 ], [ 90.375009158844463, 24.077095402613477 ], [ 90.370517582423872, 24.077095402613477 ], [ 90.370517582423872, 24.079341190823776 ], [ 90.366026006003267, 24.079341190823776 ], [ 90.366026006003267, 24.081586979034075 ], [ 90.372763370634175, 24.081586979034075 ] ] ] } },
{ "type": "Feature", "properties": { "protected_km2": 0.057574451817534789 }, "geometry": { "type": "Polygon", "coordinates": [ [ [ 90.357042853162071, 24.064174867187131 ], [ 90.35688270776528, 24.064127437727464 ], [ 90.35639665125386, 24.064065051345406 ], [ 90.35590614885848, 24.064096219055319 ], [ 90.355036672855505, 24.064412797472421 ], [ 90.355495929560817, 24.064778478143491 ], [ 90.355754568989511, 24.065233266637758 ], [ 90.355745665216261, 24.065688128590388 ], [ 90.355371062329155, 24.066553218768924 ], [ 90.355504833277394, 24.06687872882706 ], [ 90.356410078941892, 24.067605575710381 ], [ 90.357042853162071, 24.068022770938061 ], [ 90.357042853162071, 24.064174867187131 ] ] ] } },
{ "type": "Feature", "properties": { "protected_km2": 0.51180534286719859 }, "geometry": { "type": "Polygon", "coordinates": [ [ [ 90.379500735265069, 24.065866461561985 ], [ 90.379500735265069, 24.063620673351686 ], [ 90.38399231168566, 24.063620673351686 ], [ 90.38399231168566, 24.059129096931088 ], [ 90.375009158844463, 24.059129096931088 ], [ 90.375009158844463, 24.061374885141387 ], [ 90.377254947054766, 24.061374885141387 ], [ 90.377254947054766, 24.063620673351686 ], [ 90.375009158844463, 24.063620673351686 ], [ 90.375009158844463, 24.065866461561985 ], [ 90.379500735265069, 24.065866461561985 ] ] ] } },
{ "type": "Feature", "properties": { "protected_km2": 0.093376615289255199 }, "geometry": { "type": "Polygon", "coordinates": [ [ [ 90.361534429582676, 24.061374885141387 ], [ 90.366026006003267, 24.061374885141387 ], [ 90.366026006003267, 24.059129096931088 ], [ 90.36827179421357, 24.059129096931088 ], [ 90.36827179421357, 24.057265053609097 ], [ 90.367941275773646, 24.057425426307677 ], [ 90.367811987520355, 24.057425372380667 ], [ 90.36754443401459, 24.057247084294662 ], [ 90.367218919025973, 24.057229170064364 ], [ 90.366938010091431, 24.057304967665008 ], [ 90.366621406367727, 24.05753246605726 ], [ 90.366144279035197, 24.058504543738067 ], [ 90.365323774355375, 24.059164493538717 ], [ 90.364833304036424, 24.060350544751021 ], [ 90.364699501292179, 24.060506650942042 ], [ 90.363268134925192, 24.060783143257346 ], [ 90.362777618467021, 24.060658271794718 ], [ 90.362300537840895, 24.060952554713893 ], [ 90.361939373780345, 24.060809864545011 ], [ 90.361534429582676, 24.060817695393112 ], [ 90.361534429582676, 24.061374885141387 ] ] ] } },
{ "type": "Feature", "properties": { "protected_km2": 0.057137092346987273 }, "geometry": { "type": "Polygon", "coordinates": [ [ [ 90.381746523475357, 24.045654367669293 ], [ 90.381746523475357, 24.041162791248695 ], [ 90.380190102778698, 24.041162791248695 ], [ 90.380391069906992, 24.041493069046343 ], [ 90.380444597960562, 24.041689200651312 ], [ 90.380515944862054, 24.042808443473039 ], [ 90.3808726813118, 24.044659038662257 ], [ 90.380810243218093, 24.04517176195829 ], [ 90.380624078360128, 24.045654367669293 ], [ 90.381746523475357, 24.045654367669293 ] ] ] } },
{ "type": "Feature", "properties": { "protected_km2": 0.58692191936797888 }, "geometry": { "type": "Polygon", "coordinates": [ [ [ 90.401958617368052, 24.038917003038399 ], [ 90.401958617368052, 24.041162791248695 ], [ 90.395221252737159, 24.041162791248695 ], [ 90.395221252737159, 24.043408579458994 ], [ 90.392975464526856, 24.043408579458994 ], [ 90.392975464526856, 24.045654367669293 ], [ 90.404588068525712, 24.045654367669293 ], [ 90.4046396930285, 24.045252078546977 ], [ 90.404902753980281, 24.044137329558449 ], [ 90.405009804977198, 24.042844146441155 ], [ 90.404849264538115, 24.041408299426251 ], [ 90.404790477114432, 24.041162791248695 ], [ 90.404204405578355, 24.041162791248695 ], [ 90.404204405578355, 24.040803231012255 ], [ 90.403680998472709, 24.040833100862567 ], [ 90.403529378051573, 24.040610104100008 ], [ 90.403565036476493, 24.039651465313227 ], [ 90.403413416501834, 24.039241186424462 ], [ 90.403141828976729, 24.038917003038399 ], [ 90.401958617368052, 24.038917003038399 ] ] ] } },
{ "type": "Feature", "properties": { "protected_km2": 0.13769800453221709 }, "geometry": { "type": "Polygon", "coordinates": [ [ [ 90.401958617368052, 24.0366712148281 ], [ 90.39971282915775, 24.0366712148281 ], [ 90.39971282915775, 24.041162791248695 ], [ 90.401958617368052, 24.041162791248695 ], [ 90.401958617368052, 24.038917003038399 ], [ 90.403141828976729, 24.038917003038399 ], [ 90.402998747120279, 24.038746211833292 ], [ 90.402807014331529, 24.038126433208856 ], [ 90.402793642675803, 24.037609174171944 ], [ 90.402708883737844, 24.037453055137679 ], [ 90.402829300434504, 24.036476585222246 ], [ 90.401958617368052, 24.036481639390416 ], [ 90.401958617368052, 24.0366712148281 ] ] ] } },
{ "type": "Feature", "properties": { "protected_km2": 0.14066875720124283 }, "geometry": { "type": "Polygon", "coordinates": [ [ [ 90.381746523475357, 24.038917003038399 ], [ 90.38399231168566, 24.038917003038399 ], [ 90.38399231168566, 24.041162791248695 ], [ 90.388483888106265, 24.041162791248695 ], [ 90.388483888106265, 24.038917003038399 ], [ 90.386238099895962, 24.038917003038399 ], [ 90.386238099895962, 24.038174647961089 ], [ 90.386022979907025, 24.038336010283054 ], [ 90.385639465066475, 24.038389508060739 ], [ 90.385420941607009, 24.038300315739473 ], [ 90.385095422230464, 24.038322634807503 ], [ 90.38477436072543, 24.038599097615595 ], [ 90.384515745720947, 24.038674874092823 ], [ 90.383182529363154, 24.038086316477013 ], [ 90.382950654642613, 24.038077365768704 ], [ 90.382607264130357, 24.038518840472879 ], [ 90.382054353506106, 24.038500976741329 ], [ 90.381746523475357, 24.038395116952966 ], [ 90.381746523475357, 24.038917003038399 ] ] ] } },
{ "type": "Feature", "properties": { "protected_km2": 0.0070844069150081523 }, "geometry": { "type": "Polygon", "coordinates": [ [ [ 90.39971282915775, 24.0366712148281 ], [ 90.401958617368052, 24.0366712148281 ], [ 90.401958617368052, 24.036481639390416 ], [ 90.401295398976927, 24.036485489261182 ], [ 90.400622031013711, 24.036347233948145 ], [ 90.399881821187137, 24.03628927062589 ], [ 90.39971282915775, 24.036214383073379 ], [ 90.39971282915775, 24.0366712148281 ] ] ] } },
{ "type": "Feature", "properties": { "protected_km2": 0.32060718439741553 }, "geometry": { "type": "Polygon", "coordinates": [ [ [ 90.345813912110586, 23.821075546639413 ], [ 90.345813912110586, 23.823321334849712 ], [ 90.350305488531177, 23.823321334849712 ], [ 90.350305488531177, 23.816583970218815 ], [ 90.348059700320874, 23.816583970218815 ], [ 90.348059700320874, 23.817860746131437 ], [ 90.348062605779276, 23.817873550977765 ], [ 90.348075958824268, 23.817985088012591 ], [ 90.348120612588403, 23.818127782620778 ], [ 90.348169645638805, 23.818234791343496 ], [ 90.348205325656906, 23.818390850456705 ], [ 90.34822312978271, 23.818542410723936 ], [ 90.34822312978271, 23.818622749756777 ], [ 90.348241005707479, 23.818751978271788 ], [ 90.348249907777472, 23.818818952838456 ], [ 90.34827216296128, 23.818952710390928 ], [ 90.3482811368293, 23.819041834719215 ], [ 90.3482811368293, 23.819113186604596 ], [ 90.348334621125261, 23.819260399921536 ], [ 90.348339072170631, 23.819349534351264 ], [ 90.34835242530977, 23.819429843262519 ], [ 90.348361399196136, 23.819452063816097 ], [ 90.348370301293457, 23.819532382708037 ], [ 90.348356948148236, 23.819630453365619 ], [ 90.348294489948699, 23.819621515816298 ], [ 90.348267711923498, 23.819630472236923 ], [ 90.348227580815418, 23.819630471577852 ], [ 90.348098285699976, 23.819603709896249 ], [ 90.348022474881077, 23.819590354066925 ], [ 90.347991246035221, 23.81958143708572 ], [ 90.347893180441886, 23.819545708865416 ], [ 90.347808468047674, 23.819519028472943 ], [ 90.347737108766097, 23.819505571738826 ], [ 90.347692527228531, 23.819505580920129 ], [ 90.347625619122311, 23.819496653074964 ], [ 90.347581037711478, 23.819478869655104 ], [ 90.347482901354454, 23.819456576531032 ], [ 90.347362510562846, 23.819465470191101 ], [ 90.347246571062215, 23.819443216792681 ], [ 90.347108377368386, 23.819407487132647 ], [ 90.346983536834614, 23.81938071453493 ], [ 90.346961210593577, 23.819367420057038 ], [ 90.34686759845448, 23.819345116414734 ], [ 90.346778365618874, 23.819331699209744 ], [ 90.346671401345034, 23.819313873447385 ], [ 90.346622298380112, 23.819300457216936 ], [ 90.346582168955905, 23.81929155983887 ], [ 90.346542039572782, 23.819291558738708 ], [ 90.3464484284344, 23.81927370298104 ], [ 90.346336942454556, 23.819246990797108 ], [ 90.346194229376962, 23.819233601900514 ], [ 90.346073842541884, 23.819206818615584 ], [ 90.345962357627101, 23.819184554300566 ], [ 90.345873198638131, 23.81915779196704 ], [ 90.345801842878359, 23.819148873245361 ], [ 90.345690358736974, 23.819117712437592 ], [ 90.345583325645137, 23.819095347142724 ], [ 90.345534295828756, 23.81908646932202 ], [ 90.345422812448106, 23.819068652755135 ], [ 90.345364881415392, 23.819055255781024 ], [ 90.345360430707615, 23.819055265692651 ], [ 90.345289075881041, 23.819055243023804 ], [ 90.345190945260214, 23.819028500264128 ], [ 90.345088364208124, 23.819006215490987 ], [ 90.344999207206598, 23.818992797080536 ], [ 90.344954628781878, 23.818988357318684 ], [ 90.344869922736052, 23.818983916006239 ], [ 90.344852048348088, 23.818988313123146 ], [ 90.344789667515727, 23.818966029530731 ], [ 90.344664762580138, 23.818939345956117 ], [ 90.344531028598823, 23.818925935559836 ], [ 90.34442844927338, 23.818903650339976 ], [ 90.34431696903718, 23.818876845886081 ], [ 90.34420993969465, 23.818841225952109 ], [ 90.34409846007982, 23.818832304710625 ], [ 90.344091957710503, 23.818829758429114 ], [ 90.343568123900283, 23.818829758429114 ], [ 90.343568123900283, 23.820546465563936 ], [ 90.343572292062234, 23.820549001556302 ], [ 90.343652544790487, 23.82061590885575 ], [ 90.343683770180846, 23.82067838585813 ], [ 90.343706094555642, 23.820780915766907 ], [ 90.343737319988662, 23.820829957564118 ], [ 90.343759572611276, 23.820901350675726 ], [ 90.343764023137297, 23.820910237072194 ], [ 90.34382647412049, 23.820977092915101 ], [ 90.34387105126244, 23.821052884619554 ], [ 90.34389210962739, 23.821075546639413 ], [ 90.345813912110586, 23.821075546639413 ] ] ] } },
{ "type": "Feature", "properties": { "protected_km2": 0.28610517603070573 }, "geometry": { "type": "Polygon", "coordinates": [ [ [ 92.263717043705768, 23.014837579142142 ], [ 92.263717043705768, 23.010346002721544 ], [ 92.265962831916056, 23.010346002721544 ], [ 92.265962831916056, 23.008100214511245 ], [ 92.261471255495465, 23.008100214511245 ], [ 92.261471255495465, 23.010346002721544 ], [ 92.259225467285162, 23.010346002721544 ], [ 92.259225467285162, 23.012591790931843 ], [ 92.261471255495465, 23.012591790931843 ], [ 92.261471255495465, 23.014837579142142 ], [ 92.263717043705768, 23.014837579142142 ] ] ] } },
{ "type": "Feature", "properties": { "protected_km2": 0.4610314726021047 }, "geometry": { "type": "Polygon", "coordinates": [ [ [ 89.523855427141214, 22.444407373726246 ], [ 89.523855427141214, 22.442161585515947 ], [ 89.526101215351517, 22.442161585515947 ], [ 89.526101215351517, 22.437670009095349 ], [ 89.521609638930926, 22.437670009095349 ], [ 89.521609638930926, 22.439915797305648 ], [ 89.519363850720623, 22.439915797305648 ], [ 89.519363850720623, 22.437670009095349 ], [ 89.51711806251032, 22.437670009095349 ], [ 89.51711806251032, 22.442161585515947 ], [ 89.521609638930926, 22.442161585515947 ], [ 89.521609638930926, 22.444407373726246 ], [ 89.523855427141214, 22.444407373726246 ] ] ] } },
{ "type": "Feature", "properties": { "protected_km2": 0.28819415577757962 }, "geometry": { "type": "Polygon", "coordinates": [ [ [ 89.508134909669124, 22.424195279833558 ], [ 89.508134909669124, 22.41970370341296 ], [ 89.505889121458836, 22.41970370341296 ], [ 89.505889121458836, 22.417457915202661 ], [ 89.50139754503823, 22.417457915202661 ], [ 89.50139754503823, 22.41970370341296 ], [ 89.503643333248533, 22.41970370341296 ], [ 89.503643333248533, 22.421949491623259 ], [ 89.505889121458836, 22.421949491623259 ], [ 89.505889121458836, 22.424195279833558 ], [ 89.508134909669124, 22.424195279833558 ] ] ] } },
{ "type": "Feature", "properties": { "protected_km2": 0.40353960598976041 }, "geometry": { "type": "Polygon", "coordinates": [ [ [ 89.494660180407337, 22.403983185940866 ], [ 89.494660180407337, 22.401737397730571 ], [ 89.492414392197034, 22.401737397730571 ], [ 89.492414392197034, 22.397245821309973 ], [ 89.487922815776443, 22.397245821309973 ], [ 89.487922815776443, 22.403983185940866 ], [ 89.494660180407337, 22.403983185940866 ] ] ] } },
{ "type": "Feature", "properties": { "protected_km2": 0.34590741159870542 }, "geometry": { "type": "Polygon", "coordinates": [ [ [ 89.492414392197034, 22.397245821309973 ], [ 89.492414392197034, 22.390508456679076 ], [ 89.490168603986746, 22.390508456679076 ], [ 89.490168603986746, 22.392754244889375 ], [ 89.48567702756614, 22.392754244889375 ], [ 89.48567702756614, 22.395000033099674 ], [ 89.487922815776443, 22.395000033099674 ], [ 89.487922815776443, 22.397245821309973 ], [ 89.492414392197034, 22.397245821309973 ] ] ] } },
{ "type": "Feature", "properties": { "protected_km2": 0.80717436616544203 }, "geometry": { "type": "Polygon", "coordinates": [ [ [ 89.490168603986746, 22.390508456679076 ], [ 89.490168603986746, 22.388262668468776 ], [ 89.487922815776443, 22.388262668468776 ], [ 89.487922815776443, 22.383771092048178 ], [ 89.48567702756614, 22.383771092048178 ], [ 89.48567702756614, 22.381525303837879 ], [ 89.478939662935247, 22.381525303837879 ], [ 89.478939662935247, 22.383771092048178 ], [ 89.476693874724944, 22.383771092048178 ], [ 89.476693874724944, 22.388262668468776 ], [ 89.478939662935247, 22.388262668468776 ], [ 89.478939662935247, 22.386016880258477 ], [ 89.483431239355838, 22.386016880258477 ], [ 89.483431239355838, 22.390508456679076 ], [ 89.490168603986746, 22.390508456679076 ] ] ] } },
{ "type": "Feature", "properties": { "protected_km2": 0.86481546759650618 }, "geometry": { "type": "Polygon", "coordinates": [ [ [ 89.496905968617639, 22.388262668468776 ], [ 89.496905968617639, 22.386016880258477 ], [ 89.499151756827928, 22.386016880258477 ], [ 89.499151756827928, 22.388262668468776 ], [ 89.503643333248533, 22.388262668468776 ], [ 89.503643333248533, 22.386016880258477 ], [ 89.505889121458836, 22.386016880258477 ], [ 89.505889121458836, 22.383771092048178 ], [ 89.50139754503823, 22.383771092048178 ], [ 89.50139754503823, 22.381525303837879 ], [ 89.499151756827928, 22.381525303837879 ], [ 89.499151756827928, 22.37927951562758 ], [ 89.490168603986746, 22.37927951562758 ], [ 89.490168603986746, 22.381525303837879 ], [ 89.496905968617639, 22.381525303837879 ], [ 89.496905968617639, 22.383771092048178 ], [ 89.494660180407337, 22.383771092048178 ], [ 89.494660180407337, 22.386016880258477 ], [ 89.492414392197034, 22.386016880258477 ], [ 89.492414392197034, 22.388262668468776 ], [ 89.496905968617639, 22.388262668468776 ] ] ] } },
{ "type": "Feature", "properties": { "protected_km2": 0.69201406360894235 }, "geometry": { "type": "Polygon", "coordinates": [ [ [ 89.386862346312995, 22.383771092048178 ], [ 89.386862346312995, 22.381525303837879 ], [ 89.389108134523298, 22.381525303837879 ], [ 89.389108134523298, 22.383771092048178 ], [ 89.393599710943889, 22.383771092048178 ], [ 89.393599710943889, 22.381525303837879 ], [ 89.391353922733586, 22.381525303837879 ], [ 89.391353922733586, 22.37927951562758 ], [ 89.386862346312995, 22.37927951562758 ], [ 89.386862346312995, 22.377033727417285 ], [ 89.380124981682101, 22.377033727417285 ], [ 89.380124981682101, 22.381525303837879 ], [ 89.38237076989239, 22.381525303837879 ], [ 89.38237076989239, 22.383771092048178 ], [ 89.386862346312995, 22.383771092048178 ] ] ] } },
{ "type": "Feature", "properties": { "protected_km2": 0.40349866716423949 }, "geometry": { "type": "Polygon", "coordinates": [ [ [ 89.656356931548856, 22.377033727417285 ], [ 89.656356931548856, 22.374787939206982 ], [ 89.658602719759145, 22.374787939206982 ], [ 89.658602719759145, 22.372542150996686 ], [ 89.654111143338554, 22.372542150996686 ], [ 89.654111143338554, 22.370296362786387 ], [ 89.649619566917949, 22.370296362786387 ], [ 89.649619566917949, 22.374787939206982 ], [ 89.654111143338554, 22.374787939206982 ], [ 89.654111143338554, 22.377033727417285 ], [ 89.656356931548856, 22.377033727417285 ] ] ] } },
{ "type": "Feature", "properties": { "protected_km2": 0.2882949123696405 }, "geometry": { "type": "Polygon", "coordinates": [ [ [ 89.50139754503823, 22.374787939206982 ], [ 89.50139754503823, 22.370296362786387 ], [ 89.494660180407337, 22.370296362786387 ], [ 89.494660180407337, 22.372542150996686 ], [ 89.496905968617639, 22.372542150996686 ], [ 89.496905968617639, 22.374787939206982 ], [ 89.50139754503823, 22.374787939206982 ] ] ] } },
{ "type": "Feature", "properties": { "protected_km2": 0.46125995922366225 }, "geometry": { "type": "Polygon", "coordinates": [ [ [ 89.514872274300032, 22.377033727417285 ], [ 89.514872274300032, 22.372542150996686 ], [ 89.51711806251032, 22.372542150996686 ], [ 89.51711806251032, 22.368050574576088 ], [ 89.514872274300032, 22.368050574576088 ], [ 89.514872274300032, 22.370296362786387 ], [ 89.508134909669124, 22.370296362786387 ], [ 89.508134909669124, 22.372542150996686 ], [ 89.510380697879427, 22.372542150996686 ], [ 89.510380697879427, 22.374787939206982 ], [ 89.512626486089729, 22.374787939206982 ], [ 89.512626486089729, 22.377033727417285 ], [ 89.514872274300032, 22.377033727417285 ] ] ] } },
{ "type": "Feature", "properties": { "protected_km2": 0.40356320762793041 }, "geometry": { "type": "Polygon", "coordinates": [ [ [ 89.577754344188392, 22.374787939206982 ], [ 89.577754344188392, 22.370296362786387 ], [ 89.580000132398695, 22.370296362786387 ], [ 89.580000132398695, 22.368050574576088 ], [ 89.577754344188392, 22.368050574576088 ], [ 89.577754344188392, 22.365804786365789 ], [ 89.575508555978089, 22.365804786365789 ], [ 89.575508555978089, 22.368050574576088 ], [ 89.573262767767801, 22.368050574576088 ], [ 89.573262767767801, 22.370296362786387 ], [ 89.575508555978089, 22.370296362786387 ], [ 89.575508555978089, 22.372542150996686 ], [ 89.573262767767801, 22.372542150996686 ], [ 89.573262767767801, 22.374787939206982 ], [ 89.577754344188392, 22.374787939206982 ] ] ] } },
{ "type": "Feature", "properties": { "protected_km2": 0.98032594217921276 }, "geometry": { "type": "Polygon", "coordinates": [ [ [ 89.451990204411658, 22.374787939206982 ], [ 89.451990204411658, 22.372542150996686 ], [ 89.456481780832263, 22.372542150996686 ], [ 89.456481780832263, 22.365804786365789 ], [ 89.463219145463157, 22.365804786365789 ], [ 89.463219145463157, 22.36355899815549 ], [ 89.458727569042551, 22.36355899815549 ], [ 89.458727569042551, 22.361313209945191 ], [ 89.456481780832263, 22.361313209945191 ], [ 89.456481780832263, 22.359067421734892 ], [ 89.45423599262196, 22.359067421734892 ], [ 89.45423599262196, 22.361313209945191 ], [ 89.451990204411658, 22.361313209945191 ], [ 89.451990204411658, 22.36355899815549 ], [ 89.45423599262196, 22.36355899815549 ], [ 89.45423599262196, 22.365804786365789 ], [ 89.449744416201355, 22.365804786365789 ], [ 89.449744416201355, 22.368050574576088 ], [ 89.451990204411658, 22.368050574576088 ], [ 89.451990204411658, 22.370296362786387 ], [ 89.449744416201355, 22.370296362786387 ], [ 89.449744416201355, 22.374787939206982 ], [ 89.451990204411658, 22.374787939206982 ] ] ] } },
{ "type": "Feature", "properties": { "protected_km2": 0.28831312647066443 }, "geometry": { "type": "Polygon", "coordinates": [ [ [ 89.508134909669124, 22.36355899815549 ], [ 89.508134909669124, 22.361313209945191 ], [ 89.512626486089729, 22.361313209945191 ], [ 89.512626486089729, 22.359067421734892 ], [ 89.505889121458836, 22.359067421734892 ], [ 89.505889121458836, 22.361313209945191 ], [ 89.503643333248533, 22.361313209945191 ], [ 89.503643333248533, 22.36355899815549 ], [ 89.508134909669124, 22.36355899815549 ] ] ] } },
{ "type": "Feature", "properties": { "protected_km2": 0.28832144918070352 }, "geometry": { "type": "Polygon", "coordinates": [ [ [ 89.51711806251032, 22.359067421734892 ], [ 89.51711806251032, 22.356821633524593 ], [ 89.510380697879427, 22.356821633524593 ], [ 89.510380697879427, 22.354575845314294 ], [ 89.508134909669124, 22.354575845314294 ], [ 89.508134909669124, 22.359067421734892 ], [ 89.51711806251032, 22.359067421734892 ] ] ] } },
{ "type": "Feature", "properties": { "protected_km2": 0.34586133976065442 }, "geometry": { "type": "Polygon", "coordinates": [ [ [ 89.721484789647519, 22.359067421734892 ], [ 89.721484789647519, 22.356821633524593 ], [ 89.719239001437217, 22.356821633524593 ], [ 89.719239001437217, 22.354575845314294 ], [ 89.714747425016625, 22.354575845314294 ], [ 89.714747425016625, 22.356821633524593 ], [ 89.712501636806323, 22.356821633524593 ], [ 89.712501636806323, 22.359067421734892 ], [ 89.721484789647519, 22.359067421734892 ] ] ] } },
{ "type": "Feature", "properties": { "protected_km2": 0.57670048498646009 }, "geometry": { "type": "Polygon", "coordinates": [ [ [ 89.46995651009405, 22.359067421734892 ], [ 89.46995651009405, 22.354575845314294 ], [ 89.465464933673445, 22.354575845314294 ], [ 89.465464933673445, 22.352330057103995 ], [ 89.458727569042551, 22.352330057103995 ], [ 89.458727569042551, 22.350084268893696 ], [ 89.456481780832263, 22.350084268893696 ], [ 89.456481780832263, 22.354575845314294 ], [ 89.463219145463157, 22.354575845314294 ], [ 89.463219145463157, 22.356821633524593 ], [ 89.465464933673445, 22.356821633524593 ], [ 89.465464933673445, 22.359067421734892 ], [ 89.46995651009405, 22.359067421734892 ] ] ] } },
{ "type": "Feature", "properties": { "protected_km2": 0.80734710623628936 }, "geometry": { "type": "Polygon", "coordinates": [ [ [ 89.483431239355838, 22.36355899815549 ], [ 89.483431239355838, 22.361313209945191 ], [ 89.481185451145549, 22.361313209945191 ], [ 89.481185451145549, 22.359067421734892 ], [ 89.483431239355838, 22.359067421734892 ], [ 89.483431239355838, 22.352330057103995 ], [ 89.478939662935247, 22.352330057103995 ], [ 89.478939662935247, 22.350084268893696 ], [ 89.476693874724944, 22.350084268893696 ], [ 89.476693874724944, 22.352330057103995 ], [ 89.474448086514641, 22.352330057103995 ], [ 89.474448086514641, 22.354575845314294 ], [ 89.476693874724944, 22.354575845314294 ], [ 89.476693874724944, 22.359067421734892 ], [ 89.478939662935247, 22.359067421734892 ], [ 89.478939662935247, 22.36355899815549 ], [ 89.483431239355838, 22.36355899815549 ] ] ] } },
{ "type": "Feature", "properties": { "protected_km2": 0.34590060710429221 }, "geometry": { "type": "Polygon", "coordinates": [ [ [ 89.669831660810644, 22.354575845314294 ], [ 89.669831660810644, 22.352330057103995 ], [ 89.667585872600341, 22.352330057103995 ], [ 89.667585872600341, 22.350084268893696 ], [ 89.660848507969447, 22.350084268893696 ], [ 89.660848507969447, 22.352330057103995 ], [ 89.66309429617975, 22.352330057103995 ], [ 89.66309429617975, 22.354575845314294 ], [ 89.669831660810644, 22.354575845314294 ] ] ] } },
{ "type": "Feature", "properties": { "protected_km2": 0.34603421156992098 }, "geometry": { "type": "Polygon", "coordinates": [ [ [ 89.467710721883748, 22.352330057103995 ], [ 89.467710721883748, 22.350084268893696 ], [ 89.463219145463157, 22.350084268893696 ], [ 89.463219145463157, 22.3478384806834 ], [ 89.465464933673445, 22.3478384806834 ], [ 89.465464933673445, 22.345592692473097 ], [ 89.460973357252854, 22.345592692473097 ], [ 89.460973357252854, 22.352330057103995 ], [ 89.467710721883748, 22.352330057103995 ] ] ] } },
{ "type": "Feature", "properties": { "protected_km2": 0.28828168151395622 }, "geometry": { "type": "Polygon", "coordinates": [ [ [ 89.620424320184071, 22.352330057103995 ], [ 89.620424320184071, 22.345592692473097 ], [ 89.618178531973768, 22.345592692473097 ], [ 89.618178531973768, 22.3478384806834 ], [ 89.613686955553177, 22.3478384806834 ], [ 89.613686955553177, 22.350084268893696 ], [ 89.618178531973768, 22.350084268893696 ], [ 89.618178531973768, 22.352330057103995 ], [ 89.620424320184071, 22.352330057103995 ] ] ] } },
{ "type": "Feature", "properties": { "protected_km2": 0.28826496962785142 }, "geometry": { "type": "Polygon", "coordinates": [ [ [ 89.656356931548856, 22.350084268893696 ], [ 89.656356931548856, 22.345592692473097 ], [ 89.649619566917949, 22.345592692473097 ], [ 89.649619566917949, 22.3478384806834 ], [ 89.651865355128251, 22.3478384806834 ], [ 89.651865355128251, 22.350084268893696 ], [ 89.656356931548856, 22.350084268893696 ] ] ] } },
{ "type": "Feature", "properties": { "protected_km2": 0.92269611274659724 }, "geometry": { "type": "Polygon", "coordinates": [ [ [ 89.494660180407337, 22.361313209945191 ], [ 89.494660180407337, 22.352330057103995 ], [ 89.492414392197034, 22.352330057103995 ], [ 89.492414392197034, 22.343346904262802 ], [ 89.490168603986746, 22.343346904262802 ], [ 89.490168603986746, 22.341101116052503 ], [ 89.487922815776443, 22.341101116052503 ], [ 89.487922815776443, 22.350084268893696 ], [ 89.490168603986746, 22.350084268893696 ], [ 89.490168603986746, 22.354575845314294 ], [ 89.487922815776443, 22.354575845314294 ], [ 89.487922815776443, 22.356821633524593 ], [ 89.490168603986746, 22.356821633524593 ], [ 89.490168603986746, 22.359067421734892 ], [ 89.492414392197034, 22.359067421734892 ], [ 89.492414392197034, 22.361313209945191 ], [ 89.494660180407337, 22.361313209945191 ] ] ] } },
{ "type": "Feature", "properties": { "protected_km2": 0.80707491279094778 }, "geometry": { "type": "Polygon", "coordinates": [ [ [ 89.690043754703339, 22.350084268893696 ], [ 89.690043754703339, 22.352330057103995 ], [ 89.692289542913628, 22.352330057103995 ], [ 89.692289542913628, 22.354575845314294 ], [ 89.701272695754824, 22.354575845314294 ], [ 89.701272695754824, 22.3478384806834 ], [ 89.699026907544521, 22.3478384806834 ], [ 89.699026907544521, 22.343346904262802 ], [ 89.701272695754824, 22.343346904262802 ], [ 89.701272695754824, 22.341101116052503 ], [ 89.696781119334233, 22.341101116052503 ], [ 89.696781119334233, 22.350084268893696 ], [ 89.690043754703339, 22.350084268893696 ] ], [ [ 89.699026907544521, 22.350084268893696 ], [ 89.699026907544521, 22.352330057103995 ], [ 89.696781119334233, 22.352330057103995 ], [ 89.696781119334233, 22.350084268893696 ], [ 89.699026907544521, 22.350084268893696 ] ] ] } },
{ "type": "Feature", "properties": { "protected_km2": 0.40368411805016169 }, "geometry": { "type": "Polygon", "coordinates": [ [ [ 89.523855427141214, 22.345592692473097 ], [ 89.523855427141214, 22.343346904262802 ], [ 89.521609638930926, 22.343346904262802 ], [ 89.521609638930926, 22.338855327842204 ], [ 89.519363850720623, 22.338855327842204 ], [ 89.519363850720623, 22.341101116052503 ], [ 89.514872274300032, 22.341101116052503 ], [ 89.514872274300032, 22.343346904262802 ], [ 89.51711806251032, 22.343346904262802 ], [ 89.51711806251032, 22.345592692473097 ], [ 89.523855427141214, 22.345592692473097 ] ] ] } },
{ "type": "Feature", "properties": { "protected_km2": 0.86500940568879592 }, "geometry": { "type": "Polygon", "coordinates": [ [ [ 89.523855427141214, 22.352330057103995 ], [ 89.523855427141214, 22.350084268893696 ], [ 89.526101215351517, 22.350084268893696 ], [ 89.526101215351517, 22.3478384806834 ], [ 89.528347003561819, 22.3478384806834 ], [ 89.528347003561819, 22.338855327842204 ], [ 89.521609638930926, 22.338855327842204 ], [ 89.521609638930926, 22.341101116052503 ], [ 89.526101215351517, 22.341101116052503 ], [ 89.526101215351517, 22.343346904262802 ], [ 89.523855427141214, 22.343346904262802 ], [ 89.523855427141214, 22.345592692473097 ], [ 89.51711806251032, 22.345592692473097 ], [ 89.51711806251032, 22.3478384806834 ], [ 89.519363850720623, 22.3478384806834 ], [ 89.519363850720623, 22.350084268893696 ], [ 89.521609638930926, 22.350084268893696 ], [ 89.521609638930926, 22.352330057103995 ], [ 89.523855427141214, 22.352330057103995 ] ] ] } },
{ "type": "Feature", "properties": { "protected_km2": 0.40377201108556909 }, "geometry": { "type": "Polygon", "coordinates": [ [ [ 89.409320228415979, 22.345592692473097 ], [ 89.409320228415979, 22.343346904262802 ], [ 89.407074440205676, 22.343346904262802 ], [ 89.407074440205676, 22.341101116052503 ], [ 89.409320228415979, 22.341101116052503 ], [ 89.409320228415979, 22.336609539631905 ], [ 89.407074440205676, 22.336609539631905 ], [ 89.407074440205676, 22.338855327842204 ], [ 89.402582863785085, 22.338855327842204 ], [ 89.402582863785085, 22.341101116052503 ], [ 89.404828651995388, 22.341101116052503 ], [ 89.404828651995388, 22.345592692473097 ], [ 89.409320228415979, 22.345592692473097 ] ] ] } },
{ "type": "Feature", "properties": { "protected_km2": 0.2883311396584296 }, "geometry": { "type": "Polygon", "coordinates": [ [ [ 89.568771191347196, 22.341101116052503 ], [ 89.568771191347196, 22.334363751421606 ], [ 89.566525403136893, 22.334363751421606 ], [ 89.566525403136893, 22.336609539631905 ], [ 89.562033826716302, 22.336609539631905 ], [ 89.562033826716302, 22.338855327842204 ], [ 89.566525403136893, 22.338855327842204 ], [ 89.566525403136893, 22.341101116052503 ], [ 89.568771191347196, 22.341101116052503 ] ] ] } },
{ "type": "Feature", "properties": { "protected_km2": 0.2884107821957157 }, "geometry": { "type": "Polygon", "coordinates": [ [ [ 89.418303381257175, 22.341101116052503 ], [ 89.418303381257175, 22.334363751421606 ], [ 89.413811804836584, 22.334363751421606 ], [ 89.413811804836584, 22.336609539631905 ], [ 89.416057593046872, 22.336609539631905 ], [ 89.416057593046872, 22.338855327842204 ], [ 89.413811804836584, 22.338855327842204 ], [ 89.413811804836584, 22.341101116052503 ], [ 89.418303381257175, 22.341101116052503 ] ] ] } },
{ "type": "Feature", "properties": { "protected_km2": 0.34603157267527451 }, "geometry": { "type": "Polygon", "coordinates": [ [ [ 89.541821732823607, 22.334363751421606 ], [ 89.541821732823607, 22.332117963211306 ], [ 89.537330156403016, 22.332117963211306 ], [ 89.537330156403016, 22.329872175001007 ], [ 89.53283857998241, 22.329872175001007 ], [ 89.53283857998241, 22.334363751421606 ], [ 89.541821732823607, 22.334363751421606 ] ] ] } },
{ "type": "Feature", "properties": { "protected_km2": 0.57678131699122503 }, "geometry": { "type": "Polygon", "coordinates": [ [ [ 89.474448086514641, 22.336609539631905 ], [ 89.474448086514641, 22.329872175001007 ], [ 89.476693874724944, 22.329872175001007 ], [ 89.476693874724944, 22.332117963211306 ], [ 89.481185451145549, 22.332117963211306 ], [ 89.481185451145549, 22.327626386790708 ], [ 89.472202298304353, 22.327626386790708 ], [ 89.472202298304353, 22.332117963211306 ], [ 89.46995651009405, 22.332117963211306 ], [ 89.46995651009405, 22.334363751421606 ], [ 89.472202298304353, 22.334363751421606 ], [ 89.472202298304353, 22.336609539631905 ], [ 89.474448086514641, 22.336609539631905 ] ] ] } },
{ "type": "Feature", "properties": { "protected_km2": 0.28835139982368496 }, "geometry": { "type": "Polygon", "coordinates": [ [ [ 89.562033826716302, 22.332117963211306 ], [ 89.562033826716302, 22.327626386790708 ], [ 89.557542250295697, 22.327626386790708 ], [ 89.557542250295697, 22.329872175001007 ], [ 89.555296462085408, 22.329872175001007 ], [ 89.555296462085408, 22.332117963211306 ], [ 89.562033826716302, 22.332117963211306 ] ] ] } },
{ "type": "Feature", "properties": { "protected_km2": 0.28834268918993133 }, "geometry": { "type": "Polygon", "coordinates": [ [ [ 89.586737497029588, 22.329872175001007 ], [ 89.586737497029588, 22.327626386790708 ], [ 89.584491708819286, 22.327626386790708 ], [ 89.584491708819286, 22.325380598580409 ], [ 89.577754344188392, 22.325380598580409 ], [ 89.577754344188392, 22.327626386790708 ], [ 89.582245920608983, 22.327626386790708 ], [ 89.582245920608983, 22.329872175001007 ], [ 89.586737497029588, 22.329872175001007 ] ] ] } },
{ "type": "Feature", "properties": { "protected_km2": 0.63452275663768631 }, "geometry": { "type": "Polygon", "coordinates": [ [ [ 89.431778110518962, 22.334363751421606 ], [ 89.431778110518962, 22.332117963211306 ], [ 89.429532322308674, 22.332117963211306 ], [ 89.429532322308674, 22.327626386790708 ], [ 89.434023898729265, 22.327626386790708 ], [ 89.434023898729265, 22.329872175001007 ], [ 89.436269686939568, 22.329872175001007 ], [ 89.436269686939568, 22.327626386790708 ], [ 89.43851547514987, 22.327626386790708 ], [ 89.43851547514987, 22.325380598580409 ], [ 89.429532322308674, 22.325380598580409 ], [ 89.429532322308674, 22.323134810370114 ], [ 89.427286534098371, 22.323134810370114 ], [ 89.427286534098371, 22.334363751421606 ], [ 89.431778110518962, 22.334363751421606 ] ] ] } },
{ "type": "Feature", "properties": { "protected_km2": 0.34602525560833675 }, "geometry": { "type": "Polygon", "coordinates": [ [ [ 89.604703802711981, 22.320889022159811 ], [ 89.604703802711981, 22.316397445739216 ], [ 89.602458014501678, 22.316397445739216 ], [ 89.602458014501678, 22.318643233949516 ], [ 89.597966438081087, 22.318643233949516 ], [ 89.597966438081087, 22.316397445739216 ], [ 89.595720649870785, 22.316397445739216 ], [ 89.595720649870785, 22.320889022159811 ], [ 89.604703802711981, 22.320889022159811 ] ] ] } },
{ "type": "Feature", "properties": { "protected_km2": 0.28831158496330933 }, "geometry": { "type": "Polygon", "coordinates": [ [ [ 89.67881481365184, 22.323134810370114 ], [ 89.67881481365184, 22.320889022159811 ], [ 89.676569025441538, 22.320889022159811 ], [ 89.676569025441538, 22.316397445739216 ], [ 89.672077449020946, 22.316397445739216 ], [ 89.672077449020946, 22.318643233949516 ], [ 89.674323237231235, 22.318643233949516 ], [ 89.674323237231235, 22.323134810370114 ], [ 89.67881481365184, 22.323134810370114 ] ] ] } },
{ "type": "Feature", "properties": { "protected_km2": 0.51910212544148804 }, "geometry": { "type": "Polygon", "coordinates": [ [ [ 89.546313309244212, 22.318643233949516 ], [ 89.546313309244212, 22.314151657528917 ], [ 89.544067521033909, 22.314151657528917 ], [ 89.544067521033909, 22.311905869318618 ], [ 89.539575944613318, 22.311905869318618 ], [ 89.539575944613318, 22.316397445739216 ], [ 89.537330156403016, 22.316397445739216 ], [ 89.537330156403016, 22.318643233949516 ], [ 89.546313309244212, 22.318643233949516 ] ] ] } },
{ "type": "Feature", "properties": { "protected_km2": 0.34618567965494423 }, "geometry": { "type": "Polygon", "coordinates": [ [ [ 89.3666502524203, 22.316397445739216 ], [ 89.3666502524203, 22.314151657528917 ], [ 89.371141828840905, 22.314151657528917 ], [ 89.371141828840905, 22.311905869318618 ], [ 89.3666502524203, 22.311905869318618 ], [ 89.3666502524203, 22.309660081108319 ], [ 89.364404464210011, 22.309660081108319 ], [ 89.364404464210011, 22.311905869318618 ], [ 89.362158675999709, 22.311905869318618 ], [ 89.362158675999709, 22.314151657528917 ], [ 89.364404464210011, 22.314151657528917 ], [ 89.364404464210011, 22.316397445739216 ], [ 89.3666502524203, 22.316397445739216 ] ] ] } },
{ "type": "Feature", "properties": { "protected_km2": 0.28841951832658719 }, "geometry": { "type": "Polygon", "coordinates": [ [ [ 89.496905968617639, 22.316397445739216 ], [ 89.496905968617639, 22.311905869318618 ], [ 89.494660180407337, 22.311905869318618 ], [ 89.494660180407337, 22.309660081108319 ], [ 89.492414392197034, 22.309660081108319 ], [ 89.492414392197034, 22.311905869318618 ], [ 89.490168603986746, 22.311905869318618 ], [ 89.490168603986746, 22.314151657528917 ], [ 89.494660180407337, 22.314151657528917 ], [ 89.494660180407337, 22.316397445739216 ], [ 89.496905968617639, 22.316397445739216 ] ] ] } },
{ "type": "Feature", "properties": { "protected_km2": 0.46144414298762931 }, "geometry": { "type": "Polygon", "coordinates": [ [ [ 89.526101215351517, 22.318643233949516 ], [ 89.526101215351517, 22.314151657528917 ], [ 89.523855427141214, 22.314151657528917 ], [ 89.523855427141214, 22.311905869318618 ], [ 89.521609638930926, 22.311905869318618 ], [ 89.521609638930926, 22.309660081108319 ], [ 89.51711806251032, 22.309660081108319 ], [ 89.51711806251032, 22.311905869318618 ], [ 89.519363850720623, 22.311905869318618 ], [ 89.519363850720623, 22.316397445739216 ], [ 89.523855427141214, 22.316397445739216 ], [ 89.523855427141214, 22.318643233949516 ], [ 89.526101215351517, 22.318643233949516 ] ] ] } },
{ "type": "Feature", "properties": { "protected_km2": 0.34606502733123129 }, "geometry": { "type": "Polygon", "coordinates": [ [ [ 89.550804885664803, 22.314151657528917 ], [ 89.550804885664803, 22.311905869318618 ], [ 89.555296462085408, 22.311905869318618 ], [ 89.555296462085408, 22.309660081108319 ], [ 89.544067521033909, 22.309660081108319 ], [ 89.544067521033909, 22.311905869318618 ], [ 89.5485590974545, 22.311905869318618 ], [ 89.5485590974545, 22.314151657528917 ], [ 89.550804885664803, 22.314151657528917 ] ] ] } },
{ "type": "Feature", "properties": { "protected_km2": 0.51898107368165558 }, "geometry": { "type": "Polygon", "coordinates": [ [ [ 89.690043754703339, 22.314151657528917 ], [ 89.690043754703339, 22.309660081108319 ], [ 89.692289542913628, 22.309660081108319 ], [ 89.692289542913628, 22.30741429289802 ], [ 89.683306390072431, 22.30741429289802 ], [ 89.683306390072431, 22.311905869318618 ], [ 89.685552178282734, 22.311905869318618 ], [ 89.685552178282734, 22.314151657528917 ], [ 89.690043754703339, 22.314151657528917 ] ] ] } },
{ "type": "Feature", "properties": { "protected_km2": 0.28847493103344635 }, "geometry": { "type": "Polygon", "coordinates": [ [ [ 89.402582863785085, 22.314151657528917 ], [ 89.402582863785085, 22.309660081108319 ], [ 89.400337075574782, 22.309660081108319 ], [ 89.400337075574782, 22.30741429289802 ], [ 89.395845499154191, 22.30741429289802 ], [ 89.395845499154191, 22.309660081108319 ], [ 89.398091287364494, 22.309660081108319 ], [ 89.398091287364494, 22.311905869318618 ], [ 89.400337075574782, 22.311905869318618 ], [ 89.400337075574782, 22.314151657528917 ], [ 89.402582863785085, 22.314151657528917 ] ] ] } },
{ "type": "Feature", "properties": { "protected_km2": 0.4614221923192488 }, "geometry": { "type": "Polygon", "coordinates": [ [ [ 89.562033826716302, 22.314151657528917 ], [ 89.562033826716302, 22.30741429289802 ], [ 89.553050673875106, 22.30741429289802 ], [ 89.553050673875106, 22.309660081108319 ], [ 89.557542250295697, 22.309660081108319 ], [ 89.557542250295697, 22.314151657528917 ], [ 89.562033826716302, 22.314151657528917 ] ] ] } },
{ "type": "Feature", "properties": { "protected_km2": 0.69222243264146666 }, "geometry": { "type": "Polygon", "coordinates": [ [ [ 89.508134909669124, 22.311905869318618 ], [ 89.508134909669124, 22.30741429289802 ], [ 89.505889121458836, 22.30741429289802 ], [ 89.505889121458836, 22.309660081108319 ], [ 89.503643333248533, 22.309660081108319 ], [ 89.503643333248533, 22.30741429289802 ], [ 89.499151756827928, 22.30741429289802 ], [ 89.499151756827928, 22.305168504687721 ], [ 89.494660180407337, 22.305168504687721 ], [ 89.494660180407337, 22.30741429289802 ], [ 89.492414392197034, 22.30741429289802 ], [ 89.492414392197034, 22.309660081108319 ], [ 89.499151756827928, 22.309660081108319 ], [ 89.499151756827928, 22.311905869318618 ], [ 89.508134909669124, 22.311905869318618 ] ] ] } },
{ "type": "Feature", "properties": { "protected_km2": 0.3460912366002637 }, "geometry": { "type": "Polygon", "coordinates": [ [ [ 89.528347003561819, 22.311905869318618 ], [ 89.528347003561819, 22.309660081108319 ], [ 89.53283857998241, 22.309660081108319 ], [ 89.53283857998241, 22.30741429289802 ], [ 89.526101215351517, 22.30741429289802 ], [ 89.526101215351517, 22.305168504687721 ], [ 89.523855427141214, 22.305168504687721 ], [ 89.523855427141214, 22.309660081108319 ], [ 89.526101215351517, 22.309660081108319 ], [ 89.526101215351517, 22.311905869318618 ], [ 89.528347003561819, 22.311905869318618 ] ] ] } },
{ "type": "Feature", "properties": { "protected_km2": 0.2884682107391659 }, "geometry": { "type": "Polygon", "coordinates": [ [ [ 89.449744416201355, 22.305168504687721 ], [ 89.449744416201355, 22.300676928267123 ], [ 89.451990204411658, 22.300676928267123 ], [ 89.451990204411658, 22.296185351846525 ], [ 89.449744416201355, 22.296185351846525 ], [ 89.449744416201355, 22.298431140056824 ], [ 89.447498627991067, 22.298431140056824 ], [ 89.447498627991067, 22.305168504687721 ], [ 89.449744416201355, 22.305168504687721 ] ] ] } },
{ "type": "Feature", "properties": { "protected_km2": 0.28851290132923446 }, "geometry": { "type": "Polygon", "coordinates": [ [ [ 89.380124981682101, 22.300676928267123 ], [ 89.380124981682101, 22.298431140056824 ], [ 89.377879193471799, 22.298431140056824 ], [ 89.377879193471799, 22.296185351846525 ], [ 89.373387617051208, 22.296185351846525 ], [ 89.373387617051208, 22.300676928267123 ], [ 89.380124981682101, 22.300676928267123 ] ] ] } },
{ "type": "Feature", "properties": { "protected_km2": 0.34617735248588083 }, "geometry": { "type": "Polygon", "coordinates": [ [ [ 89.443007051570461, 22.300676928267123 ], [ 89.443007051570461, 22.296185351846525 ], [ 89.445252839780764, 22.296185351846525 ], [ 89.445252839780764, 22.293939563636229 ], [ 89.443007051570461, 22.293939563636229 ], [ 89.443007051570461, 22.291693775425927 ], [ 89.440761263360159, 22.291693775425927 ], [ 89.440761263360159, 22.296185351846525 ], [ 89.43851547514987, 22.296185351846525 ], [ 89.43851547514987, 22.298431140056824 ], [ 89.440761263360159, 22.298431140056824 ], [ 89.440761263360159, 22.300676928267123 ], [ 89.443007051570461, 22.300676928267123 ] ] ] } },
{ "type": "Feature", "properties": { "protected_km2": 0.28844212938822383 }, "geometry": { "type": "Polygon", "coordinates": [ [ [ 89.519363850720623, 22.298431140056824 ], [ 89.519363850720623, 22.296185351846525 ], [ 89.521609638930926, 22.296185351846525 ], [ 89.521609638930926, 22.293939563636229 ], [ 89.519363850720623, 22.293939563636229 ], [ 89.519363850720623, 22.291693775425927 ], [ 89.51711806251032, 22.291693775425927 ], [ 89.51711806251032, 22.296185351846525 ], [ 89.514872274300032, 22.296185351846525 ], [ 89.514872274300032, 22.298431140056824 ], [ 89.519363850720623, 22.298431140056824 ] ] ] } },
{ "type": "Feature", "properties": { "protected_km2": 0.28837817506439239 }, "geometry": { "type": "Polygon", "coordinates": [ [ [ 89.651865355128251, 22.296185351846525 ], [ 89.651865355128251, 22.293939563636229 ], [ 89.654111143338554, 22.293939563636229 ], [ 89.654111143338554, 22.291693775425927 ], [ 89.651865355128251, 22.291693775425927 ], [ 89.651865355128251, 22.289447987215631 ], [ 89.649619566917949, 22.289447987215631 ], [ 89.649619566917949, 22.293939563636229 ], [ 89.64737377870766, 22.293939563636229 ], [ 89.64737377870766, 22.296185351846525 ], [ 89.651865355128251, 22.296185351846525 ] ] ] } },
{ "type": "Feature", "properties": { "protected_km2": 0.51919876848745572 }, "geometry": { "type": "Polygon", "coordinates": [ [ [ 89.530592791772122, 22.298431140056824 ], [ 89.530592791772122, 22.293939563636229 ], [ 89.528347003561819, 22.293939563636229 ], [ 89.528347003561819, 22.291693775425927 ], [ 89.526101215351517, 22.291693775425927 ], [ 89.526101215351517, 22.289447987215631 ], [ 89.528347003561819, 22.289447987215631 ], [ 89.528347003561819, 22.287202199005332 ], [ 89.523855427141214, 22.287202199005332 ], [ 89.523855427141214, 22.289447987215631 ], [ 89.521609638930926, 22.289447987215631 ], [ 89.521609638930926, 22.291693775425927 ], [ 89.523855427141214, 22.291693775425927 ], [ 89.523855427141214, 22.293939563636229 ], [ 89.526101215351517, 22.293939563636229 ], [ 89.526101215351517, 22.296185351846525 ], [ 89.528347003561819, 22.296185351846525 ], [ 89.528347003561819, 22.298431140056824 ], [ 89.530592791772122, 22.298431140056824 ] ] ] } },
{ "type": "Feature", "properties": { "protected_km2": 0.46153240602706874 }, "geometry": { "type": "Polygon", "coordinates": [ [ [ 89.514872274300032, 22.291693775425927 ], [ 89.514872274300032, 22.289447987215631 ], [ 89.51711806251032, 22.289447987215631 ], [ 89.51711806251032, 22.287202199005332 ], [ 89.519363850720623, 22.287202199005332 ], [ 89.519363850720623, 22.284956410795033 ], [ 89.514872274300032, 22.284956410795033 ], [ 89.514872274300032, 22.287202199005332 ], [ 89.508134909669124, 22.287202199005332 ], [ 89.508134909669124, 22.289447987215631 ], [ 89.510380697879427, 22.289447987215631 ], [ 89.510380697879427, 22.291693775425927 ], [ 89.514872274300032, 22.291693775425927 ] ] ] } },
{ "type": "Feature", "properties": { "protected_km2": 0.2885323407641342 }, "geometry": { "type": "Polygon", "coordinates": [ [ [ 89.386862346312995, 22.289447987215631 ], [ 89.386862346312995, 22.282710622584734 ], [ 89.384616558102692, 22.282710622584734 ], [ 89.384616558102692, 22.284956410795033 ], [ 89.38237076989239, 22.284956410795033 ], [ 89.38237076989239, 22.289447987215631 ], [ 89.386862346312995, 22.289447987215631 ] ] ] } },
{ "type": "Feature", "properties": { "protected_km2": 0.28849541573064341 }, "geometry": { "type": "Polygon", "coordinates": [ [ [ 89.463219145463157, 22.287202199005332 ], [ 89.463219145463157, 22.282710622584734 ], [ 89.460973357252854, 22.282710622584734 ], [ 89.460973357252854, 22.284956410795033 ], [ 89.458727569042551, 22.284956410795033 ], [ 89.458727569042551, 22.282710622584734 ], [ 89.456481780832263, 22.282710622584734 ], [ 89.456481780832263, 22.287202199005332 ], [ 89.463219145463157, 22.287202199005332 ] ] ] } },
{ "type": "Feature", "properties": { "protected_km2": 0.40389649097561942 }, "geometry": { "type": "Polygon", "coordinates": [ [ [ 89.45423599262196, 22.289447987215631 ], [ 89.45423599262196, 22.287202199005332 ], [ 89.456481780832263, 22.287202199005332 ], [ 89.456481780832263, 22.280464834374435 ], [ 89.451990204411658, 22.280464834374435 ], [ 89.451990204411658, 22.282710622584734 ], [ 89.45423599262196, 22.282710622584734 ], [ 89.45423599262196, 22.284956410795033 ], [ 89.449744416201355, 22.284956410795033 ], [ 89.449744416201355, 22.287202199005332 ], [ 89.451990204411658, 22.287202199005332 ], [ 89.451990204411658, 22.289447987215631 ], [ 89.45423599262196, 22.289447987215631 ] ] ] } },
{ "type": "Feature", "properties": { "protected_km2": 0.74998483559989604 }, "geometry": { "type": "Polygon", "coordinates": [ [ [ 89.539575944613318, 22.289447987215631 ], [ 89.539575944613318, 22.284956410795033 ], [ 89.541821732823607, 22.284956410795033 ], [ 89.541821732823607, 22.278219046164136 ], [ 89.539575944613318, 22.278219046164136 ], [ 89.539575944613318, 22.280464834374435 ], [ 89.535084368192713, 22.280464834374435 ], [ 89.535084368192713, 22.282710622584734 ], [ 89.530592791772122, 22.282710622584734 ], [ 89.530592791772122, 22.284956410795033 ], [ 89.537330156403016, 22.284956410795033 ], [ 89.537330156403016, 22.287202199005332 ], [ 89.53283857998241, 22.287202199005332 ], [ 89.53283857998241, 22.289447987215631 ], [ 89.539575944613318, 22.289447987215631 ] ] ] } },
{ "type": "Feature", "properties": { "protected_km2": 0.28847839596796004 }, "geometry": { "type": "Polygon", "coordinates": [ [ [ 89.510380697879427, 22.282710622584734 ], [ 89.510380697879427, 22.280464834374435 ], [ 89.508134909669124, 22.280464834374435 ], [ 89.508134909669124, 22.278219046164136 ], [ 89.50139754503823, 22.278219046164136 ], [ 89.50139754503823, 22.280464834374435 ], [ 89.505889121458836, 22.280464834374435 ], [ 89.505889121458836, 22.282710622584734 ], [ 89.510380697879427, 22.282710622584734 ] ] ] } },
{ "type": "Feature", "properties": { "protected_km2": 0.28851791000138222 }, "geometry": { "type": "Polygon", "coordinates": [ [ [ 89.465464933673445, 22.275973257953837 ], [ 89.465464933673445, 22.273727469743537 ], [ 89.463219145463157, 22.273727469743537 ], [ 89.463219145463157, 22.269235893322939 ], [ 89.460973357252854, 22.269235893322939 ], [ 89.460973357252854, 22.273727469743537 ], [ 89.458727569042551, 22.273727469743537 ], [ 89.458727569042551, 22.275973257953837 ], [ 89.465464933673445, 22.275973257953837 ] ] ] } },
{ "type": "Feature", "properties": { "protected_km2": 0.28856536614620254 }, "geometry": { "type": "Polygon", "coordinates": [ [ [ 89.377879193471799, 22.275973257953837 ], [ 89.377879193471799, 22.273727469743537 ], [ 89.380124981682101, 22.273727469743537 ], [ 89.380124981682101, 22.271481681533238 ], [ 89.377879193471799, 22.271481681533238 ], [ 89.377879193471799, 22.26699010511264 ], [ 89.375633405261496, 22.26699010511264 ], [ 89.375633405261496, 22.275973257953837 ], [ 89.377879193471799, 22.275973257953837 ] ] ] } },
{ "type": "Feature", "properties": { "protected_km2": 1.1539485987196263 }, "geometry": { "type": "Polygon", "coordinates": [ [ [ 89.535084368192713, 22.262498528692042 ], [ 89.535084368192713, 22.264744316902345 ], [ 89.537330156403016, 22.264744316902345 ], [ 89.537330156403016, 22.26699010511264 ], [ 89.535084368192713, 22.26699010511264 ], [ 89.535084368192713, 22.269235893322939 ], [ 89.537330156403016, 22.269235893322939 ], [ 89.537330156403016, 22.271481681533238 ], [ 89.539575944613318, 22.271481681533238 ], [ 89.539575944613318, 22.273727469743537 ], [ 89.544067521033909, 22.273727469743537 ], [ 89.544067521033909, 22.271481681533238 ], [ 89.546313309244212, 22.271481681533238 ], [ 89.546313309244212, 22.264744316902345 ], [ 89.544067521033909, 22.264744316902345 ], [ 89.544067521033909, 22.260252740481747 ], [ 89.539575944613318, 22.260252740481747 ], [ 89.539575944613318, 22.262498528692042 ], [ 89.535084368192713, 22.262498528692042 ] ], [ [ 89.541821732823607, 22.262498528692042 ], [ 89.541821732823607, 22.264744316902345 ], [ 89.539575944613318, 22.264744316902345 ], [ 89.539575944613318, 22.262498528692042 ], [ 89.541821732823607, 22.262498528692042 ] ] ] } },
{ "type": "Feature", "properties": { "protected_km2": 0.40402607135553997 }, "geometry": { "type": "Polygon", "coordinates": [ [ [ 89.368896040630602, 22.26699010511264 ], [ 89.368896040630602, 22.264744316902345 ], [ 89.3666502524203, 22.264744316902345 ], [ 89.3666502524203, 22.262498528692042 ], [ 89.364404464210011, 22.262498528692042 ], [ 89.364404464210011, 22.258006952271447 ], [ 89.362158675999709, 22.258006952271447 ], [ 89.362158675999709, 22.26699010511264 ], [ 89.368896040630602, 22.26699010511264 ] ] ] } },
{ "type": "Feature", "properties": { "protected_km2": 0.80790611187578298 }, "geometry": { "type": "Polygon", "coordinates": [ [ [ 89.458727569042551, 22.273727469743537 ], [ 89.458727569042551, 22.26699010511264 ], [ 89.456481780832263, 22.26699010511264 ], [ 89.456481780832263, 22.262498528692042 ], [ 89.458727569042551, 22.262498528692042 ], [ 89.458727569042551, 22.258006952271447 ], [ 89.456481780832263, 22.258006952271447 ], [ 89.456481780832263, 22.260252740481747 ], [ 89.45423599262196, 22.260252740481747 ], [ 89.45423599262196, 22.258006952271447 ], [ 89.449744416201355, 22.258006952271447 ], [ 89.449744416201355, 22.260252740481747 ], [ 89.451990204411658, 22.260252740481747 ], [ 89.451990204411658, 22.264744316902345 ], [ 89.45423599262196, 22.264744316902345 ], [ 89.45423599262196, 22.271481681533238 ], [ 89.456481780832263, 22.271481681533238 ], [ 89.456481780832263, 22.273727469743537 ], [ 89.458727569042551, 22.273727469743537 ] ] ] } },
{ "type": "Feature", "properties": { "protected_km2": 0.34611410620872163 }, "geometry": { "type": "Polygon", "coordinates": [ [ [ 89.705764272175429, 22.258006952271447 ], [ 89.705764272175429, 22.255761164061148 ], [ 89.708010060385718, 22.255761164061148 ], [ 89.708010060385718, 22.253515375850849 ], [ 89.703518483965127, 22.253515375850849 ], [ 89.703518483965127, 22.255761164061148 ], [ 89.701272695754824, 22.255761164061148 ], [ 89.701272695754824, 22.253515375850849 ], [ 89.699026907544521, 22.253515375850849 ], [ 89.699026907544521, 22.258006952271447 ], [ 89.705764272175429, 22.258006952271447 ] ] ] } },
{ "type": "Feature", "properties": { "protected_km2": 0.34633392035209937 }, "geometry": { "type": "Polygon", "coordinates": [ [ [ 89.357667099579103, 22.258006952271447 ], [ 89.357667099579103, 22.255761164061148 ], [ 89.355421311368815, 22.255761164061148 ], [ 89.355421311368815, 22.253515375850849 ], [ 89.348683946737907, 22.253515375850849 ], [ 89.348683946737907, 22.255761164061148 ], [ 89.35092973494821, 22.255761164061148 ], [ 89.35092973494821, 22.258006952271447 ], [ 89.357667099579103, 22.258006952271447 ] ] ] } },
{ "type": "Feature", "properties": { "protected_km2": 0.28853325396865775 }, "geometry": { "type": "Polygon", "coordinates": [ [ [ 89.50139754503823, 22.258006952271447 ], [ 89.50139754503823, 22.255761164061148 ], [ 89.499151756827928, 22.255761164061148 ], [ 89.499151756827928, 22.253515375850849 ], [ 89.492414392197034, 22.253515375850849 ], [ 89.492414392197034, 22.255761164061148 ], [ 89.496905968617639, 22.255761164061148 ], [ 89.496905968617639, 22.258006952271447 ], [ 89.50139754503823, 22.258006952271447 ] ] ] } },
{ "type": "Feature", "properties": { "protected_km2": 0.46169595817021108 }, "geometry": { "type": "Polygon", "coordinates": [ [ [ 89.443007051570461, 22.262498528692042 ], [ 89.443007051570461, 22.260252740481747 ], [ 89.445252839780764, 22.260252740481747 ], [ 89.445252839780764, 22.258006952271447 ], [ 89.447498627991067, 22.258006952271447 ], [ 89.447498627991067, 22.255761164061148 ], [ 89.445252839780764, 22.255761164061148 ], [ 89.445252839780764, 22.25126958764055 ], [ 89.443007051570461, 22.25126958764055 ], [ 89.443007051570461, 22.253515375850849 ], [ 89.440761263360159, 22.253515375850849 ], [ 89.440761263360159, 22.255761164061148 ], [ 89.443007051570461, 22.255761164061148 ], [ 89.443007051570461, 22.258006952271447 ], [ 89.440761263360159, 22.258006952271447 ], [ 89.440761263360159, 22.262498528692042 ], [ 89.443007051570461, 22.262498528692042 ] ] ] } },
{ "type": "Feature", "properties": { "protected_km2": 0.28855852137969412 }, "geometry": { "type": "Polygon", "coordinates": [ [ [ 89.458727569042551, 22.258006952271447 ], [ 89.458727569042551, 22.253515375850849 ], [ 89.456481780832263, 22.253515375850849 ], [ 89.456481780832263, 22.25126958764055 ], [ 89.451990204411658, 22.25126958764055 ], [ 89.451990204411658, 22.253515375850849 ], [ 89.45423599262196, 22.253515375850849 ], [ 89.45423599262196, 22.255761164061148 ], [ 89.456481780832263, 22.255761164061148 ], [ 89.456481780832263, 22.258006952271447 ], [ 89.458727569042551, 22.258006952271447 ] ] ] } },
{ "type": "Feature", "properties": { "protected_km2": 0.28858004027414091 }, "geometry": { "type": "Polygon", "coordinates": [ [ [ 89.427286534098371, 22.255761164061148 ], [ 89.427286534098371, 22.25126958764055 ], [ 89.425040745888069, 22.25126958764055 ], [ 89.425040745888069, 22.249023799430251 ], [ 89.420549169467478, 22.249023799430251 ], [ 89.420549169467478, 22.25126958764055 ], [ 89.42279495767778, 22.25126958764055 ], [ 89.42279495767778, 22.253515375850849 ], [ 89.425040745888069, 22.253515375850849 ], [ 89.425040745888069, 22.255761164061148 ], [ 89.427286534098371, 22.255761164061148 ] ] ] } },
{ "type": "Feature", "properties": { "protected_km2": 0.34606568147345601 }, "geometry": { "type": "Polygon", "coordinates": [ [ [ 89.804578953428575, 22.255761164061148 ], [ 89.804578953428575, 22.246778011219952 ], [ 89.802333165218272, 22.246778011219952 ], [ 89.802333165218272, 22.249023799430251 ], [ 89.800087377007969, 22.249023799430251 ], [ 89.800087377007969, 22.253515375850849 ], [ 89.802333165218272, 22.253515375850849 ], [ 89.802333165218272, 22.255761164061148 ], [ 89.804578953428575, 22.255761164061148 ] ] ] } },
{ "type": "Feature", "properties": { "protected_km2": 0.28852955832428651 }, "geometry": { "type": "Polygon", "coordinates": [ [ [ 89.535084368192713, 22.25126958764055 ], [ 89.535084368192713, 22.246778011219952 ], [ 89.530592791772122, 22.246778011219952 ], [ 89.530592791772122, 22.249023799430251 ], [ 89.528347003561819, 22.249023799430251 ], [ 89.528347003561819, 22.25126958764055 ], [ 89.535084368192713, 22.25126958764055 ] ] ] } },
{ "type": "Feature", "properties": { "protected_km2": 0.2886038098670029 }, "geometry": { "type": "Polygon", "coordinates": [ [ [ 89.400337075574782, 22.25126958764055 ], [ 89.400337075574782, 22.246778011219952 ], [ 89.398091287364494, 22.246778011219952 ], [ 89.398091287364494, 22.244532223009653 ], [ 89.393599710943889, 22.244532223009653 ], [ 89.393599710943889, 22.246778011219952 ], [ 89.395845499154191, 22.246778011219952 ], [ 89.395845499154191, 22.249023799430251 ], [ 89.398091287364494, 22.249023799430251 ], [ 89.398091287364494, 22.25126958764055 ], [ 89.400337075574782, 22.25126958764055 ] ] ] } },
{ "type": "Feature", "properties": { "protected_km2": 0.51913687969713873 }, "geometry": { "type": "Polygon", "coordinates": [ [ [ 89.770892130274092, 22.25126958764055 ], [ 89.770892130274092, 22.249023799430251 ], [ 89.773137918484395, 22.249023799430251 ], [ 89.773137918484395, 22.25126958764055 ], [ 89.775383706694683, 22.25126958764055 ], [ 89.775383706694683, 22.246778011219952 ], [ 89.768646342063789, 22.246778011219952 ], [ 89.768646342063789, 22.242286434799354 ], [ 89.766400553853487, 22.242286434799354 ], [ 89.766400553853487, 22.25126958764055 ], [ 89.770892130274092, 22.25126958764055 ] ] ] } },
{ "type": "Feature", "properties": { "protected_km2": 0.86574931839205205 }, "geometry": { "type": "Polygon", "coordinates": [ [ [ 89.425040745888069, 22.246778011219952 ], [ 89.425040745888069, 22.25126958764055 ], [ 89.427286534098371, 22.25126958764055 ], [ 89.427286534098371, 22.255761164061148 ], [ 89.429532322308674, 22.255761164061148 ], [ 89.429532322308674, 22.253515375850849 ], [ 89.434023898729265, 22.253515375850849 ], [ 89.434023898729265, 22.249023799430251 ], [ 89.436269686939568, 22.249023799430251 ], [ 89.436269686939568, 22.244532223009653 ], [ 89.429532322308674, 22.244532223009653 ], [ 89.429532322308674, 22.242286434799354 ], [ 89.427286534098371, 22.242286434799354 ], [ 89.427286534098371, 22.246778011219952 ], [ 89.425040745888069, 22.246778011219952 ] ], [ [ 89.431778110518962, 22.246778011219952 ], [ 89.431778110518962, 22.25126958764055 ], [ 89.429532322308674, 22.25126958764055 ], [ 89.429532322308674, 22.249023799430251 ], [ 89.427286534098371, 22.249023799430251 ], [ 89.427286534098371, 22.246778011219952 ], [ 89.431778110518962, 22.246778011219952 ] ] ] } },
{ "type": "Feature", "properties": { "protected_km2": 0.34631520041739444 }, "geometry": { "type": "Polygon", "coordinates": [ [ [ 89.420549169467478, 22.249023799430251 ], [ 89.420549169467478, 22.246778011219952 ], [ 89.42279495767778, 22.246778011219952 ], [ 89.42279495767778, 22.244532223009653 ], [ 89.420549169467478, 22.244532223009653 ], [ 89.420549169467478, 22.242286434799354 ], [ 89.416057593046872, 22.242286434799354 ], [ 89.416057593046872, 22.244532223009653 ], [ 89.418303381257175, 22.244532223009653 ], [ 89.418303381257175, 22.246778011219952 ], [ 89.416057593046872, 22.246778011219952 ], [ 89.416057593046872, 22.249023799430251 ], [ 89.420549169467478, 22.249023799430251 ] ] ] } },
{ "type": "Feature", "properties": { "protected_km2": 0.40408019729478506 }, "geometry": { "type": "Polygon", "coordinates": [ [ [ 89.371141828840905, 22.246778011219952 ], [ 89.371141828840905, 22.242286434799354 ], [ 89.3666502524203, 22.242286434799354 ], [ 89.3666502524203, 22.240040646589055 ], [ 89.362158675999709, 22.240040646589055 ], [ 89.362158675999709, 22.242286434799354 ], [ 89.364404464210011, 22.242286434799354 ], [ 89.364404464210011, 22.244532223009653 ], [ 89.3666502524203, 22.244532223009653 ], [ 89.3666502524203, 22.246778011219952 ], [ 89.371141828840905, 22.246778011219952 ] ] ] } },
{ "type": "Feature", "properties": { "protected_km2": 0.3462738376571482 }, "geometry": { "type": "Polygon", "coordinates": [ [ [ 89.494660180407337, 22.246778011219952 ], [ 89.494660180407337, 22.242286434799354 ], [ 89.492414392197034, 22.242286434799354 ], [ 89.492414392197034, 22.240040646589055 ], [ 89.487922815776443, 22.240040646589055 ], [ 89.487922815776443, 22.242286434799354 ], [ 89.490168603986746, 22.242286434799354 ], [ 89.490168603986746, 22.246778011219952 ], [ 89.494660180407337, 22.246778011219952 ] ] ] } },
{ "type": "Feature", "properties": { "protected_km2": 0.34632532778409214 }, "geometry": { "type": "Polygon", "coordinates": [ [ [ 89.42279495767778, 22.244532223009653 ], [ 89.42279495767778, 22.242286434799354 ], [ 89.425040745888069, 22.242286434799354 ], [ 89.425040745888069, 22.237794858378756 ], [ 89.42279495767778, 22.237794858378756 ], [ 89.42279495767778, 22.240040646589055 ], [ 89.420549169467478, 22.240040646589055 ], [ 89.420549169467478, 22.237794858378756 ], [ 89.418303381257175, 22.237794858378756 ], [ 89.418303381257175, 22.242286434799354 ], [ 89.420549169467478, 22.242286434799354 ], [ 89.420549169467478, 22.244532223009653 ], [ 89.42279495767778, 22.244532223009653 ] ] ] } },
{ "type": "Feature", "properties": { "protected_km2": 0.69250486984659798 }, "geometry": { "type": "Polygon", "coordinates": [ [ [ 89.546313309244212, 22.244532223009653 ], [ 89.546313309244212, 22.240040646589055 ], [ 89.544067521033909, 22.240040646589055 ], [ 89.544067521033909, 22.237794858378756 ], [ 89.541821732823607, 22.237794858378756 ], [ 89.541821732823607, 22.23554907016846 ], [ 89.535084368192713, 22.23554907016846 ], [ 89.535084368192713, 22.240040646589055 ], [ 89.537330156403016, 22.240040646589055 ], [ 89.537330156403016, 22.242286434799354 ], [ 89.544067521033909, 22.242286434799354 ], [ 89.544067521033909, 22.244532223009653 ], [ 89.546313309244212, 22.244532223009653 ] ] ] } },
{ "type": "Feature", "properties": { "protected_km2": 0.28860112739701743 }, "geometry": { "type": "Polygon", "coordinates": [ [ [ 89.447498627991067, 22.237794858378756 ], [ 89.447498627991067, 22.23554907016846 ], [ 89.449744416201355, 22.23554907016846 ], [ 89.449744416201355, 22.233303281958158 ], [ 89.443007051570461, 22.233303281958158 ], [ 89.443007051570461, 22.237794858378756 ], [ 89.447498627991067, 22.237794858378756 ] ] ] } },
{ "type": "Feature", "properties": { "protected_km2": 0.28850546080430578 }, "geometry": { "type": "Polygon", "coordinates": [ [ [ 89.638390625866464, 22.237794858378756 ], [ 89.638390625866464, 22.23554907016846 ], [ 89.636144837656161, 22.23554907016846 ], [ 89.636144837656161, 22.233303281958158 ], [ 89.633899049445859, 22.233303281958158 ], [ 89.633899049445859, 22.23554907016846 ], [ 89.629407473025267, 22.23554907016846 ], [ 89.629407473025267, 22.237794858378756 ], [ 89.638390625866464, 22.237794858378756 ] ] ] } },
{ "type": "Feature", "properties": { "protected_km2": 0.28856518400540548 }, "geometry": { "type": "Polygon", "coordinates": [ [ [ 89.510380697879427, 22.242286434799354 ], [ 89.510380697879427, 22.233303281958158 ], [ 89.505889121458836, 22.233303281958158 ], [ 89.505889121458836, 22.23554907016846 ], [ 89.508134909669124, 22.23554907016846 ], [ 89.508134909669124, 22.242286434799354 ], [ 89.510380697879427, 22.242286434799354 ] ] ] } },
{ "type": "Feature", "properties": { "protected_km2": 0.34629065087957955 }, "geometry": { "type": "Polygon", "coordinates": [ [ [ 89.494660180407337, 22.240040646589055 ], [ 89.494660180407337, 22.237794858378756 ], [ 89.496905968617639, 22.237794858378756 ], [ 89.496905968617639, 22.233303281958158 ], [ 89.494660180407337, 22.233303281958158 ], [ 89.494660180407337, 22.231057493747862 ], [ 89.492414392197034, 22.231057493747862 ], [ 89.492414392197034, 22.240040646589055 ], [ 89.494660180407337, 22.240040646589055 ] ] ] } },
{ "type": "Feature", "properties": { "protected_km2": 0.28863751027577533 }, "geometry": { "type": "Polygon", "coordinates": [ [ [ 89.386862346312995, 22.237794858378756 ], [ 89.386862346312995, 22.233303281958158 ], [ 89.389108134523298, 22.233303281958158 ], [ 89.389108134523298, 22.231057493747862 ], [ 89.384616558102692, 22.231057493747862 ], [ 89.384616558102692, 22.233303281958158 ], [ 89.38237076989239, 22.233303281958158 ], [ 89.38237076989239, 22.23554907016846 ], [ 89.384616558102692, 22.23554907016846 ], [ 89.384616558102692, 22.237794858378756 ], [ 89.386862346312995, 22.237794858378756 ] ] ] } },
{ "type": "Feature", "properties": { "protected_km2": 0.51956507709291555 }, "geometry": { "type": "Polygon", "coordinates": [ [ [ 89.368896040630602, 22.240040646589055 ], [ 89.368896040630602, 22.237794858378756 ], [ 89.3666502524203, 22.237794858378756 ], [ 89.3666502524203, 22.233303281958158 ], [ 89.362158675999709, 22.233303281958158 ], [ 89.362158675999709, 22.228811705537563 ], [ 89.359912887789406, 22.228811705537563 ], [ 89.359912887789406, 22.237794858378756 ], [ 89.362158675999709, 22.237794858378756 ], [ 89.362158675999709, 22.23554907016846 ], [ 89.364404464210011, 22.23554907016846 ], [ 89.364404464210011, 22.240040646589055 ], [ 89.368896040630602, 22.240040646589055 ] ] ] } },
{ "type": "Feature", "properties": { "protected_km2": 0.34635086952662913 }, "geometry": { "type": "Polygon", "coordinates": [ [ [ 89.434023898729265, 22.231057493747862 ], [ 89.434023898729265, 22.226565917327264 ], [ 89.431778110518962, 22.226565917327264 ], [ 89.431778110518962, 22.224320129116965 ], [ 89.429532322308674, 22.224320129116965 ], [ 89.429532322308674, 22.228811705537563 ], [ 89.427286534098371, 22.228811705537563 ], [ 89.427286534098371, 22.231057493747862 ], [ 89.434023898729265, 22.231057493747862 ] ] ] } },
{ "type": "Feature", "properties": { "protected_km2": 0.28864110284486577 }, "geometry": { "type": "Polygon", "coordinates": [ [ [ 89.416057593046872, 22.228811705537563 ], [ 89.416057593046872, 22.226565917327264 ], [ 89.411566016626281, 22.226565917327264 ], [ 89.411566016626281, 22.224320129116965 ], [ 89.409320228415979, 22.224320129116965 ], [ 89.409320228415979, 22.226565917327264 ], [ 89.407074440205676, 22.226565917327264 ], [ 89.407074440205676, 22.228811705537563 ], [ 89.416057593046872, 22.228811705537563 ] ] ] } },
{ "type": "Feature", "properties": { "protected_km2": 0.46170440235604049 }, "geometry": { "type": "Polygon", "coordinates": [ [ [ 89.539575944613318, 22.233303281958158 ], [ 89.539575944613318, 22.231057493747862 ], [ 89.546313309244212, 22.231057493747862 ], [ 89.546313309244212, 22.228811705537563 ], [ 89.544067521033909, 22.228811705537563 ], [ 89.544067521033909, 22.224320129116965 ], [ 89.539575944613318, 22.224320129116965 ], [ 89.539575944613318, 22.226565917327264 ], [ 89.541821732823607, 22.226565917327264 ], [ 89.541821732823607, 22.228811705537563 ], [ 89.537330156403016, 22.228811705537563 ], [ 89.537330156403016, 22.233303281958158 ], [ 89.539575944613318, 22.233303281958158 ] ] ] } },
{ "type": "Feature", "properties": { "protected_km2": 0.4616407722156422 }, "geometry": { "type": "Polygon", "coordinates": [ [ [ 89.636144837656161, 22.228811705537563 ], [ 89.636144837656161, 22.224320129116965 ], [ 89.633899049445859, 22.224320129116965 ], [ 89.633899049445859, 22.222074340906666 ], [ 89.63165326123557, 22.222074340906666 ], [ 89.63165326123557, 22.224320129116965 ], [ 89.629407473025267, 22.224320129116965 ], [ 89.629407473025267, 22.226565917327264 ], [ 89.627161684814965, 22.226565917327264 ], [ 89.627161684814965, 22.228811705537563 ], [ 89.636144837656161, 22.228811705537563 ] ] ] } },
{ "type": "Feature", "properties": { "protected_km2": 0.34635838451806261 }, "geometry": { "type": "Polygon", "coordinates": [ [ [ 89.434023898729265, 22.226565917327264 ], [ 89.434023898729265, 22.222074340906666 ], [ 89.42279495767778, 22.222074340906666 ], [ 89.42279495767778, 22.224320129116965 ], [ 89.431778110518962, 22.224320129116965 ], [ 89.431778110518962, 22.226565917327264 ], [ 89.434023898729265, 22.226565917327264 ] ] ] } },
{ "type": "Feature", "properties": { "protected_km2": 0.28860624812329971 }, "geometry": { "type": "Polygon", "coordinates": [ [ [ 89.48567702756614, 22.226565917327264 ], [ 89.48567702756614, 22.222074340906666 ], [ 89.487922815776443, 22.222074340906666 ], [ 89.487922815776443, 22.219828552696367 ], [ 89.483431239355838, 22.219828552696367 ], [ 89.483431239355838, 22.224320129116965 ], [ 89.481185451145549, 22.224320129116965 ], [ 89.481185451145549, 22.226565917327264 ], [ 89.48567702756614, 22.226565917327264 ] ] ] } },
{ "type": "Feature", "properties": { "protected_km2": 0.34629707359099643 }, "geometry": { "type": "Polygon", "coordinates": [ [ [ 89.535084368192713, 22.226565917327264 ], [ 89.535084368192713, 22.222074340906666 ], [ 89.53283857998241, 22.222074340906666 ], [ 89.53283857998241, 22.219828552696367 ], [ 89.530592791772122, 22.219828552696367 ], [ 89.530592791772122, 22.224320129116965 ], [ 89.528347003561819, 22.224320129116965 ], [ 89.528347003561819, 22.226565917327264 ], [ 89.535084368192713, 22.226565917327264 ] ] ] } },
{ "type": "Feature", "properties": { "protected_km2": 1.3276535478271918 }, "geometry": { "type": "Polygon", "coordinates": [ [ [ 89.443007051570461, 22.228811705537563 ], [ 89.43851547514987, 22.228811705537563 ], [ 89.43851547514987, 22.231057493747862 ], [ 89.436269686939568, 22.231057493747862 ], [ 89.436269686939568, 22.233303281958158 ], [ 89.443007051570461, 22.233303281958158 ], [ 89.443007051570461, 22.231057493747862 ], [ 89.445252839780764, 22.231057493747862 ], [ 89.445252839780764, 22.228811705537563 ], [ 89.449744416201355, 22.228811705537563 ], [ 89.449744416201355, 22.233303281958158 ], [ 89.451990204411658, 22.233303281958158 ], [ 89.451990204411658, 22.228811705537563 ], [ 89.45423599262196, 22.228811705537563 ], [ 89.45423599262196, 22.226565917327264 ], [ 89.449744416201355, 22.226565917327264 ], [ 89.449744416201355, 22.224320129116965 ], [ 89.447498627991067, 22.224320129116965 ], [ 89.447498627991067, 22.222074340906666 ], [ 89.443007051570461, 22.222074340906666 ], [ 89.443007051570461, 22.219828552696367 ], [ 89.43851547514987, 22.219828552696367 ], [ 89.43851547514987, 22.222074340906666 ], [ 89.436269686939568, 22.222074340906666 ], [ 89.436269686939568, 22.224320129116965 ], [ 89.440761263360159, 22.224320129116965 ], [ 89.440761263360159, 22.226565917327264 ], [ 89.443007051570461, 22.226565917327264 ], [ 89.443007051570461, 22.228811705537563 ] ], [ [ 89.443007051570461, 22.224320129116965 ], [ 89.445252839780764, 22.224320129116965 ], [ 89.445252839780764, 22.226565917327264 ], [ 89.443007051570461, 22.226565917327264 ], [ 89.443007051570461, 22.224320129116965 ] ] ] } },
{ "type": "Feature", "properties": { "protected_km2": 0.86597028220260042 }, "geometry": { "type": "Polygon", "coordinates": [ [ [ 89.384616558102692, 22.233303281958158 ], [ 89.384616558102692, 22.231057493747862 ], [ 89.386862346312995, 22.231057493747862 ], [ 89.386862346312995, 22.228811705537563 ], [ 89.38237076989239, 22.228811705537563 ], [ 89.38237076989239, 22.226565917327264 ], [ 89.386862346312995, 22.226565917327264 ], [ 89.386862346312995, 22.224320129116965 ], [ 89.384616558102692, 22.224320129116965 ], [ 89.384616558102692, 22.217582764486068 ], [ 89.38237076989239, 22.217582764486068 ], [ 89.38237076989239, 22.219828552696367 ], [ 89.380124981682101, 22.219828552696367 ], [ 89.380124981682101, 22.224320129116965 ], [ 89.375633405261496, 22.224320129116965 ], [ 89.375633405261496, 22.226565917327264 ], [ 89.380124981682101, 22.226565917327264 ], [ 89.380124981682101, 22.231057493747862 ], [ 89.38237076989239, 22.231057493747862 ], [ 89.38237076989239, 22.233303281958158 ], [ 89.384616558102692, 22.233303281958158 ] ] ] } },
{ "type": "Feature", "properties": { "protected_km2": 0.28850375925008359 }, "geometry": { "type": "Polygon", "coordinates": [ [ [ 89.692289542913628, 22.224320129116965 ], [ 89.692289542913628, 22.222074340906666 ], [ 89.69453533112393, 22.222074340906666 ], [ 89.69453533112393, 22.217582764486068 ], [ 89.690043754703339, 22.217582764486068 ], [ 89.690043754703339, 22.224320129116965 ], [ 89.692289542913628, 22.224320129116965 ] ] ] } },
{ "type": "Feature", "properties": { "protected_km2": 0.34640515526042764 }, "geometry": { "type": "Polygon", "coordinates": [ [ [ 89.375633405261496, 22.224320129116965 ], [ 89.375633405261496, 22.222074340906666 ], [ 89.377879193471799, 22.222074340906666 ], [ 89.377879193471799, 22.219828552696367 ], [ 89.375633405261496, 22.219828552696367 ], [ 89.375633405261496, 22.217582764486068 ], [ 89.371141828840905, 22.217582764486068 ], [ 89.371141828840905, 22.222074340906666 ], [ 89.373387617051208, 22.222074340906666 ], [ 89.373387617051208, 22.224320129116965 ], [ 89.375633405261496, 22.224320129116965 ] ] ] } },
{ "type": "Feature", "properties": { "protected_km2": 0.34641413444078811 }, "geometry": { "type": "Polygon", "coordinates": [ [ [ 89.368896040630602, 22.224320129116965 ], [ 89.368896040630602, 22.215336976275768 ], [ 89.364404464210011, 22.215336976275768 ], [ 89.364404464210011, 22.219828552696367 ], [ 89.3666502524203, 22.219828552696367 ], [ 89.3666502524203, 22.224320129116965 ], [ 89.368896040630602, 22.224320129116965 ] ] ] } },
{ "type": "Feature", "properties": { "protected_km2": 0.34613989131410422 }, "geometry": { "type": "Polygon", "coordinates": [ [ [ 89.820299470900665, 22.219828552696367 ], [ 89.820299470900665, 22.217582764486068 ], [ 89.815807894480059, 22.217582764486068 ], [ 89.815807894480059, 22.215336976275768 ], [ 89.809070529849166, 22.215336976275768 ], [ 89.809070529849166, 22.217582764486068 ], [ 89.813562106269771, 22.217582764486068 ], [ 89.813562106269771, 22.219828552696367 ], [ 89.820299470900665, 22.219828552696367 ] ] ] } },
{ "type": "Feature", "properties": { "protected_km2": 0.92329501490713595 }, "geometry": { "type": "Polygon", "coordinates": [ [ [ 89.640636414076752, 22.226565917327264 ], [ 89.640636414076752, 22.224320129116965 ], [ 89.645127990497357, 22.224320129116965 ], [ 89.645127990497357, 22.215336976275768 ], [ 89.64737377870766, 22.215336976275768 ], [ 89.64737377870766, 22.213091188065469 ], [ 89.642882202287055, 22.213091188065469 ], [ 89.642882202287055, 22.217582764486068 ], [ 89.640636414076752, 22.217582764486068 ], [ 89.640636414076752, 22.219828552696367 ], [ 89.636144837656161, 22.219828552696367 ], [ 89.636144837656161, 22.222074340906666 ], [ 89.633899049445859, 22.222074340906666 ], [ 89.633899049445859, 22.224320129116965 ], [ 89.636144837656161, 22.224320129116965 ], [ 89.636144837656161, 22.226565917327264 ], [ 89.640636414076752, 22.226565917327264 ] ] ] } },
{ "type": "Feature", "properties": { "protected_km2": 0.28864687245116344 }, "geometry": { "type": "Polygon", "coordinates": [ [ [ 89.431778110518962, 22.222074340906666 ], [ 89.431778110518962, 22.215336976275768 ], [ 89.434023898729265, 22.215336976275768 ], [ 89.434023898729265, 22.213091188065469 ], [ 89.429532322308674, 22.213091188065469 ], [ 89.429532322308674, 22.222074340906666 ], [ 89.431778110518962, 22.222074340906666 ] ] ] } },
{ "type": "Feature", "properties": { "protected_km2": 0.46183033891903835 }, "geometry": { "type": "Polygon", "coordinates": [ [ [ 89.434023898729265, 22.222074340906666 ], [ 89.434023898729265, 22.219828552696367 ], [ 89.43851547514987, 22.219828552696367 ], [ 89.43851547514987, 22.217582764486068 ], [ 89.440761263360159, 22.217582764486068 ], [ 89.440761263360159, 22.215336976275768 ], [ 89.43851547514987, 22.215336976275768 ], [ 89.43851547514987, 22.213091188065469 ], [ 89.434023898729265, 22.213091188065469 ], [ 89.434023898729265, 22.215336976275768 ], [ 89.436269686939568, 22.215336976275768 ], [ 89.436269686939568, 22.217582764486068 ], [ 89.431778110518962, 22.217582764486068 ], [ 89.431778110518962, 22.222074340906666 ], [ 89.434023898729265, 22.222074340906666 ] ] ] } },
{ "type": "Feature", "properties": { "protected_km2": 0.28863869551033422 }, "geometry": { "type": "Polygon", "coordinates": [ [ [ 89.451990204411658, 22.219828552696367 ], [ 89.451990204411658, 22.213091188065469 ], [ 89.447498627991067, 22.213091188065469 ], [ 89.447498627991067, 22.215336976275768 ], [ 89.449744416201355, 22.215336976275768 ], [ 89.449744416201355, 22.217582764486068 ], [ 89.447498627991067, 22.217582764486068 ], [ 89.447498627991067, 22.219828552696367 ], [ 89.451990204411658, 22.219828552696367 ] ] ] } },
{ "type": "Feature", "properties": { "protected_km2": 0.40415018610575815 }, "geometry": { "type": "Polygon", "coordinates": [ [ [ 89.395845499154191, 22.215336976275768 ], [ 89.395845499154191, 22.213091188065469 ], [ 89.398091287364494, 22.213091188065469 ], [ 89.398091287364494, 22.21084539985517 ], [ 89.393599710943889, 22.21084539985517 ], [ 89.393599710943889, 22.208599611644871 ], [ 89.386862346312995, 22.208599611644871 ], [ 89.386862346312995, 22.21084539985517 ], [ 89.391353922733586, 22.21084539985517 ], [ 89.391353922733586, 22.213091188065469 ], [ 89.393599710943889, 22.213091188065469 ], [ 89.393599710943889, 22.215336976275768 ], [ 89.395845499154191, 22.215336976275768 ] ] ] } },
{ "type": "Feature", "properties": { "protected_km2": 1.2123578752715938 }, "geometry": { "type": "Polygon", "coordinates": [ [ [ 89.416057593046872, 22.21084539985517 ], [ 89.416057593046872, 22.213091188065469 ], [ 89.413811804836584, 22.213091188065469 ], [ 89.413811804836584, 22.217582764486068 ], [ 89.411566016626281, 22.217582764486068 ], [ 89.411566016626281, 22.219828552696367 ], [ 89.416057593046872, 22.219828552696367 ], [ 89.416057593046872, 22.222074340906666 ], [ 89.420549169467478, 22.222074340906666 ], [ 89.420549169467478, 22.219828552696367 ], [ 89.42279495767778, 22.219828552696367 ], [ 89.42279495767778, 22.217582764486068 ], [ 89.425040745888069, 22.217582764486068 ], [ 89.425040745888069, 22.213091188065469 ], [ 89.42279495767778, 22.213091188065469 ], [ 89.42279495767778, 22.208599611644871 ], [ 89.418303381257175, 22.208599611644871 ], [ 89.418303381257175, 22.21084539985517 ], [ 89.416057593046872, 22.21084539985517 ] ], [ [ 89.420549169467478, 22.21084539985517 ], [ 89.420549169467478, 22.213091188065469 ], [ 89.418303381257175, 22.213091188065469 ], [ 89.418303381257175, 22.21084539985517 ], [ 89.420549169467478, 22.21084539985517 ] ] ] } },
{ "type": "Feature", "properties": { "protected_km2": 0.40411063140656112 }, "geometry": { "type": "Polygon", "coordinates": [ [ [ 89.443007051570461, 22.217582764486068 ], [ 89.443007051570461, 22.213091188065469 ], [ 89.445252839780764, 22.213091188065469 ], [ 89.445252839780764, 22.208599611644871 ], [ 89.43851547514987, 22.208599611644871 ], [ 89.43851547514987, 22.21084539985517 ], [ 89.440761263360159, 22.21084539985517 ], [ 89.440761263360159, 22.217582764486068 ], [ 89.443007051570461, 22.217582764486068 ] ] ] } },
{ "type": "Feature", "properties": { "protected_km2": 0.34649946483751687 }, "geometry": { "type": "Polygon", "coordinates": [ [ [ 89.283556088639244, 22.21084539985517 ], [ 89.283556088639244, 22.208599611644871 ], [ 89.285801876849547, 22.208599611644871 ], [ 89.285801876849547, 22.206353823434576 ], [ 89.283556088639244, 22.206353823434576 ], [ 89.283556088639244, 22.204108035224273 ], [ 89.279064512218653, 22.204108035224273 ], [ 89.279064512218653, 22.208599611644871 ], [ 89.281310300428956, 22.208599611644871 ], [ 89.281310300428956, 22.21084539985517 ], [ 89.283556088639244, 22.21084539985517 ] ] ] } },
{ "type": "Feature", "properties": { "protected_km2": 0.28866501106699427 }, "geometry": { "type": "Polygon", "coordinates": [ [ [ 89.443007051570461, 22.208599611644871 ], [ 89.443007051570461, 22.204108035224273 ], [ 89.43851547514987, 22.204108035224273 ], [ 89.43851547514987, 22.206353823434576 ], [ 89.436269686939568, 22.206353823434576 ], [ 89.436269686939568, 22.208599611644871 ], [ 89.443007051570461, 22.208599611644871 ] ] ] } },
{ "type": "Feature", "properties": { "protected_km2": 0.92404861926449688 }, "geometry": { "type": "Polygon", "coordinates": [ [ [ 89.247623477274473, 22.206353823434576 ], [ 89.247623477274473, 22.213091188065469 ], [ 89.261098206536261, 22.213091188065469 ], [ 89.261098206536261, 22.208599611644871 ], [ 89.258852418325958, 22.208599611644871 ], [ 89.258852418325958, 22.206353823434576 ], [ 89.254360841905367, 22.206353823434576 ], [ 89.254360841905367, 22.204108035224273 ], [ 89.249869265484762, 22.204108035224273 ], [ 89.249869265484762, 22.206353823434576 ], [ 89.247623477274473, 22.206353823434576 ] ], [ [ 89.258852418325958, 22.21084539985517 ], [ 89.25660663011567, 22.21084539985517 ], [ 89.25660663011567, 22.208599611644871 ], [ 89.258852418325958, 22.208599611644871 ], [ 89.258852418325958, 22.21084539985517 ] ], [ [ 89.252115053695064, 22.206353823434576 ], [ 89.252115053695064, 22.21084539985517 ], [ 89.249869265484762, 22.21084539985517 ], [ 89.249869265484762, 22.206353823434576 ], [ 89.252115053695064, 22.206353823434576 ] ] ] } },
{ "type": "Feature", "properties": { "protected_km2": 0.28867711615998731 }, "geometry": { "type": "Polygon", "coordinates": [ [ [ 89.416057593046872, 22.21084539985517 ], [ 89.416057593046872, 22.206353823434576 ], [ 89.413811804836584, 22.206353823434576 ], [ 89.413811804836584, 22.204108035224273 ], [ 89.409320228415979, 22.204108035224273 ], [ 89.409320228415979, 22.206353823434576 ], [ 89.411566016626281, 22.206353823434576 ], [ 89.411566016626281, 22.208599611644871 ], [ 89.413811804836584, 22.208599611644871 ], [ 89.413811804836584, 22.21084539985517 ], [ 89.416057593046872, 22.21084539985517 ] ] ] } },
{ "type": "Feature", "properties": { "protected_km2": 0.28852318560660406 }, "geometry": { "type": "Polygon", "coordinates": [ [ [ 89.716993213226914, 22.208599611644871 ], [ 89.716993213226914, 22.206353823434576 ], [ 89.712501636806323, 22.206353823434576 ], [ 89.712501636806323, 22.204108035224273 ], [ 89.708010060385718, 22.204108035224273 ], [ 89.708010060385718, 22.206353823434576 ], [ 89.71025584859602, 22.206353823434576 ], [ 89.71025584859602, 22.208599611644871 ], [ 89.716993213226914, 22.208599611644871 ] ] ] } },
{ "type": "Feature", "properties": { "protected_km2": 0.5192926078393918 }, "geometry": { "type": "Polygon", "coordinates": [ [ [ 89.768646342063789, 22.21084539985517 ], [ 89.768646342063789, 22.208599611644871 ], [ 89.770892130274092, 22.208599611644871 ], [ 89.770892130274092, 22.204108035224273 ], [ 89.768646342063789, 22.204108035224273 ], [ 89.768646342063789, 22.201862247013977 ], [ 89.766400553853487, 22.201862247013977 ], [ 89.766400553853487, 22.204108035224273 ], [ 89.761908977432896, 22.204108035224273 ], [ 89.761908977432896, 22.208599611644871 ], [ 89.764154765643198, 22.208599611644871 ], [ 89.764154765643198, 22.206353823434576 ], [ 89.766400553853487, 22.206353823434576 ], [ 89.766400553853487, 22.21084539985517 ], [ 89.768646342063789, 22.21084539985517 ] ] ] } },
{ "type": "Feature", "properties": { "protected_km2": 0.69291848713729443 }, "geometry": { "type": "Polygon", "coordinates": [ [ [ 89.35092973494821, 22.208599611644871 ], [ 89.35092973494821, 22.206353823434576 ], [ 89.355421311368815, 22.206353823434576 ], [ 89.355421311368815, 22.204108035224273 ], [ 89.359912887789406, 22.204108035224273 ], [ 89.359912887789406, 22.206353823434576 ], [ 89.362158675999709, 22.206353823434576 ], [ 89.362158675999709, 22.199616458803678 ], [ 89.359912887789406, 22.199616458803678 ], [ 89.359912887789406, 22.201862247013977 ], [ 89.355421311368815, 22.201862247013977 ], [ 89.355421311368815, 22.199616458803678 ], [ 89.353175523158512, 22.199616458803678 ], [ 89.353175523158512, 22.201862247013977 ], [ 89.35092973494821, 22.201862247013977 ], [ 89.35092973494821, 22.204108035224273 ], [ 89.348683946737907, 22.204108035224273 ], [ 89.348683946737907, 22.208599611644871 ], [ 89.35092973494821, 22.208599611644871 ] ] ] } },
{ "type": "Feature", "properties": { "protected_km2": 0.51977784198096189 }, "geometry": { "type": "Polygon", "coordinates": [ [ [ 89.267835571167154, 22.208599611644871 ], [ 89.267835571167154, 22.206353823434576 ], [ 89.265589782956852, 22.206353823434576 ], [ 89.265589782956852, 22.204108035224273 ], [ 89.270081359377457, 22.204108035224273 ], [ 89.270081359377457, 22.201862247013977 ], [ 89.267835571167154, 22.201862247013977 ], [ 89.267835571167154, 22.199616458803678 ], [ 89.265589782956852, 22.199616458803678 ], [ 89.265589782956852, 22.201862247013977 ], [ 89.261098206536261, 22.201862247013977 ], [ 89.261098206536261, 22.206353823434576 ], [ 89.263343994746563, 22.206353823434576 ], [ 89.263343994746563, 22.208599611644871 ], [ 89.267835571167154, 22.208599611644871 ] ] ] } },
{ "type": "Feature", "properties": { "protected_km2": 0.40390606012934283 }, "geometry": { "type": "Polygon", "coordinates": [ [ [ 89.759663189222593, 22.208599611644871 ], [ 89.759663189222593, 22.206353823434576 ], [ 89.761908977432896, 22.206353823434576 ], [ 89.761908977432896, 22.204108035224273 ], [ 89.764154765643198, 22.204108035224273 ], [ 89.764154765643198, 22.201862247013977 ], [ 89.761908977432896, 22.201862247013977 ], [ 89.761908977432896, 22.199616458803678 ], [ 89.75741740101229, 22.199616458803678 ], [ 89.75741740101229, 22.201862247013977 ], [ 89.759663189222593, 22.201862247013977 ], [ 89.759663189222593, 22.204108035224273 ], [ 89.75741740101229, 22.204108035224273 ], [ 89.75741740101229, 22.208599611644871 ], [ 89.759663189222593, 22.208599611644871 ] ] ] } },
{ "type": "Feature", "properties": { "protected_km2": 0.5197736373513514 }, "geometry": { "type": "Polygon", "coordinates": [ [ [ 89.274572935798048, 22.208599611644871 ], [ 89.274572935798048, 22.204108035224273 ], [ 89.276818724008351, 22.204108035224273 ], [ 89.276818724008351, 22.201862247013977 ], [ 89.279064512218653, 22.201862247013977 ], [ 89.279064512218653, 22.197370670593379 ], [ 89.274572935798048, 22.197370670593379 ], [ 89.274572935798048, 22.201862247013977 ], [ 89.27232714758776, 22.201862247013977 ], [ 89.27232714758776, 22.204108035224273 ], [ 89.270081359377457, 22.204108035224273 ], [ 89.270081359377457, 22.206353823434576 ], [ 89.27232714758776, 22.206353823434576 ], [ 89.27232714758776, 22.208599611644871 ], [ 89.274572935798048, 22.208599611644871 ] ] ] } },
{ "type": "Feature", "properties": { "protected_km2": 0.92385974149007832 }, "geometry": { "type": "Polygon", "coordinates": [ [ [ 89.373387617051208, 22.21084539985517 ], [ 89.373387617051208, 22.204108035224273 ], [ 89.380124981682101, 22.204108035224273 ], [ 89.380124981682101, 22.201862247013977 ], [ 89.377879193471799, 22.201862247013977 ], [ 89.377879193471799, 22.197370670593379 ], [ 89.373387617051208, 22.197370670593379 ], [ 89.373387617051208, 22.201862247013977 ], [ 89.371141828840905, 22.201862247013977 ], [ 89.371141828840905, 22.204108035224273 ], [ 89.368896040630602, 22.204108035224273 ], [ 89.368896040630602, 22.201862247013977 ], [ 89.3666502524203, 22.201862247013977 ], [ 89.3666502524203, 22.206353823434576 ], [ 89.368896040630602, 22.206353823434576 ], [ 89.368896040630602, 22.21084539985517 ], [ 89.373387617051208, 22.21084539985517 ] ] ] } },
{ "type": "Feature", "properties": { "protected_km2": 0.34660338156829612 }, "geometry": { "type": "Polygon", "coordinates": [ [ [ 89.15779194886251, 22.204108035224273 ], [ 89.15779194886251, 22.201862247013977 ], [ 89.155546160652221, 22.201862247013977 ], [ 89.155546160652221, 22.197370670593379 ], [ 89.153300372441919, 22.197370670593379 ], [ 89.153300372441919, 22.199616458803678 ], [ 89.151054584231616, 22.199616458803678 ], [ 89.151054584231616, 22.204108035224273 ], [ 89.15779194886251, 22.204108035224273 ] ] ] } },
{ "type": "Feature", "properties": { "protected_km2": 0.57751483026371442 }, "geometry": { "type": "Polygon", "coordinates": [ [ [ 89.285801876849547, 22.206353823434576 ], [ 89.292539241480441, 22.206353823434576 ], [ 89.292539241480441, 22.204108035224273 ], [ 89.290293453270138, 22.204108035224273 ], [ 89.290293453270138, 22.199616458803678 ], [ 89.28804766505985, 22.199616458803678 ], [ 89.28804766505985, 22.197370670593379 ], [ 89.285801876849547, 22.197370670593379 ], [ 89.285801876849547, 22.199616458803678 ], [ 89.281310300428956, 22.199616458803678 ], [ 89.281310300428956, 22.201862247013977 ], [ 89.283556088639244, 22.201862247013977 ], [ 89.283556088639244, 22.204108035224273 ], [ 89.285801876849547, 22.204108035224273 ], [ 89.285801876849547, 22.206353823434576 ] ], [ [ 89.285801876849547, 22.201862247013977 ], [ 89.28804766505985, 22.201862247013977 ], [ 89.28804766505985, 22.204108035224273 ], [ 89.285801876849547, 22.204108035224273 ], [ 89.285801876849547, 22.201862247013977 ] ] ] } },
{ "type": "Feature", "properties": { "protected_km2": 0.2885549152533935 }, "geometry": { "type": "Polygon", "coordinates": [ [ [ 89.672077449020946, 22.204108035224273 ], [ 89.672077449020946, 22.201862247013977 ], [ 89.674323237231235, 22.201862247013977 ], [ 89.674323237231235, 22.199616458803678 ], [ 89.672077449020946, 22.199616458803678 ], [ 89.672077449020946, 22.197370670593379 ], [ 89.669831660810644, 22.197370670593379 ], [ 89.669831660810644, 22.199616458803678 ], [ 89.667585872600341, 22.199616458803678 ], [ 89.667585872600341, 22.201862247013977 ], [ 89.669831660810644, 22.201862247013977 ], [ 89.669831660810644, 22.204108035224273 ], [ 89.672077449020946, 22.204108035224273 ] ] ] } },
{ "type": "Feature", "properties": { "protected_km2": 0.34621326266958125 }, "geometry": { "type": "Polygon", "coordinates": [ [ [ 89.766400553853487, 22.204108035224273 ], [ 89.766400553853487, 22.199616458803678 ], [ 89.764154765643198, 22.199616458803678 ], [ 89.764154765643198, 22.197370670593379 ], [ 89.766400553853487, 22.197370670593379 ], [ 89.766400553853487, 22.19512488238308 ], [ 89.761908977432896, 22.19512488238308 ], [ 89.761908977432896, 22.201862247013977 ], [ 89.764154765643198, 22.201862247013977 ], [ 89.764154765643198, 22.204108035224273 ], [ 89.766400553853487, 22.204108035224273 ] ] ] } },
{ "type": "Feature", "properties": { "protected_km2": 0.28857047769596395 }, "geometry": { "type": "Polygon", "coordinates": [ [ [ 89.656356931548856, 22.199616458803678 ], [ 89.656356931548856, 22.197370670593379 ], [ 89.658602719759145, 22.197370670593379 ], [ 89.658602719759145, 22.19512488238308 ], [ 89.654111143338554, 22.19512488238308 ], [ 89.654111143338554, 22.197370670593379 ], [ 89.649619566917949, 22.197370670593379 ], [ 89.649619566917949, 22.199616458803678 ], [ 89.656356931548856, 22.199616458803678 ] ] ] } },
{ "type": "Feature", "properties": { "protected_km2": 0.40410744705195473 }, "geometry": { "type": "Polygon", "coordinates": [ [ [ 89.499151756827928, 22.204108035224273 ], [ 89.499151756827928, 22.201862247013977 ], [ 89.496905968617639, 22.201862247013977 ], [ 89.496905968617639, 22.19512488238308 ], [ 89.492414392197034, 22.19512488238308 ], [ 89.492414392197034, 22.197370670593379 ], [ 89.494660180407337, 22.197370670593379 ], [ 89.494660180407337, 22.201862247013977 ], [ 89.492414392197034, 22.201862247013977 ], [ 89.492414392197034, 22.204108035224273 ], [ 89.499151756827928, 22.204108035224273 ] ] ] } },
{ "type": "Feature", "properties": { "protected_km2": 0.28878957062256427 }, "geometry": { "type": "Polygon", "coordinates": [ [ [ 89.252115053695064, 22.199616458803678 ], [ 89.252115053695064, 22.19512488238308 ], [ 89.249869265484762, 22.19512488238308 ], [ 89.249869265484762, 22.192879094172781 ], [ 89.247623477274473, 22.192879094172781 ], [ 89.247623477274473, 22.199616458803678 ], [ 89.252115053695064, 22.199616458803678 ] ] ] } },
{ "type": "Feature", "properties": { "protected_km2": 0.40422700401208445 }, "geometry": { "type": "Polygon", "coordinates": [ [ [ 89.348683946737907, 22.201862247013977 ], [ 89.348683946737907, 22.199616458803678 ], [ 89.346438158527619, 22.199616458803678 ], [ 89.346438158527619, 22.197370670593379 ], [ 89.348683946737907, 22.197370670593379 ], [ 89.348683946737907, 22.192879094172781 ], [ 89.346438158527619, 22.192879094172781 ], [ 89.346438158527619, 22.19512488238308 ], [ 89.341946582107013, 22.19512488238308 ], [ 89.341946582107013, 22.197370670593379 ], [ 89.344192370317316, 22.197370670593379 ], [ 89.344192370317316, 22.201862247013977 ], [ 89.348683946737907, 22.201862247013977 ] ] ] } },
{ "type": "Feature", "properties": { "protected_km2": 0.46215700282687466 }, "geometry": { "type": "Polygon", "coordinates": [ [ [ 89.153300372441919, 22.199616458803678 ], [ 89.153300372441919, 22.197370670593379 ], [ 89.155546160652221, 22.197370670593379 ], [ 89.155546160652221, 22.19512488238308 ], [ 89.151054584231616, 22.19512488238308 ], [ 89.151054584231616, 22.192879094172781 ], [ 89.14207143139042, 22.192879094172781 ], [ 89.14207143139042, 22.19512488238308 ], [ 89.148808796021314, 22.19512488238308 ], [ 89.148808796021314, 22.197370670593379 ], [ 89.151054584231616, 22.197370670593379 ], [ 89.151054584231616, 22.199616458803678 ], [ 89.153300372441919, 22.199616458803678 ] ] ] } },
{ "type": "Feature", "properties": { "protected_km2": 0.28874335885683372 }, "geometry": { "type": "Polygon", "coordinates": [ [ [ 89.341946582107013, 22.197370670593379 ], [ 89.341946582107013, 22.19512488238308 ], [ 89.344192370317316, 22.19512488238308 ], [ 89.344192370317316, 22.190633305962482 ], [ 89.339700793896725, 22.190633305962482 ], [ 89.339700793896725, 22.197370670593379 ], [ 89.341946582107013, 22.197370670593379 ] ] ] } },
{ "type": "Feature", "properties": { "protected_km2": 0.40406159413110232 }, "geometry": { "type": "Polygon", "coordinates": [ [ [ 89.577754344188392, 22.197370670593379 ], [ 89.577754344188392, 22.19512488238308 ], [ 89.582245920608983, 22.19512488238308 ], [ 89.582245920608983, 22.192879094172781 ], [ 89.575508555978089, 22.192879094172781 ], [ 89.575508555978089, 22.190633305962482 ], [ 89.573262767767801, 22.190633305962482 ], [ 89.573262767767801, 22.197370670593379 ], [ 89.577754344188392, 22.197370670593379 ] ] ] } },
{ "type": "Feature", "properties": { "protected_km2": 0.2887872280158752 }, "geometry": { "type": "Polygon", "coordinates": [ [ [ 89.265589782956852, 22.197370670593379 ], [ 89.265589782956852, 22.190633305962482 ], [ 89.261098206536261, 22.190633305962482 ], [ 89.261098206536261, 22.192879094172781 ], [ 89.263343994746563, 22.192879094172781 ], [ 89.263343994746563, 22.19512488238308 ], [ 89.261098206536261, 22.19512488238308 ], [ 89.261098206536261, 22.197370670593379 ], [ 89.265589782956852, 22.197370670593379 ] ] ] } },
{ "type": "Feature", "properties": { "protected_km2": 0.28860309649417171 }, "geometry": { "type": "Polygon", "coordinates": [ [ [ 89.609195379132572, 22.19512488238308 ], [ 89.609195379132572, 22.190633305962482 ], [ 89.602458014501678, 22.190633305962482 ], [ 89.602458014501678, 22.192879094172781 ], [ 89.604703802711981, 22.192879094172781 ], [ 89.604703802711981, 22.19512488238308 ], [ 89.609195379132572, 22.19512488238308 ] ] ] } },
{ "type": "Feature", "properties": { "protected_km2": 0.28869495948626883 }, "geometry": { "type": "Polygon", "coordinates": [ [ [ 89.440761263360159, 22.19512488238308 ], [ 89.440761263360159, 22.192879094172781 ], [ 89.43851547514987, 22.192879094172781 ], [ 89.43851547514987, 22.188387517752183 ], [ 89.436269686939568, 22.188387517752183 ], [ 89.436269686939568, 22.192879094172781 ], [ 89.434023898729265, 22.192879094172781 ], [ 89.434023898729265, 22.19512488238308 ], [ 89.440761263360159, 22.19512488238308 ] ] ] } },
{ "type": "Feature", "properties": { "protected_km2": 0.40401320581595124 }, "geometry": { "type": "Polygon", "coordinates": [ [ [ 89.658602719759145, 22.19512488238308 ], [ 89.658602719759145, 22.190633305962482 ], [ 89.656356931548856, 22.190633305962482 ], [ 89.656356931548856, 22.188387517752183 ], [ 89.654111143338554, 22.188387517752183 ], [ 89.654111143338554, 22.190633305962482 ], [ 89.651865355128251, 22.190633305962482 ], [ 89.651865355128251, 22.19512488238308 ], [ 89.658602719759145, 22.19512488238308 ] ] ] } },
{ "type": "Feature", "properties": { "protected_km2": 0.28854854162633886 }, "geometry": { "type": "Polygon", "coordinates": [ [ [ 89.721484789647519, 22.19512488238308 ], [ 89.721484789647519, 22.188387517752183 ], [ 89.719239001437217, 22.188387517752183 ], [ 89.719239001437217, 22.192879094172781 ], [ 89.714747425016625, 22.192879094172781 ], [ 89.714747425016625, 22.19512488238308 ], [ 89.721484789647519, 22.19512488238308 ] ] ] } },
{ "type": "Feature", "properties": { "protected_km2": 0.28850216597451339 }, "geometry": { "type": "Polygon", "coordinates": [ [ [ 89.815807894480059, 22.19512488238308 ], [ 89.815807894480059, 22.188387517752183 ], [ 89.813562106269771, 22.188387517752183 ], [ 89.813562106269771, 22.190633305962482 ], [ 89.811316318059468, 22.190633305962482 ], [ 89.811316318059468, 22.19512488238308 ], [ 89.815807894480059, 22.19512488238308 ] ] ] } },
{ "type": "Feature", "properties": { "protected_km2": 0.34648656404741274 }, "geometry": { "type": "Polygon", "coordinates": [ [ [ 89.371141828840905, 22.192879094172781 ], [ 89.371141828840905, 22.190633305962482 ], [ 89.368896040630602, 22.190633305962482 ], [ 89.368896040630602, 22.188387517752183 ], [ 89.3666502524203, 22.188387517752183 ], [ 89.3666502524203, 22.190633305962482 ], [ 89.364404464210011, 22.190633305962482 ], [ 89.364404464210011, 22.188387517752183 ], [ 89.362158675999709, 22.188387517752183 ], [ 89.362158675999709, 22.192879094172781 ], [ 89.371141828840905, 22.192879094172781 ] ] ] } },
{ "type": "Feature", "properties": { "protected_km2": 0.28864485688927338 }, "geometry": { "type": "Polygon", "coordinates": [ [ [ 89.53283857998241, 22.19512488238308 ], [ 89.53283857998241, 22.192879094172781 ], [ 89.535084368192713, 22.192879094172781 ], [ 89.535084368192713, 22.190633305962482 ], [ 89.53283857998241, 22.190633305962482 ], [ 89.53283857998241, 22.188387517752183 ], [ 89.530592791772122, 22.188387517752183 ], [ 89.530592791772122, 22.190633305962482 ], [ 89.528347003561819, 22.190633305962482 ], [ 89.528347003561819, 22.192879094172781 ], [ 89.530592791772122, 22.192879094172781 ], [ 89.530592791772122, 22.19512488238308 ], [ 89.53283857998241, 22.19512488238308 ] ] ] } },
{ "type": "Feature", "properties": { "protected_km2": 0.46180059100881427 }, "geometry": { "type": "Polygon", "coordinates": [ [ [ 89.573262767767801, 22.19512488238308 ], [ 89.573262767767801, 22.190633305962482 ], [ 89.580000132398695, 22.190633305962482 ], [ 89.580000132398695, 22.188387517752183 ], [ 89.573262767767801, 22.188387517752183 ], [ 89.573262767767801, 22.186141729541884 ], [ 89.571016979557498, 22.186141729541884 ], [ 89.571016979557498, 22.192879094172781 ], [ 89.568771191347196, 22.192879094172781 ], [ 89.568771191347196, 22.19512488238308 ], [ 89.573262767767801, 22.19512488238308 ] ] ] } },
{ "type": "Feature", "properties": { "protected_km2": 0.69293429127498307 }, "geometry": { "type": "Polygon", "coordinates": [ [ [ 89.400337075574782, 22.19512488238308 ], [ 89.400337075574782, 22.190633305962482 ], [ 89.398091287364494, 22.190633305962482 ], [ 89.398091287364494, 22.188387517752183 ], [ 89.400337075574782, 22.188387517752183 ], [ 89.400337075574782, 22.183895941331585 ], [ 89.395845499154191, 22.183895941331585 ], [ 89.395845499154191, 22.186141729541884 ], [ 89.393599710943889, 22.186141729541884 ], [ 89.393599710943889, 22.188387517752183 ], [ 89.391353922733586, 22.188387517752183 ], [ 89.391353922733586, 22.190633305962482 ], [ 89.393599710943889, 22.190633305962482 ], [ 89.393599710943889, 22.192879094172781 ], [ 89.398091287364494, 22.192879094172781 ], [ 89.398091287364494, 22.19512488238308 ], [ 89.400337075574782, 22.19512488238308 ] ] ] } },
{ "type": "Feature", "properties": { "protected_km2": 0.28869336047693661 }, "geometry": { "type": "Polygon", "coordinates": [ [ [ 89.458727569042551, 22.190633305962482 ], [ 89.458727569042551, 22.186141729541884 ], [ 89.460973357252854, 22.186141729541884 ], [ 89.460973357252854, 22.183895941331585 ], [ 89.456481780832263, 22.183895941331585 ], [ 89.456481780832263, 22.188387517752183 ], [ 89.45423599262196, 22.188387517752183 ], [ 89.45423599262196, 22.190633305962482 ], [ 89.458727569042551, 22.190633305962482 ] ] ] } },
{ "type": "Feature", "properties": { "protected_km2": 0.5199199580469539 }, "geometry": { "type": "Polygon", "coordinates": [ [ [ 89.191478772016993, 22.190633305962482 ], [ 89.191478772016993, 22.183895941331585 ], [ 89.186987195596402, 22.183895941331585 ], [ 89.186987195596402, 22.186141729541884 ], [ 89.180249830965508, 22.186141729541884 ], [ 89.180249830965508, 22.188387517752183 ], [ 89.186987195596402, 22.188387517752183 ], [ 89.186987195596402, 22.190633305962482 ], [ 89.191478772016993, 22.190633305962482 ] ] ] } },
{ "type": "Feature", "properties": { "protected_km2": 0.40419635776678958 }, "geometry": { "type": "Polygon", "coordinates": [ [ [ 89.42279495767778, 22.192879094172781 ], [ 89.42279495767778, 22.190633305962482 ], [ 89.425040745888069, 22.190633305962482 ], [ 89.425040745888069, 22.181650153121286 ], [ 89.42279495767778, 22.181650153121286 ], [ 89.42279495767778, 22.186141729541884 ], [ 89.420549169467478, 22.186141729541884 ], [ 89.420549169467478, 22.192879094172781 ], [ 89.42279495767778, 22.192879094172781 ] ] ] } },
{ "type": "Feature", "properties": { "protected_km2": 0.28856953330421631 }, "geometry": { "type": "Polygon", "coordinates": [ [ [ 89.714747425016625, 22.186141729541884 ], [ 89.714747425016625, 22.181650153121286 ], [ 89.719239001437217, 22.181650153121286 ], [ 89.719239001437217, 22.179404364910987 ], [ 89.712501636806323, 22.179404364910987 ], [ 89.712501636806323, 22.186141729541884 ], [ 89.714747425016625, 22.186141729541884 ] ] ] } },
{ "type": "Feature", "properties": { "protected_km2": 0.28875788248801398 }, "geometry": { "type": "Polygon", "coordinates": [ [ [ 89.355421311368815, 22.188387517752183 ], [ 89.355421311368815, 22.179404364910987 ], [ 89.353175523158512, 22.179404364910987 ], [ 89.353175523158512, 22.181650153121286 ], [ 89.35092973494821, 22.181650153121286 ], [ 89.35092973494821, 22.183895941331585 ], [ 89.353175523158512, 22.183895941331585 ], [ 89.353175523158512, 22.188387517752183 ], [ 89.355421311368815, 22.188387517752183 ] ] ] } },
{ "type": "Feature", "properties": { "protected_km2": 0.28871755996846898 }, "geometry": { "type": "Polygon", "coordinates": [ [ [ 89.429532322308674, 22.188387517752183 ], [ 89.429532322308674, 22.179404364910987 ], [ 89.425040745888069, 22.179404364910987 ], [ 89.425040745888069, 22.181650153121286 ], [ 89.427286534098371, 22.181650153121286 ], [ 89.427286534098371, 22.188387517752183 ], [ 89.429532322308674, 22.188387517752183 ] ] ] } },
{ "type": "Feature", "properties": { "protected_km2": 0.28861097368072908 }, "geometry": { "type": "Polygon", "coordinates": [ [ [ 89.638390625866464, 22.183895941331585 ], [ 89.638390625866464, 22.179404364910987 ], [ 89.629407473025267, 22.179404364910987 ], [ 89.629407473025267, 22.181650153121286 ], [ 89.636144837656161, 22.181650153121286 ], [ 89.636144837656161, 22.183895941331585 ], [ 89.638390625866464, 22.183895941331585 ] ] ] } },
{ "type": "Feature", "properties": { "protected_km2": 0.34647819334216573 }, "geometry": { "type": "Polygon", "coordinates": [ [ [ 89.409320228415979, 22.186141729541884 ], [ 89.409320228415979, 22.179404364910987 ], [ 89.407074440205676, 22.179404364910987 ], [ 89.407074440205676, 22.177158576700691 ], [ 89.404828651995388, 22.177158576700691 ], [ 89.404828651995388, 22.181650153121286 ], [ 89.407074440205676, 22.181650153121286 ], [ 89.407074440205676, 22.183895941331585 ], [ 89.404828651995388, 22.183895941331585 ], [ 89.404828651995388, 22.186141729541884 ], [ 89.409320228415979, 22.186141729541884 ] ] ] } },
{ "type": "Feature", "properties": { "protected_km2": 0.34629820908602399 }, "geometry": { "type": "Polygon", "coordinates": [ [ [ 89.71025584859602, 22.181650153121286 ], [ 89.71025584859602, 22.177158576700691 ], [ 89.708010060385718, 22.177158576700691 ], [ 89.708010060385718, 22.174912788490388 ], [ 89.705764272175429, 22.174912788490388 ], [ 89.705764272175429, 22.179404364910987 ], [ 89.703518483965127, 22.179404364910987 ], [ 89.703518483965127, 22.181650153121286 ], [ 89.71025584859602, 22.181650153121286 ] ] ] } },
{ "type": "Feature", "properties": { "protected_km2": 0.98204575401201211 }, "geometry": { "type": "Polygon", "coordinates": [ [ [ 89.222919806961187, 22.188387517752183 ], [ 89.222919806961187, 22.186141729541884 ], [ 89.227411383381778, 22.186141729541884 ], [ 89.227411383381778, 22.181650153121286 ], [ 89.222919806961187, 22.181650153121286 ], [ 89.222919806961187, 22.179404364910987 ], [ 89.225165595171475, 22.179404364910987 ], [ 89.225165595171475, 22.174912788490388 ], [ 89.222919806961187, 22.174912788490388 ], [ 89.222919806961187, 22.172667000280093 ], [ 89.220674018750884, 22.172667000280093 ], [ 89.220674018750884, 22.174912788490388 ], [ 89.218428230540582, 22.174912788490388 ], [ 89.218428230540582, 22.181650153121286 ], [ 89.220674018750884, 22.181650153121286 ], [ 89.220674018750884, 22.186141729541884 ], [ 89.218428230540582, 22.186141729541884 ], [ 89.218428230540582, 22.188387517752183 ], [ 89.222919806961187, 22.188387517752183 ] ] ] } },
{ "type": "Feature", "properties": { "protected_km2": 1.2703042519595509 }, "geometry": { "type": "Polygon", "coordinates": [ [ [ 89.451990204411658, 22.190633305962482 ], [ 89.451990204411658, 22.188387517752183 ], [ 89.456481780832263, 22.188387517752183 ], [ 89.456481780832263, 22.183895941331585 ], [ 89.458727569042551, 22.183895941331585 ], [ 89.458727569042551, 22.179404364910987 ], [ 89.460973357252854, 22.179404364910987 ], [ 89.460973357252854, 22.177158576700691 ], [ 89.458727569042551, 22.177158576700691 ], [ 89.458727569042551, 22.172667000280093 ], [ 89.456481780832263, 22.172667000280093 ], [ 89.456481780832263, 22.174912788490388 ], [ 89.45423599262196, 22.174912788490388 ], [ 89.45423599262196, 22.177158576700691 ], [ 89.451990204411658, 22.177158576700691 ], [ 89.451990204411658, 22.181650153121286 ], [ 89.45423599262196, 22.181650153121286 ], [ 89.45423599262196, 22.183895941331585 ], [ 89.449744416201355, 22.183895941331585 ], [ 89.449744416201355, 22.181650153121286 ], [ 89.447498627991067, 22.181650153121286 ], [ 89.447498627991067, 22.188387517752183 ], [ 89.449744416201355, 22.188387517752183 ], [ 89.449744416201355, 22.190633305962482 ], [ 89.451990204411658, 22.190633305962482 ] ] ] } },
{ "type": "Feature", "properties": { "protected_km2": 0.28881641730377522 }, "geometry": { "type": "Polygon", "coordinates": [ [ [ 89.279064512218653, 22.179404364910987 ], [ 89.279064512218653, 22.174912788490388 ], [ 89.274572935798048, 22.174912788490388 ], [ 89.274572935798048, 22.172667000280093 ], [ 89.27232714758776, 22.172667000280093 ], [ 89.27232714758776, 22.177158576700691 ], [ 89.276818724008351, 22.177158576700691 ], [ 89.276818724008351, 22.179404364910987 ], [ 89.279064512218653, 22.179404364910987 ] ] ] } },
{ "type": "Feature", "properties": { "protected_km2": 0.98217700044705025 }, "geometry": { "type": "Polygon", "coordinates": [ [ [ 89.162283525283115, 22.188387517752183 ], [ 89.162283525283115, 22.183895941331585 ], [ 89.160037737072813, 22.183895941331585 ], [ 89.160037737072813, 22.186141729541884 ], [ 89.15779194886251, 22.186141729541884 ], [ 89.15779194886251, 22.179404364910987 ], [ 89.162283525283115, 22.179404364910987 ], [ 89.162283525283115, 22.177158576700691 ], [ 89.160037737072813, 22.177158576700691 ], [ 89.160037737072813, 22.170421212069794 ], [ 89.15779194886251, 22.170421212069794 ], [ 89.15779194886251, 22.172667000280093 ], [ 89.155546160652221, 22.172667000280093 ], [ 89.155546160652221, 22.181650153121286 ], [ 89.153300372441919, 22.181650153121286 ], [ 89.153300372441919, 22.186141729541884 ], [ 89.155546160652221, 22.186141729541884 ], [ 89.155546160652221, 22.188387517752183 ], [ 89.162283525283115, 22.188387517752183 ] ] ] } },
{ "type": "Feature", "properties": { "protected_km2": 0.63549828132757336 }, "geometry": { "type": "Polygon", "coordinates": [ [ [ 89.193724560227295, 22.181650153121286 ], [ 89.193724560227295, 22.179404364910987 ], [ 89.195970348437598, 22.179404364910987 ], [ 89.195970348437598, 22.174912788490388 ], [ 89.193724560227295, 22.174912788490388 ], [ 89.193724560227295, 22.170421212069794 ], [ 89.191478772016993, 22.170421212069794 ], [ 89.191478772016993, 22.172667000280093 ], [ 89.189232983806704, 22.172667000280093 ], [ 89.189232983806704, 22.181650153121286 ], [ 89.193724560227295, 22.181650153121286 ] ] ] } },
{ "type": "Feature", "properties": { "protected_km2": 0.63530292556991363 }, "geometry": { "type": "Polygon", "coordinates": [ [ [ 89.348683946737907, 22.181650153121286 ], [ 89.348683946737907, 22.179404364910987 ], [ 89.353175523158512, 22.179404364910987 ], [ 89.353175523158512, 22.177158576700691 ], [ 89.355421311368815, 22.177158576700691 ], [ 89.355421311368815, 22.174912788490388 ], [ 89.357667099579103, 22.174912788490388 ], [ 89.357667099579103, 22.170421212069794 ], [ 89.353175523158512, 22.170421212069794 ], [ 89.353175523158512, 22.172667000280093 ], [ 89.35092973494821, 22.172667000280093 ], [ 89.35092973494821, 22.177158576700691 ], [ 89.346438158527619, 22.177158576700691 ], [ 89.346438158527619, 22.181650153121286 ], [ 89.348683946737907, 22.181650153121286 ] ] ] } },
{ "type": "Feature", "properties": { "protected_km2": 0.40437292909325212 }, "geometry": { "type": "Polygon", "coordinates": [ [ [ 89.243131900853868, 22.179404364910987 ], [ 89.243131900853868, 22.174912788490388 ], [ 89.245377689064171, 22.174912788490388 ], [ 89.245377689064171, 22.172667000280093 ], [ 89.249869265484762, 22.172667000280093 ], [ 89.249869265484762, 22.170421212069794 ], [ 89.243131900853868, 22.170421212069794 ], [ 89.243131900853868, 22.172667000280093 ], [ 89.240886112643565, 22.172667000280093 ], [ 89.240886112643565, 22.179404364910987 ], [ 89.243131900853868, 22.179404364910987 ] ] ] } },
{ "type": "Feature", "properties": { "protected_km2": 0.46196859237915588 }, "geometry": { "type": "Polygon", "coordinates": [ [ [ 89.434023898729265, 22.179404364910987 ], [ 89.434023898729265, 22.177158576700691 ], [ 89.436269686939568, 22.177158576700691 ], [ 89.436269686939568, 22.174912788490388 ], [ 89.440761263360159, 22.174912788490388 ], [ 89.440761263360159, 22.172667000280093 ], [ 89.43851547514987, 22.172667000280093 ], [ 89.43851547514987, 22.170421212069794 ], [ 89.436269686939568, 22.170421212069794 ], [ 89.436269686939568, 22.172667000280093 ], [ 89.434023898729265, 22.172667000280093 ], [ 89.434023898729265, 22.174912788490388 ], [ 89.431778110518962, 22.174912788490388 ], [ 89.431778110518962, 22.177158576700691 ], [ 89.429532322308674, 22.177158576700691 ], [ 89.429532322308674, 22.179404364910987 ], [ 89.434023898729265, 22.179404364910987 ] ] ] } },
{ "type": "Feature", "properties": { "protected_km2": 0.40411708786626238 }, "geometry": { "type": "Polygon", "coordinates": [ [ [ 89.580000132398695, 22.177158576700691 ], [ 89.580000132398695, 22.174912788490388 ], [ 89.582245920608983, 22.174912788490388 ], [ 89.582245920608983, 22.177158576700691 ], [ 89.584491708819286, 22.177158576700691 ], [ 89.584491708819286, 22.172667000280093 ], [ 89.582245920608983, 22.172667000280093 ], [ 89.582245920608983, 22.170421212069794 ], [ 89.577754344188392, 22.170421212069794 ], [ 89.577754344188392, 22.177158576700691 ], [ 89.580000132398695, 22.177158576700691 ] ] ] } },
{ "type": "Feature", "properties": { "protected_km2": 0.46183814078824931 }, "geometry": { "type": "Polygon", "coordinates": [ [ [ 89.595720649870785, 22.177158576700691 ], [ 89.595720649870785, 22.174912788490388 ], [ 89.604703802711981, 22.174912788490388 ], [ 89.604703802711981, 22.170421212069794 ], [ 89.602458014501678, 22.170421212069794 ], [ 89.602458014501678, 22.172667000280093 ], [ 89.600212226291376, 22.172667000280093 ], [ 89.600212226291376, 22.170421212069794 ], [ 89.597966438081087, 22.170421212069794 ], [ 89.597966438081087, 22.172667000280093 ], [ 89.593474861660482, 22.172667000280093 ], [ 89.593474861660482, 22.177158576700691 ], [ 89.595720649870785, 22.177158576700691 ] ] ] } },
{ "type": "Feature", "properties": { "protected_km2": 0.40425309016369626 }, "geometry": { "type": "Polygon", "coordinates": [ [ [ 89.391353922733586, 22.181650153121286 ], [ 89.391353922733586, 22.179404364910987 ], [ 89.393599710943889, 22.179404364910987 ], [ 89.393599710943889, 22.172667000280093 ], [ 89.391353922733586, 22.172667000280093 ], [ 89.391353922733586, 22.170421212069794 ], [ 89.389108134523298, 22.170421212069794 ], [ 89.389108134523298, 22.174912788490388 ], [ 89.391353922733586, 22.174912788490388 ], [ 89.391353922733586, 22.177158576700691 ], [ 89.389108134523298, 22.177158576700691 ], [ 89.389108134523298, 22.181650153121286 ], [ 89.391353922733586, 22.181650153121286 ] ] ] } },
{ "type": "Feature", "properties": { "protected_km2": 0.34640723724496902 }, "geometry": { "type": "Polygon", "coordinates": [ [ [ 89.546313309244212, 22.179404364910987 ], [ 89.546313309244212, 22.177158576700691 ], [ 89.544067521033909, 22.177158576700691 ], [ 89.544067521033909, 22.172667000280093 ], [ 89.541821732823607, 22.172667000280093 ], [ 89.541821732823607, 22.170421212069794 ], [ 89.539575944613318, 22.170421212069794 ], [ 89.539575944613318, 22.174912788490388 ], [ 89.541821732823607, 22.174912788490388 ], [ 89.541821732823607, 22.179404364910987 ], [ 89.546313309244212, 22.179404364910987 ] ] ] } },
{ "type": "Feature", "properties": { "protected_km2": 0.34649383119137656 }, "geometry": { "type": "Polygon", "coordinates": [ [ [ 89.411566016626281, 22.179404364910987 ], [ 89.411566016626281, 22.174912788490388 ], [ 89.413811804836584, 22.174912788490388 ], [ 89.413811804836584, 22.172667000280093 ], [ 89.411566016626281, 22.172667000280093 ], [ 89.411566016626281, 22.170421212069794 ], [ 89.407074440205676, 22.170421212069794 ], [ 89.407074440205676, 22.172667000280093 ], [ 89.409320228415979, 22.172667000280093 ], [ 89.409320228415979, 22.179404364910987 ], [ 89.411566016626281, 22.179404364910987 ] ] ] } },
{ "type": "Feature", "properties": { "protected_km2": 0.4617343891160488 }, "geometry": { "type": "Polygon", "coordinates": [ [ [ 89.72597636606811, 22.177158576700691 ], [ 89.72597636606811, 22.174912788490388 ], [ 89.723730577857808, 22.174912788490388 ], [ 89.723730577857808, 22.170421212069794 ], [ 89.716993213226914, 22.170421212069794 ], [ 89.716993213226914, 22.172667000280093 ], [ 89.719239001437217, 22.172667000280093 ], [ 89.719239001437217, 22.177158576700691 ], [ 89.72597636606811, 22.177158576700691 ] ] ] } },
{ "type": "Feature", "properties": { "protected_km2": 0.46171981678808494 }, "geometry": { "type": "Polygon", "coordinates": [ [ [ 89.750680036381397, 22.174912788490388 ], [ 89.750680036381397, 22.172667000280093 ], [ 89.752925824591699, 22.172667000280093 ], [ 89.752925824591699, 22.170421212069794 ], [ 89.755171612802002, 22.170421212069794 ], [ 89.755171612802002, 22.168175423859495 ], [ 89.750680036381397, 22.168175423859495 ], [ 89.750680036381397, 22.170421212069794 ], [ 89.748434248171094, 22.170421212069794 ], [ 89.748434248171094, 22.168175423859495 ], [ 89.746188459960806, 22.168175423859495 ], [ 89.746188459960806, 22.174912788490388 ], [ 89.750680036381397, 22.174912788490388 ] ] ] } },
{ "type": "Feature", "properties": { "protected_km2": 0.3465839345013354 }, "geometry": { "type": "Polygon", "coordinates": [ [ [ 89.290293453270138, 22.174912788490388 ], [ 89.290293453270138, 22.170421212069794 ], [ 89.28804766505985, 22.170421212069794 ], [ 89.28804766505985, 22.168175423859495 ], [ 89.281310300428956, 22.168175423859495 ], [ 89.281310300428956, 22.170421212069794 ], [ 89.285801876849547, 22.170421212069794 ], [ 89.285801876849547, 22.172667000280093 ], [ 89.28804766505985, 22.172667000280093 ], [ 89.28804766505985, 22.174912788490388 ], [ 89.290293453270138, 22.174912788490388 ] ] ] } },
{ "type": "Feature", "properties": { "protected_km2": 0.28885925257367928 }, "geometry": { "type": "Polygon", "coordinates": [ [ [ 89.225165595171475, 22.172667000280093 ], [ 89.225165595171475, 22.170421212069794 ], [ 89.227411383381778, 22.170421212069794 ], [ 89.227411383381778, 22.168175423859495 ], [ 89.222919806961187, 22.168175423859495 ], [ 89.222919806961187, 22.165929635649196 ], [ 89.220674018750884, 22.165929635649196 ], [ 89.220674018750884, 22.170421212069794 ], [ 89.222919806961187, 22.170421212069794 ], [ 89.222919806961187, 22.172667000280093 ], [ 89.225165595171475, 22.172667000280093 ] ] ] } },
{ "type": "Feature", "properties": { "protected_km2": 0.28862326200309957 }, "geometry": { "type": "Polygon", "coordinates": [ [ [ 89.665340084390039, 22.170421212069794 ], [ 89.665340084390039, 22.168175423859495 ], [ 89.669831660810644, 22.168175423859495 ], [ 89.669831660810644, 22.165929635649196 ], [ 89.66309429617975, 22.165929635649196 ], [ 89.66309429617975, 22.168175423859495 ], [ 89.660848507969447, 22.168175423859495 ], [ 89.660848507969447, 22.170421212069794 ], [ 89.665340084390039, 22.170421212069794 ] ] ] } },
{ "type": "Feature", "properties": { "protected_km2": 0.46222408617854732 }, "geometry": { "type": "Polygon", "coordinates": [ [ [ 89.173512466334614, 22.172667000280093 ], [ 89.173512466334614, 22.170421212069794 ], [ 89.178004042755205, 22.170421212069794 ], [ 89.178004042755205, 22.163683847438897 ], [ 89.175758254544903, 22.163683847438897 ], [ 89.175758254544903, 22.165929635649196 ], [ 89.173512466334614, 22.165929635649196 ], [ 89.173512466334614, 22.168175423859495 ], [ 89.169020889914009, 22.168175423859495 ], [ 89.169020889914009, 22.170421212069794 ], [ 89.171266678124312, 22.170421212069794 ], [ 89.171266678124312, 22.172667000280093 ], [ 89.173512466334614, 22.172667000280093 ] ] ] } },
{ "type": "Feature", "properties": { "protected_km2": 0.5199218513701126 }, "geometry": { "type": "Polygon", "coordinates": [ [ [ 89.254360841905367, 22.172667000280093 ], [ 89.254360841905367, 22.168175423859495 ], [ 89.258852418325958, 22.168175423859495 ], [ 89.258852418325958, 22.165929635649196 ], [ 89.252115053695064, 22.165929635649196 ], [ 89.252115053695064, 22.163683847438897 ], [ 89.249869265484762, 22.163683847438897 ], [ 89.249869265484762, 22.165929635649196 ], [ 89.247623477274473, 22.165929635649196 ], [ 89.247623477274473, 22.168175423859495 ], [ 89.249869265484762, 22.168175423859495 ], [ 89.249869265484762, 22.170421212069794 ], [ 89.252115053695064, 22.170421212069794 ], [ 89.252115053695064, 22.172667000280093 ], [ 89.254360841905367, 22.172667000280093 ] ] ] } },
{ "type": "Feature", "properties": { "protected_km2": 1.2704086459684969 }, "geometry": { "type": "Polygon", "coordinates": [ [ [ 89.449744416201355, 22.165929635649196 ], [ 89.449744416201355, 22.168175423859495 ], [ 89.445252839780764, 22.168175423859495 ], [ 89.445252839780764, 22.170421212069794 ], [ 89.447498627991067, 22.170421212069794 ], [ 89.447498627991067, 22.172667000280093 ], [ 89.45423599262196, 22.172667000280093 ], [ 89.45423599262196, 22.170421212069794 ], [ 89.456481780832263, 22.170421212069794 ], [ 89.456481780832263, 22.172667000280093 ], [ 89.458727569042551, 22.172667000280093 ], [ 89.458727569042551, 22.177158576700691 ], [ 89.460973357252854, 22.177158576700691 ], [ 89.460973357252854, 22.174912788490388 ], [ 89.463219145463157, 22.174912788490388 ], [ 89.463219145463157, 22.172667000280093 ], [ 89.465464933673445, 22.172667000280093 ], [ 89.465464933673445, 22.170421212069794 ], [ 89.458727569042551, 22.170421212069794 ], [ 89.458727569042551, 22.168175423859495 ], [ 89.460973357252854, 22.168175423859495 ], [ 89.460973357252854, 22.165929635649196 ], [ 89.456481780832263, 22.165929635649196 ], [ 89.456481780832263, 22.163683847438897 ], [ 89.451990204411658, 22.163683847438897 ], [ 89.451990204411658, 22.165929635649196 ], [ 89.449744416201355, 22.165929635649196 ] ], [ [ 89.45423599262196, 22.165929635649196 ], [ 89.45423599262196, 22.168175423859495 ], [ 89.451990204411658, 22.168175423859495 ], [ 89.451990204411658, 22.165929635649196 ], [ 89.45423599262196, 22.165929635649196 ] ] ] } },
{ "type": "Feature", "properties": { "protected_km2": 0.69301219549141713 }, "geometry": { "type": "Polygon", "coordinates": [ [ [ 89.418303381257175, 22.174912788490388 ], [ 89.418303381257175, 22.172667000280093 ], [ 89.420549169467478, 22.172667000280093 ], [ 89.420549169467478, 22.170421212069794 ], [ 89.416057593046872, 22.170421212069794 ], [ 89.416057593046872, 22.168175423859495 ], [ 89.413811804836584, 22.168175423859495 ], [ 89.413811804836584, 22.165929635649196 ], [ 89.416057593046872, 22.165929635649196 ], [ 89.416057593046872, 22.163683847438897 ], [ 89.411566016626281, 22.163683847438897 ], [ 89.411566016626281, 22.161438059228598 ], [ 89.409320228415979, 22.161438059228598 ], [ 89.409320228415979, 22.168175423859495 ], [ 89.411566016626281, 22.168175423859495 ], [ 89.411566016626281, 22.170421212069794 ], [ 89.413811804836584, 22.170421212069794 ], [ 89.413811804836584, 22.172667000280093 ], [ 89.416057593046872, 22.172667000280093 ], [ 89.416057593046872, 22.174912788490388 ], [ 89.418303381257175, 22.174912788490388 ] ] ] } },
{ "type": "Feature", "properties": { "protected_km2": 0.34653528144816659 }, "geometry": { "type": "Polygon", "coordinates": [ [ [ 89.395845499154191, 22.165929635649196 ], [ 89.395845499154191, 22.161438059228598 ], [ 89.393599710943889, 22.161438059228598 ], [ 89.393599710943889, 22.163683847438897 ], [ 89.391353922733586, 22.163683847438897 ], [ 89.391353922733586, 22.161438059228598 ], [ 89.389108134523298, 22.161438059228598 ], [ 89.389108134523298, 22.163683847438897 ], [ 89.386862346312995, 22.163683847438897 ], [ 89.386862346312995, 22.165929635649196 ], [ 89.395845499154191, 22.165929635649196 ] ] ] } },
{ "type": "Feature", "properties": { "protected_km2": 0.51947186802702561 }, "geometry": { "type": "Polygon", "coordinates": [ [ [ 89.737205307119609, 22.161438059228598 ], [ 89.730467942488715, 22.161438059228598 ], [ 89.730467942488715, 22.165929635649196 ], [ 89.732713730699004, 22.165929635649196 ], [ 89.732713730699004, 22.168175423859495 ], [ 89.739451095329912, 22.168175423859495 ], [ 89.739451095329912, 22.163683847438897 ], [ 89.737205307119609, 22.163683847438897 ], [ 89.737205307119609, 22.161438059228598 ] ], [ [ 89.737205307119609, 22.165929635649196 ], [ 89.734959518909307, 22.165929635649196 ], [ 89.734959518909307, 22.163683847438897 ], [ 89.737205307119609, 22.163683847438897 ], [ 89.737205307119609, 22.165929635649196 ] ] ] } },
{ "type": "Feature", "properties": { "protected_km2": 0.40423905427098705 }, "geometry": { "type": "Polygon", "coordinates": [ [ [ 89.463219145463157, 22.165929635649196 ], [ 89.463219145463157, 22.163683847438897 ], [ 89.465464933673445, 22.163683847438897 ], [ 89.465464933673445, 22.159192271018298 ], [ 89.463219145463157, 22.159192271018298 ], [ 89.463219145463157, 22.161438059228598 ], [ 89.460973357252854, 22.161438059228598 ], [ 89.460973357252854, 22.159192271018298 ], [ 89.458727569042551, 22.159192271018298 ], [ 89.458727569042551, 22.161438059228598 ], [ 89.456481780832263, 22.161438059228598 ], [ 89.456481780832263, 22.163683847438897 ], [ 89.460973357252854, 22.163683847438897 ], [ 89.460973357252854, 22.165929635649196 ], [ 89.463219145463157, 22.165929635649196 ] ] ] } },
{ "type": "Feature", "properties": { "protected_km2": 0.63515874067083089 }, "geometry": { "type": "Polygon", "coordinates": [ [ [ 89.523855427141214, 22.168175423859495 ], [ 89.523855427141214, 22.163683847438897 ], [ 89.526101215351517, 22.163683847438897 ], [ 89.526101215351517, 22.161438059228598 ], [ 89.528347003561819, 22.161438059228598 ], [ 89.528347003561819, 22.159192271018298 ], [ 89.523855427141214, 22.159192271018298 ], [ 89.523855427141214, 22.161438059228598 ], [ 89.521609638930926, 22.161438059228598 ], [ 89.521609638930926, 22.159192271018298 ], [ 89.51711806251032, 22.159192271018298 ], [ 89.51711806251032, 22.163683847438897 ], [ 89.519363850720623, 22.163683847438897 ], [ 89.519363850720623, 22.165929635649196 ], [ 89.521609638930926, 22.165929635649196 ], [ 89.521609638930926, 22.168175423859495 ], [ 89.523855427141214, 22.168175423859495 ] ] ] } },
{ "type": "Feature", "properties": { "protected_km2": 0.40395061156382045 }, "geometry": { "type": "Polygon", "coordinates": [ [ [ 89.869706811527237, 22.165929635649196 ], [ 89.869706811527237, 22.161438059228598 ], [ 89.865215235106632, 22.161438059228598 ], [ 89.865215235106632, 22.159192271018298 ], [ 89.862969446896344, 22.159192271018298 ], [ 89.862969446896344, 22.161438059228598 ], [ 89.860723658686041, 22.161438059228598 ], [ 89.860723658686041, 22.163683847438897 ], [ 89.865215235106632, 22.163683847438897 ], [ 89.865215235106632, 22.165929635649196 ], [ 89.869706811527237, 22.165929635649196 ] ] ] } },
{ "type": "Feature", "properties": { "protected_km2": 0.3464379937257579 }, "geometry": { "type": "Polygon", "coordinates": [ [ [ 89.550804885664803, 22.163683847438897 ], [ 89.550804885664803, 22.161438059228598 ], [ 89.553050673875106, 22.161438059228598 ], [ 89.553050673875106, 22.159192271018298 ], [ 89.555296462085408, 22.159192271018298 ], [ 89.555296462085408, 22.156946482807999 ], [ 89.550804885664803, 22.156946482807999 ], [ 89.550804885664803, 22.159192271018298 ], [ 89.5485590974545, 22.159192271018298 ], [ 89.5485590974545, 22.161438059228598 ], [ 89.546313309244212, 22.161438059228598 ], [ 89.546313309244212, 22.163683847438897 ], [ 89.550804885664803, 22.163683847438897 ] ] ] } },
{ "type": "Feature", "properties": { "protected_km2": 0.69306444093733688 }, "geometry": { "type": "Polygon", "coordinates": [ [ [ 89.409320228415979, 22.168175423859495 ], [ 89.409320228415979, 22.161438059228598 ], [ 89.407074440205676, 22.161438059228598 ], [ 89.407074440205676, 22.156946482807999 ], [ 89.402582863785085, 22.156946482807999 ], [ 89.402582863785085, 22.159192271018298 ], [ 89.393599710943889, 22.159192271018298 ], [ 89.393599710943889, 22.161438059228598 ], [ 89.404828651995388, 22.161438059228598 ], [ 89.404828651995388, 22.163683847438897 ], [ 89.407074440205676, 22.163683847438897 ], [ 89.407074440205676, 22.168175423859495 ], [ 89.409320228415979, 22.168175423859495 ] ] ] } },
{ "type": "Feature", "properties": { "protected_km2": 0.75047600507224799 }, "geometry": { "type": "Polygon", "coordinates": [ [ [ 89.660848507969447, 22.163683847438897 ], [ 89.660848507969447, 22.161438059228598 ], [ 89.672077449020946, 22.161438059228598 ], [ 89.672077449020946, 22.159192271018298 ], [ 89.665340084390039, 22.159192271018298 ], [ 89.665340084390039, 22.156946482807999 ], [ 89.667585872600341, 22.156946482807999 ], [ 89.667585872600341, 22.1547006945977 ], [ 89.660848507969447, 22.1547006945977 ], [ 89.660848507969447, 22.156946482807999 ], [ 89.658602719759145, 22.156946482807999 ], [ 89.658602719759145, 22.163683847438897 ], [ 89.660848507969447, 22.163683847438897 ] ] ] } },
{ "type": "Feature", "properties": { "protected_km2": 0.28880232274376039 }, "geometry": { "type": "Polygon", "coordinates": [ [ [ 89.3666502524203, 22.161438059228598 ], [ 89.3666502524203, 22.159192271018298 ], [ 89.368896040630602, 22.159192271018298 ], [ 89.368896040630602, 22.1547006945977 ], [ 89.364404464210011, 22.1547006945977 ], [ 89.364404464210011, 22.161438059228598 ], [ 89.3666502524203, 22.161438059228598 ] ] ] } },
{ "type": "Feature", "properties": { "protected_km2": 0.28892963737433836 }, "geometry": { "type": "Polygon", "coordinates": [ [ [ 89.151054584231616, 22.159192271018298 ], [ 89.151054584231616, 22.156946482807999 ], [ 89.148808796021314, 22.156946482807999 ], [ 89.148808796021314, 22.1547006945977 ], [ 89.144317219600723, 22.1547006945977 ], [ 89.144317219600723, 22.159192271018298 ], [ 89.151054584231616, 22.159192271018298 ] ] ] } },
{ "type": "Feature", "properties": { "protected_km2": 0.28886498702754088 }, "geometry": { "type": "Polygon", "coordinates": [ [ [ 89.267835571167154, 22.156946482807999 ], [ 89.267835571167154, 22.152454906387401 ], [ 89.261098206536261, 22.152454906387401 ], [ 89.261098206536261, 22.1547006945977 ], [ 89.263343994746563, 22.1547006945977 ], [ 89.263343994746563, 22.156946482807999 ], [ 89.267835571167154, 22.156946482807999 ] ] ] } },
{ "type": "Feature", "properties": { "protected_km2": 0.34646449986300187 }, "geometry": { "type": "Polygon", "coordinates": [ [ [ 89.526101215351517, 22.156946482807999 ], [ 89.526101215351517, 22.1547006945977 ], [ 89.528347003561819, 22.1547006945977 ], [ 89.528347003561819, 22.152454906387401 ], [ 89.51711806251032, 22.152454906387401 ], [ 89.51711806251032, 22.1547006945977 ], [ 89.523855427141214, 22.1547006945977 ], [ 89.523855427141214, 22.156946482807999 ], [ 89.526101215351517, 22.156946482807999 ] ] ] } },
{ "type": "Feature", "properties": { "protected_km2": 0.57783622997374051 }, "geometry": { "type": "Polygon", "coordinates": [ [ [ 89.164529313493418, 22.161438059228598 ], [ 89.164529313493418, 22.159192271018298 ], [ 89.169020889914009, 22.159192271018298 ], [ 89.169020889914009, 22.1547006945977 ], [ 89.171266678124312, 22.1547006945977 ], [ 89.171266678124312, 22.152454906387401 ], [ 89.169020889914009, 22.152454906387401 ], [ 89.169020889914009, 22.150209118177102 ], [ 89.166775101703706, 22.150209118177102 ], [ 89.166775101703706, 22.156946482807999 ], [ 89.160037737072813, 22.156946482807999 ], [ 89.160037737072813, 22.161438059228598 ], [ 89.164529313493418, 22.161438059228598 ] ] ] } },
{ "type": "Feature", "properties": { "protected_km2": 0.57758489351471176 }, "geometry": { "type": "Polygon", "coordinates": [ [ [ 89.398091287364494, 22.159192271018298 ], [ 89.398091287364494, 22.1547006945977 ], [ 89.404828651995388, 22.1547006945977 ], [ 89.404828651995388, 22.152454906387401 ], [ 89.400337075574782, 22.152454906387401 ], [ 89.400337075574782, 22.150209118177102 ], [ 89.395845499154191, 22.150209118177102 ], [ 89.395845499154191, 22.1547006945977 ], [ 89.393599710943889, 22.1547006945977 ], [ 89.393599710943889, 22.159192271018298 ], [ 89.398091287364494, 22.159192271018298 ] ] ] } },
{ "type": "Feature", "properties": { "protected_km2": 0.28882562251409671 }, "geometry": { "type": "Polygon", "coordinates": [ [ [ 89.348683946737907, 22.1547006945977 ], [ 89.348683946737907, 22.150209118177102 ], [ 89.344192370317316, 22.150209118177102 ], [ 89.344192370317316, 22.152454906387401 ], [ 89.341946582107013, 22.152454906387401 ], [ 89.341946582107013, 22.1547006945977 ], [ 89.348683946737907, 22.1547006945977 ] ] ] } },
{ "type": "Feature", "properties": { "protected_km2": 0.28862368849880526 }, "geometry": { "type": "Polygon", "coordinates": [ [ [ 89.732713730699004, 22.1547006945977 ], [ 89.732713730699004, 22.150209118177102 ], [ 89.728222154278413, 22.150209118177102 ], [ 89.728222154278413, 22.152454906387401 ], [ 89.72597636606811, 22.152454906387401 ], [ 89.72597636606811, 22.1547006945977 ], [ 89.732713730699004, 22.1547006945977 ] ] ] } },
{ "type": "Feature", "properties": { "protected_km2": 0.34671145421085736 }, "geometry": { "type": "Polygon", "coordinates": [ [ [ 89.175758254544903, 22.1547006945977 ], [ 89.175758254544903, 22.147963329966807 ], [ 89.171266678124312, 22.147963329966807 ], [ 89.171266678124312, 22.150209118177102 ], [ 89.169020889914009, 22.150209118177102 ], [ 89.169020889914009, 22.152454906387401 ], [ 89.173512466334614, 22.152454906387401 ], [ 89.173512466334614, 22.1547006945977 ], [ 89.175758254544903, 22.1547006945977 ] ] ] } },
{ "type": "Feature", "properties": { "protected_km2": 0.28868093111109089 }, "geometry": { "type": "Polygon", "coordinates": [ [ [ 89.622670108394374, 22.1547006945977 ], [ 89.622670108394374, 22.150209118177102 ], [ 89.618178531973768, 22.150209118177102 ], [ 89.618178531973768, 22.147963329966807 ], [ 89.615932743763466, 22.147963329966807 ], [ 89.615932743763466, 22.152454906387401 ], [ 89.620424320184071, 22.152454906387401 ], [ 89.620424320184071, 22.1547006945977 ], [ 89.622670108394374, 22.1547006945977 ] ] ] } },
{ "type": "Feature", "properties": { "protected_km2": 0.80860391332350112 }, "geometry": { "type": "Polygon", "coordinates": [ [ [ 89.420549169467478, 22.1547006945977 ], [ 89.420549169467478, 22.152454906387401 ], [ 89.42279495767778, 22.152454906387401 ], [ 89.42279495767778, 22.1547006945977 ], [ 89.427286534098371, 22.1547006945977 ], [ 89.427286534098371, 22.152454906387401 ], [ 89.425040745888069, 22.152454906387401 ], [ 89.425040745888069, 22.147963329966807 ], [ 89.42279495767778, 22.147963329966807 ], [ 89.42279495767778, 22.145717541756504 ], [ 89.418303381257175, 22.145717541756504 ], [ 89.418303381257175, 22.150209118177102 ], [ 89.416057593046872, 22.150209118177102 ], [ 89.416057593046872, 22.152454906387401 ], [ 89.413811804836584, 22.152454906387401 ], [ 89.413811804836584, 22.1547006945977 ], [ 89.420549169467478, 22.1547006945977 ] ] ] } },
{ "type": "Feature", "properties": { "protected_km2": 0.3465431448768167 }, "geometry": { "type": "Polygon", "coordinates": [ [ [ 89.429532322308674, 22.152454906387401 ], [ 89.429532322308674, 22.150209118177102 ], [ 89.434023898729265, 22.150209118177102 ], [ 89.434023898729265, 22.147963329966807 ], [ 89.431778110518962, 22.147963329966807 ], [ 89.431778110518962, 22.145717541756504 ], [ 89.427286534098371, 22.145717541756504 ], [ 89.427286534098371, 22.152454906387401 ], [ 89.429532322308674, 22.152454906387401 ] ] ] } },
{ "type": "Feature", "properties": { "protected_km2": 0.80822704215506569 }, "geometry": { "type": "Polygon", "coordinates": [ [ [ 89.672077449020946, 22.159192271018298 ], [ 89.672077449020946, 22.156946482807999 ], [ 89.674323237231235, 22.156946482807999 ], [ 89.674323237231235, 22.1547006945977 ], [ 89.669831660810644, 22.1547006945977 ], [ 89.669831660810644, 22.150209118177102 ], [ 89.672077449020946, 22.150209118177102 ], [ 89.672077449020946, 22.147963329966807 ], [ 89.674323237231235, 22.147963329966807 ], [ 89.674323237231235, 22.145717541756504 ], [ 89.667585872600341, 22.145717541756504 ], [ 89.667585872600341, 22.150209118177102 ], [ 89.665340084390039, 22.150209118177102 ], [ 89.665340084390039, 22.152454906387401 ], [ 89.667585872600341, 22.152454906387401 ], [ 89.667585872600341, 22.156946482807999 ], [ 89.665340084390039, 22.156946482807999 ], [ 89.665340084390039, 22.159192271018298 ], [ 89.672077449020946, 22.159192271018298 ] ] ] } },
{ "type": "Feature", "properties": { "protected_km2": 0.40411544489145779 }, "geometry": { "type": "Polygon", "coordinates": [ [ [ 89.681060601862143, 22.1547006945977 ], [ 89.681060601862143, 22.150209118177102 ], [ 89.67881481365184, 22.150209118177102 ], [ 89.67881481365184, 22.147963329966807 ], [ 89.681060601862143, 22.147963329966807 ], [ 89.681060601862143, 22.145717541756504 ], [ 89.676569025441538, 22.145717541756504 ], [ 89.676569025441538, 22.147963329966807 ], [ 89.674323237231235, 22.147963329966807 ], [ 89.674323237231235, 22.150209118177102 ], [ 89.676569025441538, 22.150209118177102 ], [ 89.676569025441538, 22.152454906387401 ], [ 89.67881481365184, 22.152454906387401 ], [ 89.67881481365184, 22.1547006945977 ], [ 89.681060601862143, 22.1547006945977 ] ] ] } },
{ "type": "Feature", "properties": { "protected_km2": 0.28885473151415075 }, "geometry": { "type": "Polygon", "coordinates": [ [ [ 89.310505547162833, 22.150209118177102 ], [ 89.310505547162833, 22.145717541756504 ], [ 89.301522394321637, 22.145717541756504 ], [ 89.301522394321637, 22.147963329966807 ], [ 89.308259758952531, 22.147963329966807 ], [ 89.308259758952531, 22.150209118177102 ], [ 89.310505547162833, 22.150209118177102 ] ] ] } },
{ "type": "Feature", "properties": { "protected_km2": 0.40414977383221268 }, "geometry": { "type": "Polygon", "coordinates": [ [ [ 89.642882202287055, 22.150209118177102 ], [ 89.642882202287055, 22.145717541756504 ], [ 89.64737377870766, 22.145717541756504 ], [ 89.64737377870766, 22.143471753546208 ], [ 89.640636414076752, 22.143471753546208 ], [ 89.640636414076752, 22.145717541756504 ], [ 89.638390625866464, 22.145717541756504 ], [ 89.638390625866464, 22.150209118177102 ], [ 89.642882202287055, 22.150209118177102 ] ] ] } },
{ "type": "Feature", "properties": { "protected_km2": 0.69307240485956112 }, "geometry": { "type": "Polygon", "coordinates": [ [ [ 89.431778110518962, 22.156946482807999 ], [ 89.431778110518962, 22.1547006945977 ], [ 89.434023898729265, 22.1547006945977 ], [ 89.434023898729265, 22.152454906387401 ], [ 89.43851547514987, 22.152454906387401 ], [ 89.43851547514987, 22.150209118177102 ], [ 89.436269686939568, 22.150209118177102 ], [ 89.436269686939568, 22.145717541756504 ], [ 89.434023898729265, 22.145717541756504 ], [ 89.434023898729265, 22.143471753546208 ], [ 89.431778110518962, 22.143471753546208 ], [ 89.431778110518962, 22.147963329966807 ], [ 89.434023898729265, 22.147963329966807 ], [ 89.434023898729265, 22.150209118177102 ], [ 89.429532322308674, 22.150209118177102 ], [ 89.429532322308674, 22.1547006945977 ], [ 89.427286534098371, 22.1547006945977 ], [ 89.427286534098371, 22.156946482807999 ], [ 89.431778110518962, 22.156946482807999 ] ] ] } },
{ "type": "Feature", "properties": { "protected_km2": 0.34653658395185244 }, "geometry": { "type": "Polygon", "coordinates": [ [ [ 89.449744416201355, 22.150209118177102 ], [ 89.449744416201355, 22.145717541756504 ], [ 89.447498627991067, 22.145717541756504 ], [ 89.447498627991067, 22.143471753546208 ], [ 89.445252839780764, 22.143471753546208 ], [ 89.445252839780764, 22.145717541756504 ], [ 89.443007051570461, 22.145717541756504 ], [ 89.443007051570461, 22.147963329966807 ], [ 89.445252839780764, 22.147963329966807 ], [ 89.445252839780764, 22.150209118177102 ], [ 89.449744416201355, 22.150209118177102 ] ] ] } },
{ "type": "Feature", "properties": { "protected_km2": 0.28896408723661748 }, "geometry": { "type": "Polygon", "coordinates": [ [ [ 89.124105125708027, 22.150209118177102 ], [ 89.124105125708027, 22.147963329966807 ], [ 89.12635091391833, 22.147963329966807 ], [ 89.12635091391833, 22.145717541756504 ], [ 89.124105125708027, 22.145717541756504 ], [ 89.124105125708027, 22.143471753546208 ], [ 89.119613549287436, 22.143471753546208 ], [ 89.119613549287436, 22.145717541756504 ], [ 89.121859337497739, 22.145717541756504 ], [ 89.121859337497739, 22.150209118177102 ], [ 89.124105125708027, 22.150209118177102 ] ] ] } },
{ "type": "Feature", "properties": { "protected_km2": 0.28886319054255982 }, "geometry": { "type": "Polygon", "coordinates": [ [ [ 89.299276606111334, 22.150209118177102 ], [ 89.299276606111334, 22.147963329966807 ], [ 89.301522394321637, 22.147963329966807 ], [ 89.301522394321637, 22.145717541756504 ], [ 89.299276606111334, 22.145717541756504 ], [ 89.299276606111334, 22.143471753546208 ], [ 89.294785029690743, 22.143471753546208 ], [ 89.294785029690743, 22.145717541756504 ], [ 89.297030817901046, 22.145717541756504 ], [ 89.297030817901046, 22.150209118177102 ], [ 89.299276606111334, 22.150209118177102 ] ] ] } },
{ "type": "Feature", "properties": { "protected_km2": 0.28894488635427307 }, "geometry": { "type": "Polygon", "coordinates": [ [ [ 89.164529313493418, 22.147963329966807 ], [ 89.164529313493418, 22.141225965335909 ], [ 89.162283525283115, 22.141225965335909 ], [ 89.162283525283115, 22.145717541756504 ], [ 89.15779194886251, 22.145717541756504 ], [ 89.15779194886251, 22.147963329966807 ], [ 89.164529313493418, 22.147963329966807 ] ] ] } },
{ "type": "Feature", "properties": { "protected_km2": 0.34672278623470271 }, "geometry": { "type": "Polygon", "coordinates": [ [ [ 89.186987195596402, 22.145717541756504 ], [ 89.186987195596402, 22.143471753546208 ], [ 89.184741407386099, 22.143471753546208 ], [ 89.184741407386099, 22.141225965335909 ], [ 89.178004042755205, 22.141225965335909 ], [ 89.178004042755205, 22.143471753546208 ], [ 89.180249830965508, 22.143471753546208 ], [ 89.180249830965508, 22.145717541756504 ], [ 89.186987195596402, 22.145717541756504 ] ] ] } },
{ "type": "Feature", "properties": { "protected_km2": 0.28872610796937376 }, "geometry": { "type": "Polygon", "coordinates": [ [ [ 89.564279614926605, 22.145717541756504 ], [ 89.564279614926605, 22.141225965335909 ], [ 89.557542250295697, 22.141225965335909 ], [ 89.557542250295697, 22.143471753546208 ], [ 89.559788038505999, 22.143471753546208 ], [ 89.559788038505999, 22.145717541756504 ], [ 89.564279614926605, 22.145717541756504 ] ] ] } },
{ "type": "Feature", "properties": { "protected_km2": 0.40435817442267741 }, "geometry": { "type": "Polygon", "coordinates": [ [ [ 89.373387617051208, 22.147963329966807 ], [ 89.373387617051208, 22.145717541756504 ], [ 89.375633405261496, 22.145717541756504 ], [ 89.375633405261496, 22.141225965335909 ], [ 89.373387617051208, 22.141225965335909 ], [ 89.373387617051208, 22.13898017712561 ], [ 89.371141828840905, 22.13898017712561 ], [ 89.371141828840905, 22.145717541756504 ], [ 89.368896040630602, 22.145717541756504 ], [ 89.368896040630602, 22.147963329966807 ], [ 89.373387617051208, 22.147963329966807 ] ] ] } },
{ "type": "Feature", "properties": { "protected_km2": 0.63518524317668024 }, "geometry": { "type": "Polygon", "coordinates": [ [ [ 89.566525403136893, 22.152454906387401 ], [ 89.566525403136893, 22.145717541756504 ], [ 89.568771191347196, 22.145717541756504 ], [ 89.568771191347196, 22.141225965335909 ], [ 89.571016979557498, 22.141225965335909 ], [ 89.571016979557498, 22.13898017712561 ], [ 89.566525403136893, 22.13898017712561 ], [ 89.566525403136893, 22.141225965335909 ], [ 89.564279614926605, 22.141225965335909 ], [ 89.564279614926605, 22.145717541756504 ], [ 89.562033826716302, 22.145717541756504 ], [ 89.562033826716302, 22.147963329966807 ], [ 89.564279614926605, 22.147963329966807 ], [ 89.564279614926605, 22.150209118177102 ], [ 89.562033826716302, 22.150209118177102 ], [ 89.562033826716302, 22.152454906387401 ], [ 89.566525403136893, 22.152454906387401 ] ] ] } },
{ "type": "Feature", "properties": { "protected_km2": 0.28893909417561392 }, "geometry": { "type": "Polygon", "coordinates": [ [ [ 89.178004042755205, 22.147963329966807 ], [ 89.178004042755205, 22.143471753546208 ], [ 89.175758254544903, 22.143471753546208 ], [ 89.175758254544903, 22.13898017712561 ], [ 89.173512466334614, 22.13898017712561 ], [ 89.173512466334614, 22.145717541756504 ], [ 89.175758254544903, 22.145717541756504 ], [ 89.175758254544903, 22.147963329966807 ], [ 89.178004042755205, 22.147963329966807 ] ] ] } },
{ "type": "Feature", "properties": { "protected_km2": 0.40403144052860784 }, "geometry": { "type": "Polygon", "coordinates": [ [ [ 89.836019988372755, 22.145717541756504 ], [ 89.836019988372755, 22.143471753546208 ], [ 89.831528411952164, 22.143471753546208 ], [ 89.831528411952164, 22.141225965335909 ], [ 89.827036835531558, 22.141225965335909 ], [ 89.827036835531558, 22.13898017712561 ], [ 89.824791047321256, 22.13898017712561 ], [ 89.824791047321256, 22.143471753546208 ], [ 89.829282623741861, 22.143471753546208 ], [ 89.829282623741861, 22.145717541756504 ], [ 89.836019988372755, 22.145717541756504 ] ] ] } },
{ "type": "Feature", "properties": { "protected_km2": 0.28867748841141444 }, "geometry": { "type": "Polygon", "coordinates": [ [ [ 89.66309429617975, 22.145717541756504 ], [ 89.66309429617975, 22.141225965335909 ], [ 89.665340084390039, 22.141225965335909 ], [ 89.665340084390039, 22.13898017712561 ], [ 89.658602719759145, 22.13898017712561 ], [ 89.658602719759145, 22.141225965335909 ], [ 89.660848507969447, 22.141225965335909 ], [ 89.660848507969447, 22.145717541756504 ], [ 89.66309429617975, 22.145717541756504 ] ] ] } },
{ "type": "Feature", "properties": { "protected_km2": 0.57760909138977923 }, "geometry": { "type": "Polygon", "coordinates": [ [ [ 89.425040745888069, 22.145717541756504 ], [ 89.425040745888069, 22.143471753546208 ], [ 89.427286534098371, 22.143471753546208 ], [ 89.427286534098371, 22.136734388915311 ], [ 89.42279495767778, 22.136734388915311 ], [ 89.42279495767778, 22.13898017712561 ], [ 89.420549169467478, 22.13898017712561 ], [ 89.420549169467478, 22.145717541756504 ], [ 89.425040745888069, 22.145717541756504 ] ] ] } },
{ "type": "Feature", "properties": { "protected_km2": 0.4623746484714904 }, "geometry": { "type": "Polygon", "coordinates": [ [ [ 89.108384608235937, 22.145717541756504 ], [ 89.108384608235937, 22.141225965335909 ], [ 89.101647243605044, 22.141225965335909 ], [ 89.101647243605044, 22.136734388915311 ], [ 89.099401455394741, 22.136734388915311 ], [ 89.099401455394741, 22.143471753546208 ], [ 89.103893031815346, 22.143471753546208 ], [ 89.103893031815346, 22.145717541756504 ], [ 89.108384608235937, 22.145717541756504 ] ] ] } },
{ "type": "Feature", "properties": { "protected_km2": 0.3466152595222553 }, "geometry": { "type": "Polygon", "coordinates": [ [ [ 89.353175523158512, 22.143471753546208 ], [ 89.353175523158512, 22.141225965335909 ], [ 89.355421311368815, 22.141225965335909 ], [ 89.355421311368815, 22.136734388915311 ], [ 89.35092973494821, 22.136734388915311 ], [ 89.35092973494821, 22.141225965335909 ], [ 89.348683946737907, 22.141225965335909 ], [ 89.348683946737907, 22.143471753546208 ], [ 89.353175523158512, 22.143471753546208 ] ] ] } },
{ "type": "Feature", "properties": { "protected_km2": 0.3464316636660853 }, "geometry": { "type": "Polygon", "coordinates": [ [ [ 89.651865355128251, 22.141225965335909 ], [ 89.651865355128251, 22.136734388915311 ], [ 89.64737377870766, 22.136734388915311 ], [ 89.64737377870766, 22.13898017712561 ], [ 89.642882202287055, 22.13898017712561 ], [ 89.642882202287055, 22.141225965335909 ], [ 89.651865355128251, 22.141225965335909 ] ] ] } },
{ "type": "Feature", "properties": { "protected_km2": 0.34648695135370394 }, "geometry": { "type": "Polygon", "coordinates": [ [ [ 89.550804885664803, 22.141225965335909 ], [ 89.550804885664803, 22.13898017712561 ], [ 89.553050673875106, 22.13898017712561 ], [ 89.553050673875106, 22.136734388915311 ], [ 89.541821732823607, 22.136734388915311 ], [ 89.541821732823607, 22.13898017712561 ], [ 89.5485590974545, 22.13898017712561 ], [ 89.5485590974545, 22.141225965335909 ], [ 89.550804885664803, 22.141225965335909 ] ] ] } },
{ "type": "Feature", "properties": { "protected_km2": 0.34643209422727722 }, "geometry": { "type": "Polygon", "coordinates": [ [ [ 89.640636414076752, 22.143471753546208 ], [ 89.640636414076752, 22.141225965335909 ], [ 89.642882202287055, 22.141225965335909 ], [ 89.642882202287055, 22.13898017712561 ], [ 89.640636414076752, 22.13898017712561 ], [ 89.640636414076752, 22.136734388915311 ], [ 89.636144837656161, 22.136734388915311 ], [ 89.636144837656161, 22.13898017712561 ], [ 89.638390625866464, 22.13898017712561 ], [ 89.638390625866464, 22.141225965335909 ], [ 89.636144837656161, 22.141225965335909 ], [ 89.636144837656161, 22.143471753546208 ], [ 89.640636414076752, 22.143471753546208 ] ] ] } },
{ "type": "Feature", "properties": { "protected_km2": 0.40419155521746619 }, "geometry": { "type": "Polygon", "coordinates": [ [ [ 89.622670108394374, 22.141225965335909 ], [ 89.622670108394374, 22.13898017712561 ], [ 89.620424320184071, 22.13898017712561 ], [ 89.620424320184071, 22.136734388915311 ], [ 89.622670108394374, 22.136734388915311 ], [ 89.622670108394374, 22.134488600705012 ], [ 89.618178531973768, 22.134488600705012 ], [ 89.618178531973768, 22.136734388915311 ], [ 89.615932743763466, 22.136734388915311 ], [ 89.615932743763466, 22.141225965335909 ], [ 89.622670108394374, 22.141225965335909 ] ] ] } },
{ "type": "Feature", "properties": { "protected_km2": 0.34675003053942349 }, "geometry": { "type": "Polygon", "coordinates": [ [ [ 89.166775101703706, 22.141225965335909 ], [ 89.166775101703706, 22.134488600705012 ], [ 89.164529313493418, 22.134488600705012 ], [ 89.164529313493418, 22.136734388915311 ], [ 89.15779194886251, 22.136734388915311 ], [ 89.15779194886251, 22.13898017712561 ], [ 89.164529313493418, 22.13898017712561 ], [ 89.164529313493418, 22.141225965335909 ], [ 89.166775101703706, 22.141225965335909 ] ] ] } },
{ "type": "Feature", "properties": { "protected_km2": 0.40442984148610267 }, "geometry": { "type": "Polygon", "coordinates": [ [ [ 89.308259758952531, 22.143471753546208 ], [ 89.308259758952531, 22.134488600705012 ], [ 89.306013970742242, 22.134488600705012 ], [ 89.306013970742242, 22.132242812494713 ], [ 89.30376818253194, 22.132242812494713 ], [ 89.30376818253194, 22.134488600705012 ], [ 89.301522394321637, 22.134488600705012 ], [ 89.301522394321637, 22.136734388915311 ], [ 89.306013970742242, 22.136734388915311 ], [ 89.306013970742242, 22.143471753546208 ], [ 89.308259758952531, 22.143471753546208 ] ] ] } },
{ "type": "Feature", "properties": { "protected_km2": 0.40424388160846264 }, "geometry": { "type": "Polygon", "coordinates": [ [ [ 89.571016979557498, 22.136734388915311 ], [ 89.571016979557498, 22.132242812494713 ], [ 89.566525403136893, 22.132242812494713 ], [ 89.566525403136893, 22.134488600705012 ], [ 89.559788038505999, 22.134488600705012 ], [ 89.559788038505999, 22.136734388915311 ], [ 89.571016979557498, 22.136734388915311 ] ] ] } },
{ "type": "Feature", "properties": { "protected_km2": 0.40458115837391329 }, "geometry": { "type": "Polygon", "coordinates": [ [ [ 89.117367761077134, 22.136734388915311 ], [ 89.117367761077134, 22.134488600705012 ], [ 89.119613549287436, 22.134488600705012 ], [ 89.119613549287436, 22.136734388915311 ], [ 89.121859337497739, 22.136734388915311 ], [ 89.121859337497739, 22.134488600705012 ], [ 89.124105125708027, 22.134488600705012 ], [ 89.124105125708027, 22.132242812494713 ], [ 89.112876184656542, 22.132242812494713 ], [ 89.112876184656542, 22.134488600705012 ], [ 89.115121972866845, 22.134488600705012 ], [ 89.115121972866845, 22.136734388915311 ], [ 89.117367761077134, 22.136734388915311 ] ] ] } },
{ "type": "Feature", "properties": { "protected_km2": 0.28896701114279061 }, "geometry": { "type": "Polygon", "coordinates": [ [ [ 89.15779194886251, 22.13898017712561 ], [ 89.15779194886251, 22.136734388915311 ], [ 89.160037737072813, 22.136734388915311 ], [ 89.160037737072813, 22.134488600705012 ], [ 89.15779194886251, 22.134488600705012 ], [ 89.15779194886251, 22.132242812494713 ], [ 89.153300372441919, 22.132242812494713 ], [ 89.153300372441919, 22.134488600705012 ], [ 89.155546160652221, 22.134488600705012 ], [ 89.155546160652221, 22.13898017712561 ], [ 89.15779194886251, 22.13898017712561 ] ] ] } },
{ "type": "Feature", "properties": { "protected_km2": 0.75106993079148965 }, "geometry": { "type": "Polygon", "coordinates": [ [ [ 89.310505547162833, 22.143471753546208 ], [ 89.310505547162833, 22.136734388915311 ], [ 89.312751335373136, 22.136734388915311 ], [ 89.312751335373136, 22.13898017712561 ], [ 89.314997123583439, 22.13898017712561 ], [ 89.314997123583439, 22.143471753546208 ], [ 89.317242911793727, 22.143471753546208 ], [ 89.317242911793727, 22.134488600705012 ], [ 89.310505547162833, 22.134488600705012 ], [ 89.310505547162833, 22.132242812494713 ], [ 89.306013970742242, 22.132242812494713 ], [ 89.306013970742242, 22.134488600705012 ], [ 89.308259758952531, 22.134488600705012 ], [ 89.308259758952531, 22.143471753546208 ], [ 89.310505547162833, 22.143471753546208 ] ] ] } },
{ "type": "Feature", "properties": { "protected_km2": 0.40415922639943674 }, "geometry": { "type": "Polygon", "coordinates": [ [ [ 89.672077449020946, 22.141225965335909 ], [ 89.672077449020946, 22.13898017712561 ], [ 89.674323237231235, 22.13898017712561 ], [ 89.674323237231235, 22.136734388915311 ], [ 89.672077449020946, 22.136734388915311 ], [ 89.672077449020946, 22.134488600705012 ], [ 89.669831660810644, 22.134488600705012 ], [ 89.669831660810644, 22.132242812494713 ], [ 89.665340084390039, 22.132242812494713 ], [ 89.665340084390039, 22.134488600705012 ], [ 89.667585872600341, 22.134488600705012 ], [ 89.667585872600341, 22.136734388915311 ], [ 89.669831660810644, 22.136734388915311 ], [ 89.669831660810644, 22.141225965335909 ], [ 89.672077449020946, 22.141225965335909 ] ] ] } },
{ "type": "Feature", "properties": { "protected_km2": 0.40408450015504216 }, "geometry": { "type": "Polygon", "coordinates": [ [ [ 89.788858435956485, 22.13898017712561 ], [ 89.788858435956485, 22.136734388915311 ], [ 89.784366859535879, 22.136734388915311 ], [ 89.784366859535879, 22.132242812494713 ], [ 89.782121071325577, 22.132242812494713 ], [ 89.782121071325577, 22.129997024284414 ], [ 89.779875283115288, 22.129997024284414 ], [ 89.779875283115288, 22.134488600705012 ], [ 89.782121071325577, 22.134488600705012 ], [ 89.782121071325577, 22.13898017712561 ], [ 89.788858435956485, 22.13898017712561 ] ] ] } },
{ "type": "Feature", "properties": { "protected_km2": 0.28869472221623804 }, "geometry": { "type": "Polygon", "coordinates": [ [ [ 89.665340084390039, 22.134488600705012 ], [ 89.665340084390039, 22.132242812494713 ], [ 89.667585872600341, 22.132242812494713 ], [ 89.667585872600341, 22.129997024284414 ], [ 89.658602719759145, 22.129997024284414 ], [ 89.658602719759145, 22.132242812494713 ], [ 89.66309429617975, 22.132242812494713 ], [ 89.66309429617975, 22.134488600705012 ], [ 89.665340084390039, 22.134488600705012 ] ] ] } },
{ "type": "Feature", "properties": { "protected_km2": 1.0397357349143823 }, "geometry": { "type": "Polygon", "coordinates": [ [ [ 89.416057593046872, 22.145717541756504 ], [ 89.416057593046872, 22.143471753546208 ], [ 89.418303381257175, 22.143471753546208 ], [ 89.418303381257175, 22.141225965335909 ], [ 89.420549169467478, 22.141225965335909 ], [ 89.420549169467478, 22.134488600705012 ], [ 89.42279495767778, 22.134488600705012 ], [ 89.42279495767778, 22.127751236074115 ], [ 89.420549169467478, 22.127751236074115 ], [ 89.420549169467478, 22.132242812494713 ], [ 89.418303381257175, 22.132242812494713 ], [ 89.418303381257175, 22.134488600705012 ], [ 89.416057593046872, 22.134488600705012 ], [ 89.416057593046872, 22.132242812494713 ], [ 89.413811804836584, 22.132242812494713 ], [ 89.413811804836584, 22.143471753546208 ], [ 89.411566016626281, 22.143471753546208 ], [ 89.411566016626281, 22.145717541756504 ], [ 89.416057593046872, 22.145717541756504 ] ] ] } },
{ "type": "Feature", "properties": { "protected_km2": 0.47171492047993124 }, "geometry": { "type": "Polygon", "coordinates": [ [ [ 89.088172514343256, 22.132242812494713 ], [ 89.088172514343256, 22.134488600705012 ], [ 89.090418302553545, 22.134488600705012 ], [ 89.090418302553545, 22.136734388915311 ], [ 89.092664090763847, 22.136734388915311 ], [ 89.092664090763847, 22.132242812494713 ], [ 89.090418302553545, 22.132242812494713 ], [ 89.090418302553545, 22.129997024284414 ], [ 89.088172514343256, 22.129997024284414 ], [ 89.088172514343256, 22.127751236074115 ], [ 89.081435149712362, 22.127751236074115 ], [ 89.081435149712362, 22.127781364356682 ], [ 89.082997802280403, 22.129488450727852 ], [ 89.083482869328208, 22.129997024284414 ], [ 89.083680937922651, 22.129997024284414 ], [ 89.083680937922651, 22.130204691348112 ], [ 89.085624856152194, 22.132242812494713 ], [ 89.088172514343256, 22.132242812494713 ] ] ] } },
{ "type": "Feature", "properties": { "protected_km2": 0.51991745547181323 }, "geometry": { "type": "Polygon", "coordinates": [ [ [ 89.398091287364494, 22.132242812494713 ], [ 89.398091287364494, 22.129997024284414 ], [ 89.395845499154191, 22.129997024284414 ], [ 89.395845499154191, 22.127751236074115 ], [ 89.384616558102692, 22.127751236074115 ], [ 89.384616558102692, 22.129997024284414 ], [ 89.389108134523298, 22.129997024284414 ], [ 89.389108134523298, 22.132242812494713 ], [ 89.398091287364494, 22.132242812494713 ] ] ] } },
{ "type": "Feature", "properties": { "protected_km2": 0.34646107797699044 }, "geometry": { "type": "Polygon", "coordinates": [ [ [ 89.640636414076752, 22.132242812494713 ], [ 89.640636414076752, 22.127751236074115 ], [ 89.633899049445859, 22.127751236074115 ], [ 89.633899049445859, 22.125505447863816 ], [ 89.63165326123557, 22.125505447863816 ], [ 89.63165326123557, 22.129997024284414 ], [ 89.638390625866464, 22.129997024284414 ], [ 89.638390625866464, 22.132242812494713 ], [ 89.640636414076752, 22.132242812494713 ] ] ] } },
{ "type": "Feature", "properties": { "protected_km2": 0.34634530200693442 }, "geometry": { "type": "Polygon", "coordinates": [ [ [ 89.845003141213951, 22.129997024284414 ], [ 89.845003141213951, 22.121013871443218 ], [ 89.842757353003648, 22.121013871443218 ], [ 89.842757353003648, 22.125505447863816 ], [ 89.840511564793346, 22.125505447863816 ], [ 89.840511564793346, 22.129997024284414 ], [ 89.845003141213951, 22.129997024284414 ] ] ] } },
{ "type": "Feature", "properties": { "protected_km2": 0.40423354063900763 }, "geometry": { "type": "Polygon", "coordinates": [ [ [ 89.615932743763466, 22.127751236074115 ], [ 89.615932743763466, 22.121013871443218 ], [ 89.613686955553177, 22.121013871443218 ], [ 89.613686955553177, 22.123259659653517 ], [ 89.609195379132572, 22.123259659653517 ], [ 89.609195379132572, 22.127751236074115 ], [ 89.615932743763466, 22.127751236074115 ] ] ] } },
{ "type": "Feature", "properties": { "protected_km2": 0.3465080832779065 }, "geometry": { "type": "Polygon", "coordinates": [ [ [ 89.580000132398695, 22.127751236074115 ], [ 89.580000132398695, 22.123259659653517 ], [ 89.577754344188392, 22.123259659653517 ], [ 89.577754344188392, 22.121013871443218 ], [ 89.575508555978089, 22.121013871443218 ], [ 89.575508555978089, 22.123259659653517 ], [ 89.573262767767801, 22.123259659653517 ], [ 89.573262767767801, 22.125505447863816 ], [ 89.575508555978089, 22.125505447863816 ], [ 89.575508555978089, 22.127751236074115 ], [ 89.580000132398695, 22.127751236074115 ] ] ] } },
{ "type": "Feature", "properties": { "protected_km2": 0.40420893592782631 }, "geometry": { "type": "Polygon", "coordinates": [ [ [ 89.64737377870766, 22.127751236074115 ], [ 89.64737377870766, 22.123259659653517 ], [ 89.651865355128251, 22.123259659653517 ], [ 89.651865355128251, 22.121013871443218 ], [ 89.642882202287055, 22.121013871443218 ], [ 89.642882202287055, 22.125505447863816 ], [ 89.645127990497357, 22.125505447863816 ], [ 89.645127990497357, 22.127751236074115 ], [ 89.64737377870766, 22.127751236074115 ] ] ] } },
{ "type": "Feature", "properties": { "protected_km2": 0.2886909628028746 }, "geometry": { "type": "Polygon", "coordinates": [ [ [ 89.705764272175429, 22.129997024284414 ], [ 89.705764272175429, 22.121013871443218 ], [ 89.703518483965127, 22.121013871443218 ], [ 89.703518483965127, 22.123259659653517 ], [ 89.701272695754824, 22.123259659653517 ], [ 89.701272695754824, 22.125505447863816 ], [ 89.703518483965127, 22.125505447863816 ], [ 89.703518483965127, 22.129997024284414 ], [ 89.705764272175429, 22.129997024284414 ] ] ] } },
{ "type": "Feature", "properties": { "protected_km2": 2.888481169392521 }, "geometry": { "type": "Polygon", "coordinates": [ [ [ 89.362158675999709, 22.129997024284414 ], [ 89.364404464210011, 22.129997024284414 ], [ 89.364404464210011, 22.132242812494713 ], [ 89.3666502524203, 22.132242812494713 ], [ 89.3666502524203, 22.13898017712561 ], [ 89.364404464210011, 22.13898017712561 ], [ 89.364404464210011, 22.136734388915311 ], [ 89.362158675999709, 22.136734388915311 ], [ 89.362158675999709, 22.13898017712561 ], [ 89.359912887789406, 22.13898017712561 ], [ 89.359912887789406, 22.141225965335909 ], [ 89.362158675999709, 22.141225965335909 ], [ 89.362158675999709, 22.143471753546208 ], [ 89.359912887789406, 22.143471753546208 ], [ 89.359912887789406, 22.147963329966807 ], [ 89.362158675999709, 22.147963329966807 ], [ 89.362158675999709, 22.145717541756504 ], [ 89.364404464210011, 22.145717541756504 ], [ 89.364404464210011, 22.150209118177102 ], [ 89.371141828840905, 22.150209118177102 ], [ 89.371141828840905, 22.147963329966807 ], [ 89.368896040630602, 22.147963329966807 ], [ 89.368896040630602, 22.145717541756504 ], [ 89.371141828840905, 22.145717541756504 ], [ 89.371141828840905, 22.136734388915311 ], [ 89.368896040630602, 22.136734388915311 ], [ 89.368896040630602, 22.129997024284414 ], [ 89.371141828840905, 22.129997024284414 ], [ 89.371141828840905, 22.132242812494713 ], [ 89.373387617051208, 22.132242812494713 ], [ 89.373387617051208, 22.127751236074115 ], [ 89.371141828840905, 22.127751236074115 ], [ 89.371141828840905, 22.125505447863816 ], [ 89.375633405261496, 22.125505447863816 ], [ 89.375633405261496, 22.123259659653517 ], [ 89.373387617051208, 22.123259659653517 ], [ 89.373387617051208, 22.121013871443218 ], [ 89.357667099579103, 22.121013871443218 ], [ 89.357667099579103, 22.123259659653517 ], [ 89.359912887789406, 22.123259659653517 ], [ 89.359912887789406, 22.125505447863816 ], [ 89.362158675999709, 22.125505447863816 ], [ 89.362158675999709, 22.129997024284414 ] ], [ [ 89.362158675999709, 22.123259659653517 ], [ 89.364404464210011, 22.123259659653517 ], [ 89.364404464210011, 22.125505447863816 ], [ 89.362158675999709, 22.125505447863816 ], [ 89.362158675999709, 22.123259659653517 ] ] ] } },
{ "type": "Feature", "properties": { "protected_km2": 0.28880824064815103 }, "geometry": { "type": "Polygon", "coordinates": [ [ [ 89.487922815776443, 22.125505447863816 ], [ 89.487922815776443, 22.123259659653517 ], [ 89.48567702756614, 22.123259659653517 ], [ 89.48567702756614, 22.121013871443218 ], [ 89.478939662935247, 22.121013871443218 ], [ 89.478939662935247, 22.123259659653517 ], [ 89.483431239355838, 22.123259659653517 ], [ 89.483431239355838, 22.125505447863816 ], [ 89.487922815776443, 22.125505447863816 ] ] ] } },
{ "type": "Feature", "properties": { "protected_km2": 0.40462843206950394 }, "geometry": { "type": "Polygon", "coordinates": [ [ [ 89.11063039644624, 22.127751236074115 ], [ 89.11063039644624, 22.121013871443218 ], [ 89.112876184656542, 22.121013871443218 ], [ 89.112876184656542, 22.118768083232922 ], [ 89.108384608235937, 22.118768083232922 ], [ 89.108384608235937, 22.121013871443218 ], [ 89.106138820025649, 22.121013871443218 ], [ 89.106138820025649, 22.125505447863816 ], [ 89.108384608235937, 22.125505447863816 ], [ 89.108384608235937, 22.127751236074115 ], [ 89.11063039644624, 22.127751236074115 ] ] ] } },
{ "type": "Feature", "properties": { "protected_km2": 0.46203251989857319 }, "geometry": { "type": "Polygon", "coordinates": [ [ [ 89.562033826716302, 22.125505447863816 ], [ 89.562033826716302, 22.123259659653517 ], [ 89.564279614926605, 22.123259659653517 ], [ 89.564279614926605, 22.121013871443218 ], [ 89.562033826716302, 22.121013871443218 ], [ 89.562033826716302, 22.118768083232922 ], [ 89.559788038505999, 22.118768083232922 ], [ 89.559788038505999, 22.121013871443218 ], [ 89.555296462085408, 22.121013871443218 ], [ 89.555296462085408, 22.125505447863816 ], [ 89.562033826716302, 22.125505447863816 ] ] ] } },
{ "type": "Feature", "properties": { "protected_km2": 0.80926206832518677 }, "geometry": { "type": "Polygon", "coordinates": [ [ [ 89.099401455394741, 22.134488600705012 ], [ 89.099401455394741, 22.129997024284414 ], [ 89.097155667184452, 22.129997024284414 ], [ 89.097155667184452, 22.127751236074115 ], [ 89.099401455394741, 22.127751236074115 ], [ 89.099401455394741, 22.125505447863816 ], [ 89.097155667184452, 22.125505447863816 ], [ 89.097155667184452, 22.121013871443218 ], [ 89.099401455394741, 22.121013871443218 ], [ 89.099401455394741, 22.116522295022619 ], [ 89.09490987897415, 22.116522295022619 ], [ 89.09490987897415, 22.121013871443218 ], [ 89.092664090763847, 22.121013871443218 ], [ 89.092664090763847, 22.123259659653517 ], [ 89.09490987897415, 22.123259659653517 ], [ 89.09490987897415, 22.134488600705012 ], [ 89.099401455394741, 22.134488600705012 ] ] ] } },
{ "type": "Feature", "properties": { "protected_km2": 0.28900168873493221 }, "geometry": { "type": "Polygon", "coordinates": [ [ [ 89.151054584231616, 22.123259659653517 ], [ 89.151054584231616, 22.121013871443218 ], [ 89.153300372441919, 22.121013871443218 ], [ 89.153300372441919, 22.118768083232922 ], [ 89.151054584231616, 22.118768083232922 ], [ 89.151054584231616, 22.116522295022619 ], [ 89.148808796021314, 22.116522295022619 ], [ 89.148808796021314, 22.121013871443218 ], [ 89.146563007811025, 22.121013871443218 ], [ 89.146563007811025, 22.123259659653517 ], [ 89.151054584231616, 22.123259659653517 ] ] ] } },
{ "type": "Feature", "properties": { "protected_km2": 0.53844506628941946 }, "geometry": { "type": "Polygon", "coordinates": [ [ [ 89.083680937922651, 22.127751236074115 ], [ 89.083680937922651, 22.125505447863816 ], [ 89.081435149712362, 22.125505447863816 ], [ 89.081435149712362, 22.123259659653517 ], [ 89.083680937922651, 22.123259659653517 ], [ 89.083680937922651, 22.118768083232922 ], [ 89.081435149712362, 22.118768083232922 ], [ 89.081435149712362, 22.121013871443218 ], [ 89.076943573291757, 22.121013871443218 ], [ 89.076943573291757, 22.118768083232922 ], [ 89.074697785081455, 22.118768083232922 ], [ 89.074697785081455, 22.116522295022619 ], [ 89.072451996871166, 22.116522295022619 ], [ 89.072451996871166, 22.11796791119442 ], [ 89.081407570534807, 22.127751236074115 ], [ 89.083680937922651, 22.127751236074115 ] ] ] } },
{ "type": "Feature", "properties": { "protected_km2": 0.57770595928511081 }, "geometry": { "type": "Polygon", "coordinates": [ [ [ 89.413811804836584, 22.125505447863816 ], [ 89.413811804836584, 22.123259659653517 ], [ 89.416057593046872, 22.123259659653517 ], [ 89.416057593046872, 22.121013871443218 ], [ 89.411566016626281, 22.121013871443218 ], [ 89.411566016626281, 22.116522295022619 ], [ 89.409320228415979, 22.116522295022619 ], [ 89.409320228415979, 22.114276506812324 ], [ 89.407074440205676, 22.114276506812324 ], [ 89.407074440205676, 22.118768083232922 ], [ 89.409320228415979, 22.118768083232922 ], [ 89.409320228415979, 22.121013871443218 ], [ 89.407074440205676, 22.121013871443218 ], [ 89.407074440205676, 22.123259659653517 ], [ 89.409320228415979, 22.123259659653517 ], [ 89.409320228415979, 22.125505447863816 ], [ 89.413811804836584, 22.125505447863816 ] ] ] } },
{ "type": "Feature", "properties": { "protected_km2": 0.34648464649476274 }, "geometry": { "type": "Polygon", "coordinates": [ [ [ 89.640636414076752, 22.123259659653517 ], [ 89.640636414076752, 22.118768083232922 ], [ 89.642882202287055, 22.118768083232922 ], [ 89.642882202287055, 22.116522295022619 ], [ 89.640636414076752, 22.116522295022619 ], [ 89.640636414076752, 22.114276506812324 ], [ 89.636144837656161, 22.114276506812324 ], [ 89.636144837656161, 22.116522295022619 ], [ 89.638390625866464, 22.116522295022619 ], [ 89.638390625866464, 22.123259659653517 ], [ 89.640636414076752, 22.123259659653517 ] ] ] } },
{ "type": "Feature", "properties": { "protected_km2": 1.1551824100855532 }, "geometry": { "type": "Polygon", "coordinates": [ [ [ 89.521609638930926, 22.125505447863816 ], [ 89.521609638930926, 22.123259659653517 ], [ 89.523855427141214, 22.123259659653517 ], [ 89.523855427141214, 22.121013871443218 ], [ 89.530592791772122, 22.121013871443218 ], [ 89.530592791772122, 22.116522295022619 ], [ 89.53283857998241, 22.116522295022619 ], [ 89.53283857998241, 22.112030718602025 ], [ 89.530592791772122, 22.112030718602025 ], [ 89.530592791772122, 22.114276506812324 ], [ 89.521609638930926, 22.114276506812324 ], [ 89.521609638930926, 22.116522295022619 ], [ 89.519363850720623, 22.116522295022619 ], [ 89.519363850720623, 22.123259659653517 ], [ 89.51711806251032, 22.123259659653517 ], [ 89.51711806251032, 22.125505447863816 ], [ 89.521609638930926, 22.125505447863816 ] ] ] } },
{ "type": "Feature", "properties": { "protected_km2": 0.28875737806704094 }, "geometry": { "type": "Polygon", "coordinates": [ [ [ 89.611441167342875, 22.118768083232922 ], [ 89.611441167342875, 22.116522295022619 ], [ 89.613686955553177, 22.116522295022619 ], [ 89.613686955553177, 22.114276506812324 ], [ 89.611441167342875, 22.114276506812324 ], [ 89.611441167342875, 22.112030718602025 ], [ 89.609195379132572, 22.112030718602025 ], [ 89.609195379132572, 22.116522295022619 ], [ 89.60694959092227, 22.116522295022619 ], [ 89.60694959092227, 22.118768083232922 ], [ 89.611441167342875, 22.118768083232922 ] ] ] } },
{ "type": "Feature", "properties": { "protected_km2": 0.92427721591471357 }, "geometry": { "type": "Polygon", "coordinates": [ [ [ 89.445252839780764, 22.129997024284414 ], [ 89.445252839780764, 22.125505447863816 ], [ 89.449744416201355, 22.125505447863816 ], [ 89.449744416201355, 22.123259659653517 ], [ 89.447498627991067, 22.123259659653517 ], [ 89.447498627991067, 22.121013871443218 ], [ 89.445252839780764, 22.121013871443218 ], [ 89.445252839780764, 22.116522295022619 ], [ 89.440761263360159, 22.116522295022619 ], [ 89.440761263360159, 22.114276506812324 ], [ 89.43851547514987, 22.114276506812324 ], [ 89.43851547514987, 22.112030718602025 ], [ 89.436269686939568, 22.112030718602025 ], [ 89.436269686939568, 22.114276506812324 ], [ 89.434023898729265, 22.114276506812324 ], [ 89.434023898729265, 22.116522295022619 ], [ 89.43851547514987, 22.116522295022619 ], [ 89.43851547514987, 22.118768083232922 ], [ 89.440761263360159, 22.118768083232922 ], [ 89.440761263360159, 22.121013871443218 ], [ 89.443007051570461, 22.121013871443218 ], [ 89.443007051570461, 22.129997024284414 ], [ 89.445252839780764, 22.129997024284414 ] ] ] } },
{ "type": "Feature", "properties": { "protected_km2": 0.34661657946798091 }, "geometry": { "type": "Polygon", "coordinates": [ [ [ 89.45423599262196, 22.116522295022619 ], [ 89.45423599262196, 22.114276506812324 ], [ 89.449744416201355, 22.114276506812324 ], [ 89.449744416201355, 22.112030718602025 ], [ 89.445252839780764, 22.112030718602025 ], [ 89.445252839780764, 22.116522295022619 ], [ 89.45423599262196, 22.116522295022619 ] ] ] } },
{ "type": "Feature", "properties": { "protected_km2": 0.40422874786683743 }, "geometry": { "type": "Polygon", "coordinates": [ [ [ 89.667585872600341, 22.116522295022619 ], [ 89.667585872600341, 22.114276506812324 ], [ 89.665340084390039, 22.114276506812324 ], [ 89.665340084390039, 22.112030718602025 ], [ 89.658602719759145, 22.112030718602025 ], [ 89.658602719759145, 22.116522295022619 ], [ 89.667585872600341, 22.116522295022619 ] ] ] } },
{ "type": "Feature", "properties": { "protected_km2": 0.40421233201938278 }, "geometry": { "type": "Polygon", "coordinates": [ [ [ 89.681060601862143, 22.118768083232922 ], [ 89.681060601862143, 22.116522295022619 ], [ 89.685552178282734, 22.116522295022619 ], [ 89.685552178282734, 22.112030718602025 ], [ 89.687797966493036, 22.112030718602025 ], [ 89.687797966493036, 22.109784930391726 ], [ 89.683306390072431, 22.109784930391726 ], [ 89.683306390072431, 22.114276506812324 ], [ 89.67881481365184, 22.114276506812324 ], [ 89.67881481365184, 22.118768083232922 ], [ 89.681060601862143, 22.118768083232922 ] ] ] } },
{ "type": "Feature", "properties": { "protected_km2": 0.34663109418279714 }, "geometry": { "type": "Polygon", "coordinates": [ [ [ 89.427286534098371, 22.116522295022619 ], [ 89.427286534098371, 22.114276506812324 ], [ 89.434023898729265, 22.114276506812324 ], [ 89.434023898729265, 22.112030718602025 ], [ 89.431778110518962, 22.112030718602025 ], [ 89.431778110518962, 22.109784930391726 ], [ 89.429532322308674, 22.109784930391726 ], [ 89.429532322308674, 22.112030718602025 ], [ 89.425040745888069, 22.112030718602025 ], [ 89.425040745888069, 22.116522295022619 ], [ 89.427286534098371, 22.116522295022619 ] ] ] } },
{ "type": "Feature", "properties": { "protected_km2": 0.34659758206296093 }, "geometry": { "type": "Polygon", "coordinates": [ [ [ 89.478939662935247, 22.116522295022619 ], [ 89.478939662935247, 22.114276506812324 ], [ 89.481185451145549, 22.114276506812324 ], [ 89.481185451145549, 22.109784930391726 ], [ 89.478939662935247, 22.109784930391726 ], [ 89.478939662935247, 22.112030718602025 ], [ 89.474448086514641, 22.112030718602025 ], [ 89.474448086514641, 22.116522295022619 ], [ 89.478939662935247, 22.116522295022619 ] ] ] } },
{ "type": "Feature", "properties": { "protected_km2": 0.40448072377714672 }, "geometry": { "type": "Polygon", "coordinates": [ [ [ 89.323980276424621, 22.121013871443218 ], [ 89.323980276424621, 22.112030718602025 ], [ 89.31948870000403, 22.112030718602025 ], [ 89.31948870000403, 22.109784930391726 ], [ 89.317242911793727, 22.109784930391726 ], [ 89.317242911793727, 22.114276506812324 ], [ 89.321734488214332, 22.114276506812324 ], [ 89.321734488214332, 22.121013871443218 ], [ 89.323980276424621, 22.121013871443218 ] ] ] } },
{ "type": "Feature", "properties": { "protected_km2": 0.289051248988281 }, "geometry": { "type": "Polygon", "coordinates": [ [ [ 89.101647243605044, 22.112030718602025 ], [ 89.101647243605044, 22.109784930391726 ], [ 89.103893031815346, 22.109784930391726 ], [ 89.103893031815346, 22.107539142181427 ], [ 89.097155667184452, 22.107539142181427 ], [ 89.097155667184452, 22.112030718602025 ], [ 89.101647243605044, 22.112030718602025 ] ] ] } },
{ "type": "Feature", "properties": { "protected_km2": 0.34685099211794151 }, "geometry": { "type": "Polygon", "coordinates": [ [ [ 89.117367761077134, 22.114276506812324 ], [ 89.117367761077134, 22.109784930391726 ], [ 89.119613549287436, 22.109784930391726 ], [ 89.119613549287436, 22.107539142181427 ], [ 89.117367761077134, 22.107539142181427 ], [ 89.117367761077134, 22.105293353971128 ], [ 89.115121972866845, 22.105293353971128 ], [ 89.115121972866845, 22.109784930391726 ], [ 89.112876184656542, 22.109784930391726 ], [ 89.112876184656542, 22.112030718602025 ], [ 89.115121972866845, 22.112030718602025 ], [ 89.115121972866845, 22.114276506812324 ], [ 89.117367761077134, 22.114276506812324 ] ] ] } },
{ "type": "Feature", "properties": { "protected_km2": 0.46216327114014044 }, "geometry": { "type": "Polygon", "coordinates": [ [ [ 89.45423599262196, 22.112030718602025 ], [ 89.45423599262196, 22.109784930391726 ], [ 89.458727569042551, 22.109784930391726 ], [ 89.458727569042551, 22.112030718602025 ], [ 89.460973357252854, 22.112030718602025 ], [ 89.460973357252854, 22.107539142181427 ], [ 89.458727569042551, 22.107539142181427 ], [ 89.458727569042551, 22.105293353971128 ], [ 89.456481780832263, 22.105293353971128 ], [ 89.456481780832263, 22.107539142181427 ], [ 89.451990204411658, 22.107539142181427 ], [ 89.451990204411658, 22.109784930391726 ], [ 89.449744416201355, 22.109784930391726 ], [ 89.449744416201355, 22.112030718602025 ], [ 89.45423599262196, 22.112030718602025 ] ] ] } },
{ "type": "Feature", "properties": { "protected_km2": 0.40426661325626057 }, "geometry": { "type": "Polygon", "coordinates": [ [ [ 89.63165326123557, 22.112030718602025 ], [ 89.63165326123557, 22.107539142181427 ], [ 89.627161684814965, 22.107539142181427 ], [ 89.627161684814965, 22.105293353971128 ], [ 89.624915896604662, 22.105293353971128 ], [ 89.624915896604662, 22.112030718602025 ], [ 89.63165326123557, 22.112030718602025 ] ] ] } },
{ "type": "Feature", "properties": { "protected_km2": 0.2888760527113961 }, "geometry": { "type": "Polygon", "coordinates": [ [ [ 89.42279495767778, 22.109784930391726 ], [ 89.42279495767778, 22.105293353971128 ], [ 89.420549169467478, 22.105293353971128 ], [ 89.420549169467478, 22.107539142181427 ], [ 89.418303381257175, 22.107539142181427 ], [ 89.418303381257175, 22.105293353971128 ], [ 89.416057593046872, 22.105293353971128 ], [ 89.416057593046872, 22.109784930391726 ], [ 89.42279495767778, 22.109784930391726 ] ] ] } },
{ "type": "Feature", "properties": { "protected_km2": 0.51995791896910781 }, "geometry": { "type": "Polygon", "coordinates": [ [ [ 89.440761263360159, 22.112030718602025 ], [ 89.440761263360159, 22.109784930391726 ], [ 89.43851547514987, 22.109784930391726 ], [ 89.43851547514987, 22.107539142181427 ], [ 89.436269686939568, 22.107539142181427 ], [ 89.436269686939568, 22.103047565760829 ], [ 89.434023898729265, 22.103047565760829 ], [ 89.434023898729265, 22.107539142181427 ], [ 89.431778110518962, 22.107539142181427 ], [ 89.431778110518962, 22.112030718602025 ], [ 89.440761263360159, 22.112030718602025 ] ] ] } },
{ "type": "Feature", "properties": { "protected_km2": 0.63544774866205966 }, "geometry": { "type": "Polygon", "coordinates": [ [ [ 89.483431239355838, 22.112030718602025 ], [ 89.490168603986746, 22.112030718602025 ], [ 89.490168603986746, 22.109784930391726 ], [ 89.487922815776443, 22.109784930391726 ], [ 89.487922815776443, 22.105293353971128 ], [ 89.48567702756614, 22.105293353971128 ], [ 89.48567702756614, 22.103047565760829 ], [ 89.481185451145549, 22.103047565760829 ], [ 89.481185451145549, 22.107539142181427 ], [ 89.478939662935247, 22.107539142181427 ], [ 89.478939662935247, 22.109784930391726 ], [ 89.483431239355838, 22.109784930391726 ], [ 89.483431239355838, 22.112030718602025 ] ], [ [ 89.483431239355838, 22.107539142181427 ], [ 89.48567702756614, 22.107539142181427 ], [ 89.48567702756614, 22.109784930391726 ], [ 89.483431239355838, 22.109784930391726 ], [ 89.483431239355838, 22.107539142181427 ] ] ] } },
{ "type": "Feature", "properties": { "protected_km2": 0.28907881260620516 }, "geometry": { "type": "Polygon", "coordinates": [ [ [ 89.074697785081455, 22.107539142181427 ], [ 89.074697785081455, 22.103047565760829 ], [ 89.070206208660863, 22.103047565760829 ], [ 89.070206208660863, 22.105293353971128 ], [ 89.067960420450561, 22.105293353971128 ], [ 89.067960420450561, 22.107539142181427 ], [ 89.074697785081455, 22.107539142181427 ] ] ] } },
{ "type": "Feature", "properties": { "protected_km2": 0.34667644233414818 }, "geometry": { "type": "Polygon", "coordinates": [ [ [ 89.395845499154191, 22.107539142181427 ], [ 89.395845499154191, 22.105293353971128 ], [ 89.391353922733586, 22.105293353971128 ], [ 89.391353922733586, 22.103047565760829 ], [ 89.386862346312995, 22.103047565760829 ], [ 89.386862346312995, 22.107539142181427 ], [ 89.395845499154191, 22.107539142181427 ] ] ] } },
{ "type": "Feature", "properties": { "protected_km2": 0.86663907601457979 }, "geometry": { "type": "Polygon", "coordinates": [ [ [ 89.407074440205676, 22.114276506812324 ], [ 89.407074440205676, 22.112030718602025 ], [ 89.409320228415979, 22.112030718602025 ], [ 89.409320228415979, 22.103047565760829 ], [ 89.407074440205676, 22.103047565760829 ], [ 89.407074440205676, 22.107539142181427 ], [ 89.402582863785085, 22.107539142181427 ], [ 89.402582863785085, 22.105293353971128 ], [ 89.398091287364494, 22.105293353971128 ], [ 89.398091287364494, 22.107539142181427 ], [ 89.400337075574782, 22.107539142181427 ], [ 89.400337075574782, 22.114276506812324 ], [ 89.407074440205676, 22.114276506812324 ] ] ] } },
{ "type": "Feature", "properties": { "protected_km2": 0.28874280408175385 }, "geometry": { "type": "Polygon", "coordinates": [ [ [ 89.676569025441538, 22.109784930391726 ], [ 89.676569025441538, 22.107539142181427 ], [ 89.67881481365184, 22.107539142181427 ], [ 89.67881481365184, 22.105293353971128 ], [ 89.676569025441538, 22.105293353971128 ], [ 89.676569025441538, 22.103047565760829 ], [ 89.674323237231235, 22.103047565760829 ], [ 89.674323237231235, 22.105293353971128 ], [ 89.672077449020946, 22.105293353971128 ], [ 89.672077449020946, 22.107539142181427 ], [ 89.674323237231235, 22.107539142181427 ], [ 89.674323237231235, 22.109784930391726 ], [ 89.676569025441538, 22.109784930391726 ] ] ] } },
{ "type": "Feature", "properties": { "protected_km2": 0.2890686475977608 }, "geometry": { "type": "Polygon", "coordinates": [ [ [ 89.088172514343256, 22.109784930391726 ], [ 89.088172514343256, 22.100801777550529 ], [ 89.085926726132953, 22.100801777550529 ], [ 89.085926726132953, 22.107539142181427 ], [ 89.083680937922651, 22.107539142181427 ], [ 89.083680937922651, 22.109784930391726 ], [ 89.088172514343256, 22.109784930391726 ] ] ] } },
{ "type": "Feature", "properties": { "protected_km2": 0.28900313026420216 }, "geometry": { "type": "Polygon", "coordinates": [ [ [ 89.204953501278794, 22.107539142181427 ], [ 89.204953501278794, 22.105293353971128 ], [ 89.202707713068492, 22.105293353971128 ], [ 89.202707713068492, 22.103047565760829 ], [ 89.204953501278794, 22.103047565760829 ], [ 89.204953501278794, 22.100801777550529 ], [ 89.200461924858189, 22.100801777550529 ], [ 89.200461924858189, 22.107539142181427 ], [ 89.204953501278794, 22.107539142181427 ] ] ] } },
{ "type": "Feature", "properties": { "protected_km2": 0.40452770632411017 }, "geometry": { "type": "Polygon", "coordinates": [ [ [ 89.297030817901046, 22.109784930391726 ], [ 89.297030817901046, 22.105293353971128 ], [ 89.299276606111334, 22.105293353971128 ], [ 89.299276606111334, 22.103047565760829 ], [ 89.297030817901046, 22.103047565760829 ], [ 89.297030817901046, 22.100801777550529 ], [ 89.294785029690743, 22.100801777550529 ], [ 89.294785029690743, 22.103047565760829 ], [ 89.292539241480441, 22.103047565760829 ], [ 89.292539241480441, 22.107539142181427 ], [ 89.294785029690743, 22.107539142181427 ], [ 89.294785029690743, 22.109784930391726 ], [ 89.297030817901046, 22.109784930391726 ] ] ] } },
{ "type": "Feature", "properties": { "protected_km2": 0.69326897186592307 }, "geometry": { "type": "Polygon", "coordinates": [ [ [ 89.449744416201355, 22.112030718602025 ], [ 89.449744416201355, 22.109784930391726 ], [ 89.451990204411658, 22.109784930391726 ], [ 89.451990204411658, 22.105293353971128 ], [ 89.449744416201355, 22.105293353971128 ], [ 89.449744416201355, 22.103047565760829 ], [ 89.447498627991067, 22.103047565760829 ], [ 89.447498627991067, 22.105293353971128 ], [ 89.445252839780764, 22.105293353971128 ], [ 89.445252839780764, 22.100801777550529 ], [ 89.443007051570461, 22.100801777550529 ], [ 89.443007051570461, 22.105293353971128 ], [ 89.440761263360159, 22.105293353971128 ], [ 89.440761263360159, 22.107539142181427 ], [ 89.445252839780764, 22.107539142181427 ], [ 89.445252839780764, 22.109784930391726 ], [ 89.447498627991067, 22.109784930391726 ], [ 89.447498627991067, 22.112030718602025 ], [ 89.449744416201355, 22.112030718602025 ] ] ] } },
{ "type": "Feature", "properties": { "protected_km2": 0.28888794046742861 }, "geometry": { "type": "Polygon", "coordinates": [ [ [ 89.413811804836584, 22.105293353971128 ], [ 89.413811804836584, 22.100801777550529 ], [ 89.407074440205676, 22.100801777550529 ], [ 89.407074440205676, 22.103047565760829 ], [ 89.409320228415979, 22.103047565760829 ], [ 89.409320228415979, 22.105293353971128 ], [ 89.413811804836584, 22.105293353971128 ] ] ] } },
{ "type": "Feature", "properties": { "protected_km2": 0.34664570714379256 }, "geometry": { "type": "Polygon", "coordinates": [ [ [ 89.440761263360159, 22.107539142181427 ], [ 89.440761263360159, 22.105293353971128 ], [ 89.443007051570461, 22.105293353971128 ], [ 89.443007051570461, 22.103047565760829 ], [ 89.43851547514987, 22.103047565760829 ], [ 89.43851547514987, 22.100801777550529 ], [ 89.434023898729265, 22.100801777550529 ], [ 89.434023898729265, 22.103047565760829 ], [ 89.436269686939568, 22.103047565760829 ], [ 89.436269686939568, 22.105293353971128 ], [ 89.43851547514987, 22.105293353971128 ], [ 89.43851547514987, 22.107539142181427 ], [ 89.440761263360159, 22.107539142181427 ] ] ] } },
{ "type": "Feature", "properties": { "protected_km2": 1.6173852900355992 }, "geometry": { "type": "Polygon", "coordinates": [ [ [ 89.530592791772122, 22.112030718602025 ], [ 89.530592791772122, 22.107539142181427 ], [ 89.53283857998241, 22.107539142181427 ], [ 89.53283857998241, 22.112030718602025 ], [ 89.535084368192713, 22.112030718602025 ], [ 89.535084368192713, 22.109784930391726 ], [ 89.537330156403016, 22.109784930391726 ], [ 89.537330156403016, 22.105293353971128 ], [ 89.53283857998241, 22.105293353971128 ], [ 89.53283857998241, 22.100801777550529 ], [ 89.535084368192713, 22.100801777550529 ], [ 89.535084368192713, 22.103047565760829 ], [ 89.539575944613318, 22.103047565760829 ], [ 89.539575944613318, 22.100801777550529 ], [ 89.541821732823607, 22.100801777550529 ], [ 89.541821732823607, 22.09855598934023 ], [ 89.530592791772122, 22.09855598934023 ], [ 89.530592791772122, 22.100801777550529 ], [ 89.526101215351517, 22.100801777550529 ], [ 89.526101215351517, 22.103047565760829 ], [ 89.521609638930926, 22.103047565760829 ], [ 89.521609638930926, 22.105293353971128 ], [ 89.526101215351517, 22.105293353971128 ], [ 89.526101215351517, 22.107539142181427 ], [ 89.523855427141214, 22.107539142181427 ], [ 89.523855427141214, 22.109784930391726 ], [ 89.526101215351517, 22.109784930391726 ], [ 89.526101215351517, 22.112030718602025 ], [ 89.530592791772122, 22.112030718602025 ] ] ] } },
{ "type": "Feature", "properties": { "protected_km2": 0.28878566712112008 }, "geometry": { "type": "Polygon", "coordinates": [ [ [ 89.609195379132572, 22.105293353971128 ], [ 89.609195379132572, 22.103047565760829 ], [ 89.611441167342875, 22.103047565760829 ], [ 89.611441167342875, 22.09855598934023 ], [ 89.609195379132572, 22.09855598934023 ], [ 89.609195379132572, 22.100801777550529 ], [ 89.604703802711981, 22.100801777550529 ], [ 89.604703802711981, 22.103047565760829 ], [ 89.60694959092227, 22.103047565760829 ], [ 89.60694959092227, 22.105293353971128 ], [ 89.609195379132572, 22.105293353971128 ] ] ] } },
{ "type": "Feature", "properties": { "protected_km2": 0.28893660812920424 }, "geometry": { "type": "Polygon", "coordinates": [ [ [ 89.337455005686422, 22.103047565760829 ], [ 89.337455005686422, 22.100801777550529 ], [ 89.332963429265817, 22.100801777550529 ], [ 89.332963429265817, 22.09855598934023 ], [ 89.328471852845226, 22.09855598934023 ], [ 89.328471852845226, 22.100801777550529 ], [ 89.330717641055529, 22.100801777550529 ], [ 89.330717641055529, 22.103047565760829 ], [ 89.337455005686422, 22.103047565760829 ] ] ] } },
{ "type": "Feature", "properties": { "protected_km2": 0.5776084850709462 }, "geometry": { "type": "Polygon", "coordinates": [ [ [ 89.568771191347196, 22.103047565760829 ], [ 89.568771191347196, 22.100801777550529 ], [ 89.571016979557498, 22.100801777550529 ], [ 89.571016979557498, 22.103047565760829 ], [ 89.573262767767801, 22.103047565760829 ], [ 89.573262767767801, 22.09855598934023 ], [ 89.559788038505999, 22.09855598934023 ], [ 89.559788038505999, 22.100801777550529 ], [ 89.562033826716302, 22.100801777550529 ], [ 89.562033826716302, 22.103047565760829 ], [ 89.568771191347196, 22.103047565760829 ] ] ] } },
{ "type": "Feature", "properties": { "protected_km2": 0.28886864299841997 }, "geometry": { "type": "Polygon", "coordinates": [ [ [ 89.463219145463157, 22.103047565760829 ], [ 89.463219145463157, 22.100801777550529 ], [ 89.460973357252854, 22.100801777550529 ], [ 89.460973357252854, 22.096310201129931 ], [ 89.458727569042551, 22.096310201129931 ], [ 89.458727569042551, 22.100801777550529 ], [ 89.456481780832263, 22.100801777550529 ], [ 89.456481780832263, 22.103047565760829 ], [ 89.463219145463157, 22.103047565760829 ] ] ] } },
{ "type": "Feature", "properties": { "protected_km2": 0.28909257611795813 }, "geometry": { "type": "Polygon", "coordinates": [ [ [ 89.074697785081455, 22.100801777550529 ], [ 89.074697785081455, 22.09855598934023 ], [ 89.076943573291757, 22.09855598934023 ], [ 89.076943573291757, 22.096310201129931 ], [ 89.072451996871166, 22.096310201129931 ], [ 89.072451996871166, 22.094064412919636 ], [ 89.070206208660863, 22.094064412919636 ], [ 89.070206208660863, 22.09855598934023 ], [ 89.072451996871166, 22.09855598934023 ], [ 89.072451996871166, 22.100801777550529 ], [ 89.074697785081455, 22.100801777550529 ] ] ] } },
{ "type": "Feature", "properties": { "protected_km2": 0.34666183165078712 }, "geometry": { "type": "Polygon", "coordinates": [ [ [ 89.440761263360159, 22.100801777550529 ], [ 89.440761263360159, 22.09855598934023 ], [ 89.443007051570461, 22.09855598934023 ], [ 89.443007051570461, 22.096310201129931 ], [ 89.440761263360159, 22.096310201129931 ], [ 89.440761263360159, 22.094064412919636 ], [ 89.436269686939568, 22.094064412919636 ], [ 89.436269686939568, 22.09855598934023 ], [ 89.43851547514987, 22.09855598934023 ], [ 89.43851547514987, 22.100801777550529 ], [ 89.440761263360159, 22.100801777550529 ] ] ] } },
{ "type": "Feature", "properties": { "protected_km2": 0.57771151755618244 }, "geometry": { "type": "Polygon", "coordinates": [ [ [ 89.499151756827928, 22.100801777550529 ], [ 89.499151756827928, 22.09855598934023 ], [ 89.50139754503823, 22.09855598934023 ], [ 89.50139754503823, 22.091818624709333 ], [ 89.494660180407337, 22.091818624709333 ], [ 89.494660180407337, 22.09855598934023 ], [ 89.496905968617639, 22.09855598934023 ], [ 89.496905968617639, 22.100801777550529 ], [ 89.499151756827928, 22.100801777550529 ] ] ] } },
{ "type": "Feature", "properties": { "protected_km2": 0.40451898408942638 }, "geometry": { "type": "Polygon", "coordinates": [ [ [ 89.353175523158512, 22.096310201129931 ], [ 89.353175523158512, 22.091818624709333 ], [ 89.346438158527619, 22.091818624709333 ], [ 89.346438158527619, 22.094064412919636 ], [ 89.344192370317316, 22.094064412919636 ], [ 89.344192370317316, 22.096310201129931 ], [ 89.353175523158512, 22.096310201129931 ] ] ] } },
{ "type": "Feature", "properties": { "protected_km2": 0.28878893968340136 }, "geometry": { "type": "Polygon", "coordinates": [ [ [ 89.640636414076752, 22.096310201129931 ], [ 89.640636414076752, 22.094064412919636 ], [ 89.633899049445859, 22.094064412919636 ], [ 89.633899049445859, 22.091818624709333 ], [ 89.63165326123557, 22.091818624709333 ], [ 89.63165326123557, 22.096310201129931 ], [ 89.640636414076752, 22.096310201129931 ] ] ] } },
{ "type": "Feature", "properties": { "protected_km2": 0.63529360916668332 }, "geometry": { "type": "Polygon", "coordinates": [ [ [ 89.658602719759145, 22.103047565760829 ], [ 89.658602719759145, 22.100801777550529 ], [ 89.66309429617975, 22.100801777550529 ], [ 89.66309429617975, 22.091818624709333 ], [ 89.658602719759145, 22.091818624709333 ], [ 89.658602719759145, 22.094064412919636 ], [ 89.656356931548856, 22.094064412919636 ], [ 89.656356931548856, 22.096310201129931 ], [ 89.658602719759145, 22.096310201129931 ], [ 89.658602719759145, 22.09855598934023 ], [ 89.656356931548856, 22.09855598934023 ], [ 89.656356931548856, 22.103047565760829 ], [ 89.658602719759145, 22.103047565760829 ] ] ] } },
{ "type": "Feature", "properties": { "protected_km2": 0.63566566620491571 }, "geometry": { "type": "Polygon", "coordinates": [ [ [ 89.341946582107013, 22.105293353971128 ], [ 89.341946582107013, 22.100801777550529 ], [ 89.339700793896725, 22.100801777550529 ], [ 89.339700793896725, 22.096310201129931 ], [ 89.341946582107013, 22.096310201129931 ], [ 89.341946582107013, 22.094064412919636 ], [ 89.339700793896725, 22.094064412919636 ], [ 89.339700793896725, 22.091818624709333 ], [ 89.33520921747612, 22.091818624709333 ], [ 89.33520921747612, 22.094064412919636 ], [ 89.337455005686422, 22.094064412919636 ], [ 89.337455005686422, 22.096310201129931 ], [ 89.332963429265817, 22.096310201129931 ], [ 89.332963429265817, 22.09855598934023 ], [ 89.337455005686422, 22.09855598934023 ], [ 89.337455005686422, 22.103047565760829 ], [ 89.339700793896725, 22.103047565760829 ], [ 89.339700793896725, 22.105293353971128 ], [ 89.341946582107013, 22.105293353971128 ] ] ] } },
{ "type": "Feature", "properties": { "protected_km2": 0.69337307404510973 }, "geometry": { "type": "Polygon", "coordinates": [ [ [ 89.425040745888069, 22.096310201129931 ], [ 89.425040745888069, 22.094064412919636 ], [ 89.427286534098371, 22.094064412919636 ], [ 89.427286534098371, 22.091818624709333 ], [ 89.429532322308674, 22.091818624709333 ], [ 89.429532322308674, 22.089572836499038 ], [ 89.42279495767778, 22.089572836499038 ], [ 89.42279495767778, 22.091818624709333 ], [ 89.420549169467478, 22.091818624709333 ], [ 89.420549169467478, 22.094064412919636 ], [ 89.411566016626281, 22.094064412919636 ], [ 89.411566016626281, 22.096310201129931 ], [ 89.425040745888069, 22.096310201129931 ] ] ] } },
{ "type": "Feature", "properties": { "protected_km2": 0.46212036296601955 }, "geometry": { "type": "Polygon", "coordinates": [ [ [ 89.571016979557498, 22.096310201129931 ], [ 89.571016979557498, 22.091818624709333 ], [ 89.568771191347196, 22.091818624709333 ], [ 89.568771191347196, 22.089572836499038 ], [ 89.566525403136893, 22.089572836499038 ], [ 89.566525403136893, 22.091818624709333 ], [ 89.562033826716302, 22.091818624709333 ], [ 89.562033826716302, 22.094064412919636 ], [ 89.564279614926605, 22.094064412919636 ], [ 89.564279614926605, 22.096310201129931 ], [ 89.571016979557498, 22.096310201129931 ] ] ] } },
{ "type": "Feature", "properties": { "protected_km2": 0.28873238799557605 }, "geometry": { "type": "Polygon", "coordinates": [ [ [ 89.759663189222593, 22.094064412919636 ], [ 89.759663189222593, 22.089572836499038 ], [ 89.755171612802002, 22.089572836499038 ], [ 89.755171612802002, 22.091818624709333 ], [ 89.752925824591699, 22.091818624709333 ], [ 89.752925824591699, 22.094064412919636 ], [ 89.759663189222593, 22.094064412919636 ] ] ] } },
{ "type": "Feature", "properties": { "protected_km2": 0.34659735345905168 }, "geometry": { "type": "Polygon", "coordinates": [ [ [ 89.557542250295697, 22.096310201129931 ], [ 89.557542250295697, 22.094064412919636 ], [ 89.559788038505999, 22.094064412919636 ], [ 89.559788038505999, 22.089572836499038 ], [ 89.553050673875106, 22.089572836499038 ], [ 89.553050673875106, 22.091818624709333 ], [ 89.555296462085408, 22.091818624709333 ], [ 89.555296462085408, 22.096310201129931 ], [ 89.557542250295697, 22.096310201129931 ] ] ] } },
{ "type": "Feature", "properties": { "protected_km2": 0.28879936412003848 }, "geometry": { "type": "Polygon", "coordinates": [ [ [ 89.629407473025267, 22.094064412919636 ], [ 89.629407473025267, 22.091818624709333 ], [ 89.627161684814965, 22.091818624709333 ], [ 89.627161684814965, 22.087327048288735 ], [ 89.624915896604662, 22.087327048288735 ], [ 89.624915896604662, 22.091818624709333 ], [ 89.622670108394374, 22.091818624709333 ], [ 89.622670108394374, 22.094064412919636 ], [ 89.629407473025267, 22.094064412919636 ] ] ] } },
{ "type": "Feature", "properties": { "protected_km2": 0.75117005475533438 }, "geometry": { "type": "Polygon", "coordinates": [ [ [ 89.407074440205676, 22.09855598934023 ], [ 89.407074440205676, 22.096310201129931 ], [ 89.409320228415979, 22.096310201129931 ], [ 89.409320228415979, 22.094064412919636 ], [ 89.411566016626281, 22.094064412919636 ], [ 89.411566016626281, 22.091818624709333 ], [ 89.413811804836584, 22.091818624709333 ], [ 89.413811804836584, 22.089572836499038 ], [ 89.416057593046872, 22.089572836499038 ], [ 89.416057593046872, 22.085081260078439 ], [ 89.413811804836584, 22.085081260078439 ], [ 89.413811804836584, 22.087327048288735 ], [ 89.411566016626281, 22.087327048288735 ], [ 89.411566016626281, 22.089572836499038 ], [ 89.407074440205676, 22.089572836499038 ], [ 89.407074440205676, 22.091818624709333 ], [ 89.402582863785085, 22.091818624709333 ], [ 89.402582863785085, 22.094064412919636 ], [ 89.404828651995388, 22.094064412919636 ], [ 89.404828651995388, 22.09855598934023 ], [ 89.407074440205676, 22.09855598934023 ] ] ] } },
{ "type": "Feature", "properties": { "protected_km2": 0.34684126348231537 }, "geometry": { "type": "Polygon", "coordinates": [ [ [ 89.207199289489083, 22.091818624709333 ], [ 89.207199289489083, 22.089572836499038 ], [ 89.204953501278794, 22.089572836499038 ], [ 89.204953501278794, 22.085081260078439 ], [ 89.202707713068492, 22.085081260078439 ], [ 89.202707713068492, 22.087327048288735 ], [ 89.200461924858189, 22.087327048288735 ], [ 89.200461924858189, 22.091818624709333 ], [ 89.207199289489083, 22.091818624709333 ] ] ] } },
{ "type": "Feature", "properties": { "protected_km2": 0.34690822889011746 }, "geometry": { "type": "Polygon", "coordinates": [ [ [ 89.106138820025649, 22.094064412919636 ], [ 89.106138820025649, 22.089572836499038 ], [ 89.108384608235937, 22.089572836499038 ], [ 89.108384608235937, 22.085081260078439 ], [ 89.106138820025649, 22.085081260078439 ], [ 89.106138820025649, 22.087327048288735 ], [ 89.101647243605044, 22.087327048288735 ], [ 89.101647243605044, 22.089572836499038 ], [ 89.103893031815346, 22.089572836499038 ], [ 89.103893031815346, 22.094064412919636 ], [ 89.106138820025649, 22.094064412919636 ] ] ] } },
{ "type": "Feature", "properties": { "protected_km2": 0.51992787839004084 }, "geometry": { "type": "Polygon", "coordinates": [ [ [ 89.537330156403016, 22.094064412919636 ], [ 89.537330156403016, 22.091818624709333 ], [ 89.544067521033909, 22.091818624709333 ], [ 89.544067521033909, 22.089572836499038 ], [ 89.539575944613318, 22.089572836499038 ], [ 89.539575944613318, 22.087327048288735 ], [ 89.541821732823607, 22.087327048288735 ], [ 89.541821732823607, 22.085081260078439 ], [ 89.539575944613318, 22.085081260078439 ], [ 89.539575944613318, 22.08283547186814 ], [ 89.537330156403016, 22.08283547186814 ], [ 89.537330156403016, 22.089572836499038 ], [ 89.535084368192713, 22.089572836499038 ], [ 89.535084368192713, 22.094064412919636 ], [ 89.537330156403016, 22.094064412919636 ] ] ] } },
{ "type": "Feature", "properties": { "protected_km2": 0.28892277720739834 }, "geometry": { "type": "Polygon", "coordinates": [ [ [ 89.411566016626281, 22.089572836499038 ], [ 89.411566016626281, 22.085081260078439 ], [ 89.413811804836584, 22.085081260078439 ], [ 89.413811804836584, 22.08283547186814 ], [ 89.409320228415979, 22.08283547186814 ], [ 89.409320228415979, 22.087327048288735 ], [ 89.407074440205676, 22.087327048288735 ], [ 89.407074440205676, 22.089572836499038 ], [ 89.411566016626281, 22.089572836499038 ] ] ] } },
{ "type": "Feature", "properties": { "protected_km2": 0.28909536310742506 }, "geometry": { "type": "Polygon", "coordinates": [ [ [ 89.119613549287436, 22.087327048288735 ], [ 89.119613549287436, 22.085081260078439 ], [ 89.115121972866845, 22.085081260078439 ], [ 89.115121972866845, 22.08283547186814 ], [ 89.112876184656542, 22.08283547186814 ], [ 89.112876184656542, 22.085081260078439 ], [ 89.11063039644624, 22.085081260078439 ], [ 89.11063039644624, 22.087327048288735 ], [ 89.119613549287436, 22.087327048288735 ] ] ] } },
{ "type": "Feature", "properties": { "protected_km2": 0.40438425751687213 }, "geometry": { "type": "Polygon", "coordinates": [ [ [ 89.553050673875106, 22.087327048288735 ], [ 89.553050673875106, 22.085081260078439 ], [ 89.555296462085408, 22.085081260078439 ], [ 89.555296462085408, 22.087327048288735 ], [ 89.559788038505999, 22.087327048288735 ], [ 89.559788038505999, 22.085081260078439 ], [ 89.557542250295697, 22.085081260078439 ], [ 89.557542250295697, 22.08283547186814 ], [ 89.5485590974545, 22.08283547186814 ], [ 89.5485590974545, 22.085081260078439 ], [ 89.550804885664803, 22.085081260078439 ], [ 89.550804885664803, 22.087327048288735 ], [ 89.553050673875106, 22.087327048288735 ] ] ] } },
{ "type": "Feature", "properties": { "protected_km2": 0.28880220273164309 }, "geometry": { "type": "Polygon", "coordinates": [ [ [ 89.640636414076752, 22.087327048288735 ], [ 89.640636414076752, 22.085081260078439 ], [ 89.642882202287055, 22.085081260078439 ], [ 89.642882202287055, 22.08283547186814 ], [ 89.633899049445859, 22.08283547186814 ], [ 89.633899049445859, 22.085081260078439 ], [ 89.638390625866464, 22.085081260078439 ], [ 89.638390625866464, 22.087327048288735 ], [ 89.640636414076752, 22.087327048288735 ] ] ] } },
{ "type": "Feature", "properties": { "protected_km2": 0.34653338150784285 }, "geometry": { "type": "Polygon", "coordinates": [ [ [ 89.69453533112393, 22.087327048288735 ], [ 89.69453533112393, 22.085081260078439 ], [ 89.692289542913628, 22.085081260078439 ], [ 89.692289542913628, 22.08283547186814 ], [ 89.683306390072431, 22.08283547186814 ], [ 89.683306390072431, 22.085081260078439 ], [ 89.690043754703339, 22.085081260078439 ], [ 89.690043754703339, 22.087327048288735 ], [ 89.69453533112393, 22.087327048288735 ] ] ] } },
{ "type": "Feature", "properties": { "protected_km2": 0.34641973289845757 }, "geometry": { "type": "Polygon", "coordinates": [ [ [ 89.885427328999327, 22.089572836499038 ], [ 89.885427328999327, 22.085081260078439 ], [ 89.880935752578736, 22.085081260078439 ], [ 89.880935752578736, 22.08283547186814 ], [ 89.876444176158131, 22.08283547186814 ], [ 89.876444176158131, 22.085081260078439 ], [ 89.878689964368434, 22.085081260078439 ], [ 89.878689964368434, 22.087327048288735 ], [ 89.883181540789025, 22.087327048288735 ], [ 89.883181540789025, 22.089572836499038 ], [ 89.885427328999327, 22.089572836499038 ] ] ] } },
{ "type": "Feature", "properties": { "protected_km2": 0.2889285430687305 }, "geometry": { "type": "Polygon", "coordinates": [ [ [ 89.409320228415979, 22.087327048288735 ], [ 89.409320228415979, 22.08283547186814 ], [ 89.407074440205676, 22.08283547186814 ], [ 89.407074440205676, 22.080589683657841 ], [ 89.404828651995388, 22.080589683657841 ], [ 89.404828651995388, 22.087327048288735 ], [ 89.409320228415979, 22.087327048288735 ] ] ] } },
{ "type": "Feature", "properties": { "protected_km2": 0.46223490040514315 }, "geometry": { "type": "Polygon", "coordinates": [ [ [ 89.467710721883748, 22.087327048288735 ], [ 89.467710721883748, 22.085081260078439 ], [ 89.46995651009405, 22.085081260078439 ], [ 89.46995651009405, 22.08283547186814 ], [ 89.472202298304353, 22.08283547186814 ], [ 89.472202298304353, 22.080589683657841 ], [ 89.467710721883748, 22.080589683657841 ], [ 89.467710721883748, 22.08283547186814 ], [ 89.463219145463157, 22.08283547186814 ], [ 89.463219145463157, 22.085081260078439 ], [ 89.460973357252854, 22.085081260078439 ], [ 89.460973357252854, 22.087327048288735 ], [ 89.467710721883748, 22.087327048288735 ] ] ] } },
{ "type": "Feature", "properties": { "protected_km2": 0.28907233088326117 }, "geometry": { "type": "Polygon", "coordinates": [ [ [ 89.162283525283115, 22.085081260078439 ], [ 89.162283525283115, 22.080589683657841 ], [ 89.15779194886251, 22.080589683657841 ], [ 89.15779194886251, 22.08283547186814 ], [ 89.155546160652221, 22.08283547186814 ], [ 89.155546160652221, 22.085081260078439 ], [ 89.162283525283115, 22.085081260078439 ] ] ] } },
{ "type": "Feature", "properties": { "protected_km2": 0.40455396484866435 }, "geometry": { "type": "Polygon", "coordinates": [ [ [ 89.344192370317316, 22.087327048288735 ], [ 89.344192370317316, 22.085081260078439 ], [ 89.337455005686422, 22.085081260078439 ], [ 89.337455005686422, 22.080589683657841 ], [ 89.33520921747612, 22.080589683657841 ], [ 89.33520921747612, 22.08283547186814 ], [ 89.332963429265817, 22.08283547186814 ], [ 89.332963429265817, 22.085081260078439 ], [ 89.33520921747612, 22.085081260078439 ], [ 89.33520921747612, 22.087327048288735 ], [ 89.344192370317316, 22.087327048288735 ] ] ] } },
{ "type": "Feature", "properties": { "protected_km2": 0.2887568360235403 }, "geometry": { "type": "Polygon", "coordinates": [ [ [ 89.7416968835402, 22.085081260078439 ], [ 89.7416968835402, 22.08283547186814 ], [ 89.746188459960806, 22.08283547186814 ], [ 89.746188459960806, 22.080589683657841 ], [ 89.739451095329912, 22.080589683657841 ], [ 89.739451095329912, 22.08283547186814 ], [ 89.737205307119609, 22.08283547186814 ], [ 89.737205307119609, 22.085081260078439 ], [ 89.7416968835402, 22.085081260078439 ] ] ] } },
{ "type": "Feature", "properties": { "protected_km2": 0.40476291562062472 }, "geometry": { "type": "Polygon", "coordinates": [ [ [ 89.083680937922651, 22.087327048288735 ], [ 89.083680937922651, 22.085081260078439 ], [ 89.081435149712362, 22.085081260078439 ], [ 89.081435149712362, 22.080589683657841 ], [ 89.074697785081455, 22.080589683657841 ], [ 89.074697785081455, 22.08283547186814 ], [ 89.076943573291757, 22.08283547186814 ], [ 89.076943573291757, 22.085081260078439 ], [ 89.07918936150206, 22.085081260078439 ], [ 89.07918936150206, 22.087327048288735 ], [ 89.083680937922651, 22.087327048288735 ] ] ] } },
{ "type": "Feature", "properties": { "protected_km2": 0.57786096115382213 }, "geometry": { "type": "Polygon", "coordinates": [ [ [ 89.400337075574782, 22.091818624709333 ], [ 89.400337075574782, 22.089572836499038 ], [ 89.402582863785085, 22.089572836499038 ], [ 89.402582863785085, 22.08283547186814 ], [ 89.400337075574782, 22.08283547186814 ], [ 89.400337075574782, 22.078343895447542 ], [ 89.398091287364494, 22.078343895447542 ], [ 89.398091287364494, 22.08283547186814 ], [ 89.395845499154191, 22.08283547186814 ], [ 89.395845499154191, 22.085081260078439 ], [ 89.398091287364494, 22.085081260078439 ], [ 89.398091287364494, 22.091818624709333 ], [ 89.400337075574782, 22.091818624709333 ] ] ] } },
{ "type": "Feature", "properties": { "protected_km2": 0.40430946980200133 }, "geometry": { "type": "Polygon", "coordinates": [ [ [ 89.676569025441538, 22.085081260078439 ], [ 89.676569025441538, 22.08283547186814 ], [ 89.67881481365184, 22.08283547186814 ], [ 89.67881481365184, 22.078343895447542 ], [ 89.674323237231235, 22.078343895447542 ], [ 89.674323237231235, 22.080589683657841 ], [ 89.672077449020946, 22.080589683657841 ], [ 89.672077449020946, 22.085081260078439 ], [ 89.676569025441538, 22.085081260078439 ] ] ] } },
{ "type": "Feature", "properties": { "protected_km2": 0.75127956707540733 }, "geometry": { "type": "Polygon", "coordinates": [ [ [ 89.362158675999709, 22.087327048288735 ], [ 89.362158675999709, 22.085081260078439 ], [ 89.3666502524203, 22.085081260078439 ], [ 89.3666502524203, 22.087327048288735 ], [ 89.371141828840905, 22.087327048288735 ], [ 89.371141828840905, 22.085081260078439 ], [ 89.368896040630602, 22.085081260078439 ], [ 89.368896040630602, 22.08283547186814 ], [ 89.3666502524203, 22.08283547186814 ], [ 89.3666502524203, 22.080589683657841 ], [ 89.357667099579103, 22.080589683657841 ], [ 89.357667099579103, 22.078343895447542 ], [ 89.355421311368815, 22.078343895447542 ], [ 89.355421311368815, 22.08283547186814 ], [ 89.359912887789406, 22.08283547186814 ], [ 89.359912887789406, 22.087327048288735 ], [ 89.362158675999709, 22.087327048288735 ] ] ] } },
{ "type": "Feature", "properties": { "protected_km2": 0.28885171900139556 }, "geometry": { "type": "Polygon", "coordinates": [ [ [ 89.564279614926605, 22.085081260078439 ], [ 89.564279614926605, 22.080589683657841 ], [ 89.562033826716302, 22.080589683657841 ], [ 89.562033826716302, 22.078343895447542 ], [ 89.557542250295697, 22.078343895447542 ], [ 89.557542250295697, 22.080589683657841 ], [ 89.559788038505999, 22.080589683657841 ], [ 89.559788038505999, 22.08283547186814 ], [ 89.562033826716302, 22.08283547186814 ], [ 89.562033826716302, 22.085081260078439 ], [ 89.564279614926605, 22.085081260078439 ] ] ] } },
{ "type": "Feature", "properties": { "protected_km2": 0.28877139324242485 }, "geometry": { "type": "Polygon", "coordinates": [ [ [ 89.721484789647519, 22.085081260078439 ], [ 89.721484789647519, 22.080589683657841 ], [ 89.719239001437217, 22.080589683657841 ], [ 89.719239001437217, 22.078343895447542 ], [ 89.714747425016625, 22.078343895447542 ], [ 89.714747425016625, 22.080589683657841 ], [ 89.716993213226914, 22.080589683657841 ], [ 89.716993213226914, 22.08283547186814 ], [ 89.719239001437217, 22.08283547186814 ], [ 89.719239001437217, 22.085081260078439 ], [ 89.721484789647519, 22.085081260078439 ] ] ] } },
{ "type": "Feature", "properties": { "protected_km2": 1.4455714265648458 }, "geometry": { "type": "Polygon", "coordinates": [ [ [ 89.070206208660863, 22.09855598934023 ], [ 89.070206208660863, 22.094064412919636 ], [ 89.067960420450561, 22.094064412919636 ], [ 89.067960420450561, 22.091818624709333 ], [ 89.072451996871166, 22.091818624709333 ], [ 89.072451996871166, 22.085081260078439 ], [ 89.067960420450561, 22.085081260078439 ], [ 89.067960420450561, 22.080589683657841 ], [ 89.070206208660863, 22.080589683657841 ], [ 89.070206208660863, 22.076098107237243 ], [ 89.067960420450561, 22.076098107237243 ], [ 89.067960420450561, 22.078343895447542 ], [ 89.065714632240258, 22.078343895447542 ], [ 89.065714632240258, 22.08283547186814 ], [ 89.06346884402997, 22.08283547186814 ], [ 89.06346884402997, 22.085081260078439 ], [ 89.065714632240258, 22.085081260078439 ], [ 89.065714632240258, 22.087327048288735 ], [ 89.061223055819667, 22.087327048288735 ], [ 89.061223055819667, 22.089572836499038 ], [ 89.06346884402997, 22.089572836499038 ], [ 89.06346884402997, 22.096310201129931 ], [ 89.065714632240258, 22.096310201129931 ], [ 89.065714632240258, 22.09855598934023 ], [ 89.070206208660863, 22.09855598934023 ] ] ] } },
{ "type": "Feature", "properties": { "protected_km2": 0.5204163476432383 }, "geometry": { "type": "Polygon", "coordinates": [ [ [ 89.085926726132953, 22.085081260078439 ], [ 89.085926726132953, 22.080589683657841 ], [ 89.090418302553545, 22.080589683657841 ], [ 89.090418302553545, 22.078343895447542 ], [ 89.088172514343256, 22.078343895447542 ], [ 89.088172514343256, 22.076098107237243 ], [ 89.083680937922651, 22.076098107237243 ], [ 89.083680937922651, 22.080589683657841 ], [ 89.081435149712362, 22.080589683657841 ], [ 89.081435149712362, 22.085081260078439 ], [ 89.085926726132953, 22.085081260078439 ] ] ] } },
{ "type": "Feature", "properties": { "protected_km2": 0.63528352960834877 }, "geometry": { "type": "Polygon", "coordinates": [ [ [ 89.732713730699004, 22.087327048288735 ], [ 89.732713730699004, 22.085081260078439 ], [ 89.734959518909307, 22.085081260078439 ], [ 89.734959518909307, 22.08283547186814 ], [ 89.732713730699004, 22.08283547186814 ], [ 89.732713730699004, 22.080589683657841 ], [ 89.730467942488715, 22.080589683657841 ], [ 89.730467942488715, 22.08283547186814 ], [ 89.72597636606811, 22.08283547186814 ], [ 89.72597636606811, 22.078343895447542 ], [ 89.728222154278413, 22.078343895447542 ], [ 89.728222154278413, 22.076098107237243 ], [ 89.723730577857808, 22.076098107237243 ], [ 89.723730577857808, 22.085081260078439 ], [ 89.730467942488715, 22.085081260078439 ], [ 89.730467942488715, 22.087327048288735 ], [ 89.732713730699004, 22.087327048288735 ] ] ] } },
{ "type": "Feature", "properties": { "protected_km2": 0.40473651601508859 }, "geometry": { "type": "Polygon", "coordinates": [ [ [ 89.124105125708027, 22.08283547186814 ], [ 89.124105125708027, 22.080589683657841 ], [ 89.12635091391833, 22.080589683657841 ], [ 89.12635091391833, 22.078343895447542 ], [ 89.130842490338935, 22.078343895447542 ], [ 89.130842490338935, 22.076098107237243 ], [ 89.121859337497739, 22.076098107237243 ], [ 89.121859337497739, 22.08283547186814 ], [ 89.124105125708027, 22.08283547186814 ] ] ] } },
{ "type": "Feature", "properties": { "protected_km2": 0.34690668777435751 }, "geometry": { "type": "Polygon", "coordinates": [ [ [ 89.139825643180131, 22.085081260078439 ], [ 89.139825643180131, 22.080589683657841 ], [ 89.14207143139042, 22.080589683657841 ], [ 89.14207143139042, 22.078343895447542 ], [ 89.139825643180131, 22.078343895447542 ], [ 89.139825643180131, 22.076098107237243 ], [ 89.137579854969829, 22.076098107237243 ], [ 89.137579854969829, 22.078343895447542 ], [ 89.135334066759526, 22.078343895447542 ], [ 89.135334066759526, 22.080589683657841 ], [ 89.137579854969829, 22.080589683657841 ], [ 89.137579854969829, 22.085081260078439 ], [ 89.139825643180131, 22.085081260078439 ] ] ] } },
{ "type": "Feature", "properties": { "protected_km2": 1.4447484281755196 }, "geometry": { "type": "Polygon", "coordinates": [ [ [ 89.357667099579103, 22.089572836499038 ], [ 89.359912887789406, 22.089572836499038 ], [ 89.359912887789406, 22.087327048288735 ], [ 89.353175523158512, 22.087327048288735 ], [ 89.353175523158512, 22.085081260078439 ], [ 89.35092973494821, 22.085081260078439 ], [ 89.35092973494821, 22.080589683657841 ], [ 89.353175523158512, 22.080589683657841 ], [ 89.353175523158512, 22.078343895447542 ], [ 89.355421311368815, 22.078343895447542 ], [ 89.355421311368815, 22.076098107237243 ], [ 89.35092973494821, 22.076098107237243 ], [ 89.35092973494821, 22.078343895447542 ], [ 89.346438158527619, 22.078343895447542 ], [ 89.346438158527619, 22.080589683657841 ], [ 89.348683946737907, 22.080589683657841 ], [ 89.348683946737907, 22.085081260078439 ], [ 89.346438158527619, 22.085081260078439 ], [ 89.346438158527619, 22.087327048288735 ], [ 89.35092973494821, 22.087327048288735 ], [ 89.35092973494821, 22.091818624709333 ], [ 89.353175523158512, 22.091818624709333 ], [ 89.353175523158512, 22.09855598934023 ], [ 89.357667099579103, 22.09855598934023 ], [ 89.357667099579103, 22.096310201129931 ], [ 89.362158675999709, 22.096310201129931 ], [ 89.362158675999709, 22.094064412919636 ], [ 89.359912887789406, 22.094064412919636 ], [ 89.359912887789406, 22.091818624709333 ], [ 89.357667099579103, 22.091818624709333 ], [ 89.357667099579103, 22.089572836499038 ] ], [ [ 89.357667099579103, 22.094064412919636 ], [ 89.355421311368815, 22.094064412919636 ], [ 89.355421311368815, 22.091818624709333 ], [ 89.357667099579103, 22.091818624709333 ], [ 89.357667099579103, 22.094064412919636 ] ] ] } },
{ "type": "Feature", "properties": { "protected_km2": 0.34658141155547084 }, "geometry": { "type": "Polygon", "coordinates": [ [ [ 89.638390625866464, 22.08283547186814 ], [ 89.638390625866464, 22.080589683657841 ], [ 89.636144837656161, 22.080589683657841 ], [ 89.636144837656161, 22.078343895447542 ], [ 89.63165326123557, 22.078343895447542 ], [ 89.63165326123557, 22.076098107237243 ], [ 89.629407473025267, 22.076098107237243 ], [ 89.629407473025267, 22.080589683657841 ], [ 89.633899049445859, 22.080589683657841 ], [ 89.633899049445859, 22.08283547186814 ], [ 89.638390625866464, 22.08283547186814 ] ] ] } },
{ "type": "Feature", "properties": { "protected_km2": 0.34654439198283721 }, "geometry": { "type": "Polygon", "coordinates": [ [ [ 89.696781119334233, 22.08283547186814 ], [ 89.696781119334233, 22.078343895447542 ], [ 89.701272695754824, 22.078343895447542 ], [ 89.701272695754824, 22.076098107237243 ], [ 89.69453533112393, 22.076098107237243 ], [ 89.69453533112393, 22.078343895447542 ], [ 89.692289542913628, 22.078343895447542 ], [ 89.692289542913628, 22.080589683657841 ], [ 89.69453533112393, 22.080589683657841 ], [ 89.69453533112393, 22.08283547186814 ], [ 89.696781119334233, 22.08283547186814 ] ] ] } },
{ "type": "Feature", "properties": { "protected_km2": 0.28892985091334272 }, "geometry": { "type": "Polygon", "coordinates": [ [ [ 89.436269686939568, 22.078343895447542 ], [ 89.436269686939568, 22.076098107237243 ], [ 89.425040745888069, 22.076098107237243 ], [ 89.425040745888069, 22.078343895447542 ], [ 89.436269686939568, 22.078343895447542 ] ] ] } },
{ "type": "Feature", "properties": { "protected_km2": 0.69342710934466112 }, "geometry": { "type": "Polygon", "coordinates": [ [ [ 89.420549169467478, 22.087327048288735 ], [ 89.420549169467478, 22.085081260078439 ], [ 89.425040745888069, 22.085081260078439 ], [ 89.425040745888069, 22.08283547186814 ], [ 89.420549169467478, 22.08283547186814 ], [ 89.420549169467478, 22.080589683657841 ], [ 89.418303381257175, 22.080589683657841 ], [ 89.418303381257175, 22.078343895447542 ], [ 89.420549169467478, 22.078343895447542 ], [ 89.420549169467478, 22.076098107237243 ], [ 89.418303381257175, 22.076098107237243 ], [ 89.418303381257175, 22.073852319026944 ], [ 89.416057593046872, 22.073852319026944 ], [ 89.416057593046872, 22.080589683657841 ], [ 89.413811804836584, 22.080589683657841 ], [ 89.413811804836584, 22.08283547186814 ], [ 89.416057593046872, 22.08283547186814 ], [ 89.416057593046872, 22.085081260078439 ], [ 89.418303381257175, 22.085081260078439 ], [ 89.418303381257175, 22.087327048288735 ], [ 89.420549169467478, 22.087327048288735 ] ] ] } },
{ "type": "Feature", "properties": { "protected_km2": 0.34664209619535097 }, "geometry": { "type": "Polygon", "coordinates": [ [ [ 89.541821732823607, 22.08283547186814 ], [ 89.541821732823607, 22.078343895447542 ], [ 89.546313309244212, 22.078343895447542 ], [ 89.546313309244212, 22.073852319026944 ], [ 89.544067521033909, 22.073852319026944 ], [ 89.544067521033909, 22.076098107237243 ], [ 89.539575944613318, 22.076098107237243 ], [ 89.539575944613318, 22.08283547186814 ], [ 89.541821732823607, 22.08283547186814 ] ] ] } },
{ "type": "Feature", "properties": { "protected_km2": 0.28897881957839966 }, "geometry": { "type": "Polygon", "coordinates": [ [ [ 89.344192370317316, 22.080589683657841 ], [ 89.344192370317316, 22.078343895447542 ], [ 89.341946582107013, 22.078343895447542 ], [ 89.341946582107013, 22.073852319026944 ], [ 89.339700793896725, 22.073852319026944 ], [ 89.339700793896725, 22.076098107237243 ], [ 89.337455005686422, 22.076098107237243 ], [ 89.337455005686422, 22.078343895447542 ], [ 89.339700793896725, 22.078343895447542 ], [ 89.339700793896725, 22.080589683657841 ], [ 89.344192370317316, 22.080589683657841 ] ] ] } },
{ "type": "Feature", "properties": { "protected_km2": 0.40429279001147134 }, "geometry": { "type": "Polygon", "coordinates": [ [ [ 89.723730577857808, 22.080589683657841 ], [ 89.723730577857808, 22.078343895447542 ], [ 89.721484789647519, 22.078343895447542 ], [ 89.721484789647519, 22.076098107237243 ], [ 89.716993213226914, 22.076098107237243 ], [ 89.716993213226914, 22.073852319026944 ], [ 89.714747425016625, 22.073852319026944 ], [ 89.714747425016625, 22.076098107237243 ], [ 89.712501636806323, 22.076098107237243 ], [ 89.712501636806323, 22.078343895447542 ], [ 89.719239001437217, 22.078343895447542 ], [ 89.719239001437217, 22.080589683657841 ], [ 89.723730577857808, 22.080589683657841 ] ] ] } },
{ "type": "Feature", "properties": { "protected_km2": 0.40456946239152924 }, "geometry": { "type": "Polygon", "coordinates": [ [ [ 89.35092973494821, 22.078343895447542 ], [ 89.35092973494821, 22.076098107237243 ], [ 89.355421311368815, 22.076098107237243 ], [ 89.355421311368815, 22.073852319026944 ], [ 89.35092973494821, 22.073852319026944 ], [ 89.35092973494821, 22.071606530816645 ], [ 89.348683946737907, 22.071606530816645 ], [ 89.348683946737907, 22.073852319026944 ], [ 89.346438158527619, 22.073852319026944 ], [ 89.346438158527619, 22.078343895447542 ], [ 89.35092973494821, 22.078343895447542 ] ] ] } },
{ "type": "Feature", "properties": { "protected_km2": 0.57779332219112489 }, "geometry": { "type": "Polygon", "coordinates": [ [ [ 89.490168603986746, 22.085081260078439 ], [ 89.490168603986746, 22.08283547186814 ], [ 89.492414392197034, 22.08283547186814 ], [ 89.492414392197034, 22.080589683657841 ], [ 89.490168603986746, 22.080589683657841 ], [ 89.490168603986746, 22.076098107237243 ], [ 89.494660180407337, 22.076098107237243 ], [ 89.494660180407337, 22.073852319026944 ], [ 89.492414392197034, 22.073852319026944 ], [ 89.492414392197034, 22.071606530816645 ], [ 89.490168603986746, 22.071606530816645 ], [ 89.490168603986746, 22.073852319026944 ], [ 89.487922815776443, 22.073852319026944 ], [ 89.487922815776443, 22.076098107237243 ], [ 89.48567702756614, 22.076098107237243 ], [ 89.48567702756614, 22.078343895447542 ], [ 89.487922815776443, 22.078343895447542 ], [ 89.487922815776443, 22.085081260078439 ], [ 89.490168603986746, 22.085081260078439 ] ] ] } },
{ "type": "Feature", "properties": { "protected_km2": 0.46223414312287581 }, "geometry": { "type": "Polygon", "coordinates": [ [ [ 89.505889121458836, 22.078343895447542 ], [ 89.505889121458836, 22.076098107237243 ], [ 89.50139754503823, 22.076098107237243 ], [ 89.50139754503823, 22.073852319026944 ], [ 89.503643333248533, 22.073852319026944 ], [ 89.503643333248533, 22.071606530816645 ], [ 89.496905968617639, 22.071606530816645 ], [ 89.496905968617639, 22.076098107237243 ], [ 89.499151756827928, 22.076098107237243 ], [ 89.499151756827928, 22.078343895447542 ], [ 89.505889121458836, 22.078343895447542 ] ] ] } },
{ "type": "Feature", "properties": { "protected_km2": 0.28898285208581437 }, "geometry": { "type": "Polygon", "coordinates": [ [ [ 89.346438158527619, 22.078343895447542 ], [ 89.346438158527619, 22.073852319026944 ], [ 89.344192370317316, 22.073852319026944 ], [ 89.344192370317316, 22.071606530816645 ], [ 89.339700793896725, 22.071606530816645 ], [ 89.339700793896725, 22.073852319026944 ], [ 89.341946582107013, 22.073852319026944 ], [ 89.341946582107013, 22.076098107237243 ], [ 89.344192370317316, 22.076098107237243 ], [ 89.344192370317316, 22.078343895447542 ], [ 89.346438158527619, 22.078343895447542 ] ] ] } },
{ "type": "Feature", "properties": { "protected_km2": 0.34680057933640707 }, "geometry": { "type": "Polygon", "coordinates": [ [ [ 89.321734488214332, 22.076098107237243 ], [ 89.321734488214332, 22.069360742606346 ], [ 89.31948870000403, 22.069360742606346 ], [ 89.31948870000403, 22.071606530816645 ], [ 89.317242911793727, 22.071606530816645 ], [ 89.317242911793727, 22.073852319026944 ], [ 89.314997123583439, 22.073852319026944 ], [ 89.314997123583439, 22.076098107237243 ], [ 89.321734488214332, 22.076098107237243 ] ] ] } },
{ "type": "Feature", "properties": { "protected_km2": 0.28881648441467217 }, "geometry": { "type": "Polygon", "coordinates": [ [ [ 89.665340084390039, 22.076098107237243 ], [ 89.665340084390039, 22.069360742606346 ], [ 89.66309429617975, 22.069360742606346 ], [ 89.66309429617975, 22.073852319026944 ], [ 89.658602719759145, 22.073852319026944 ], [ 89.658602719759145, 22.076098107237243 ], [ 89.665340084390039, 22.076098107237243 ] ] ] } },
{ "type": "Feature", "properties": { "protected_km2": 0.28905498578392191 }, "geometry": { "type": "Polygon", "coordinates": [ [ [ 89.231902959802369, 22.073852319026944 ], [ 89.231902959802369, 22.071606530816645 ], [ 89.229657171592081, 22.071606530816645 ], [ 89.229657171592081, 22.069360742606346 ], [ 89.225165595171475, 22.069360742606346 ], [ 89.225165595171475, 22.073852319026944 ], [ 89.231902959802369, 22.073852319026944 ] ] ] } },
{ "type": "Feature", "properties": { "protected_km2": 0.28884691961680858 }, "geometry": { "type": "Polygon", "coordinates": [ [ [ 89.60694959092227, 22.076098107237243 ], [ 89.60694959092227, 22.073852319026944 ], [ 89.604703802711981, 22.073852319026944 ], [ 89.604703802711981, 22.071606530816645 ], [ 89.602458014501678, 22.071606530816645 ], [ 89.602458014501678, 22.069360742606346 ], [ 89.600212226291376, 22.069360742606346 ], [ 89.600212226291376, 22.073852319026944 ], [ 89.602458014501678, 22.073852319026944 ], [ 89.602458014501678, 22.076098107237243 ], [ 89.60694959092227, 22.076098107237243 ] ] ] } },
{ "type": "Feature", "properties": { "protected_km2": 0.34673892900483388 }, "geometry": { "type": "Polygon", "coordinates": [ [ [ 89.409320228415979, 22.078343895447542 ], [ 89.409320228415979, 22.076098107237243 ], [ 89.411566016626281, 22.076098107237243 ], [ 89.411566016626281, 22.073852319026944 ], [ 89.409320228415979, 22.073852319026944 ], [ 89.409320228415979, 22.069360742606346 ], [ 89.404828651995388, 22.069360742606346 ], [ 89.404828651995388, 22.071606530816645 ], [ 89.407074440205676, 22.071606530816645 ], [ 89.407074440205676, 22.078343895447542 ], [ 89.409320228415979, 22.078343895447542 ] ] ] } },
{ "type": "Feature", "properties": { "protected_km2": 0.28879269118329032 }, "geometry": { "type": "Polygon", "coordinates": [ [ [ 89.716993213226914, 22.073852319026944 ], [ 89.716993213226914, 22.069360742606346 ], [ 89.71025584859602, 22.069360742606346 ], [ 89.71025584859602, 22.071606530816645 ], [ 89.712501636806323, 22.071606530816645 ], [ 89.712501636806323, 22.073852319026944 ], [ 89.716993213226914, 22.073852319026944 ] ] ] } },
{ "type": "Feature", "properties": { "protected_km2": 0.5777557797771925 }, "geometry": { "type": "Polygon", "coordinates": [ [ [ 89.553050673875106, 22.076098107237243 ], [ 89.553050673875106, 22.071606530816645 ], [ 89.5485590974545, 22.071606530816645 ], [ 89.5485590974545, 22.067114954396047 ], [ 89.544067521033909, 22.067114954396047 ], [ 89.544067521033909, 22.073852319026944 ], [ 89.5485590974545, 22.073852319026944 ], [ 89.5485590974545, 22.076098107237243 ], [ 89.553050673875106, 22.076098107237243 ] ] ] } },
{ "type": "Feature", "properties": { "protected_km2": 0.69347082319712539 }, "geometry": { "type": "Polygon", "coordinates": [ [ [ 89.427286534098371, 22.076098107237243 ], [ 89.427286534098371, 22.073852319026944 ], [ 89.425040745888069, 22.073852319026944 ], [ 89.425040745888069, 22.071606530816645 ], [ 89.42279495767778, 22.071606530816645 ], [ 89.42279495767778, 22.069360742606346 ], [ 89.420549169467478, 22.069360742606346 ], [ 89.420549169467478, 22.067114954396047 ], [ 89.418303381257175, 22.067114954396047 ], [ 89.418303381257175, 22.069360742606346 ], [ 89.413811804836584, 22.069360742606346 ], [ 89.413811804836584, 22.071606530816645 ], [ 89.416057593046872, 22.071606530816645 ], [ 89.416057593046872, 22.073852319026944 ], [ 89.420549169467478, 22.073852319026944 ], [ 89.420549169467478, 22.076098107237243 ], [ 89.427286534098371, 22.076098107237243 ] ] ] } },
{ "type": "Feature", "properties": { "protected_km2": 0.2889224881424195 }, "geometry": { "type": "Polygon", "coordinates": [ [ [ 89.46995651009405, 22.071606530816645 ], [ 89.46995651009405, 22.069360742606346 ], [ 89.476693874724944, 22.069360742606346 ], [ 89.476693874724944, 22.067114954396047 ], [ 89.467710721883748, 22.067114954396047 ], [ 89.467710721883748, 22.071606530816645 ], [ 89.46995651009405, 22.071606530816645 ] ] ] } },
{ "type": "Feature", "properties": { "protected_km2": 0.69377741272597693 }, "geometry": { "type": "Polygon", "coordinates": [ [ [ 89.1982161366479, 22.076098107237243 ], [ 89.1982161366479, 22.071606530816645 ], [ 89.195970348437598, 22.071606530816645 ], [ 89.195970348437598, 22.067114954396047 ], [ 89.186987195596402, 22.067114954396047 ], [ 89.186987195596402, 22.069360742606346 ], [ 89.189232983806704, 22.069360742606346 ], [ 89.189232983806704, 22.073852319026944 ], [ 89.193724560227295, 22.073852319026944 ], [ 89.193724560227295, 22.076098107237243 ], [ 89.1982161366479, 22.076098107237243 ] ], [ [ 89.191478772016993, 22.069360742606346 ], [ 89.193724560227295, 22.069360742606346 ], [ 89.193724560227295, 22.071606530816645 ], [ 89.191478772016993, 22.071606530816645 ], [ 89.191478772016993, 22.069360742606346 ] ] ] } },
{ "type": "Feature", "properties": { "protected_km2": 0.63561498077790035 }, "geometry": { "type": "Polygon", "coordinates": [ [ [ 89.48567702756614, 22.076098107237243 ], [ 89.48567702756614, 22.073852319026944 ], [ 89.483431239355838, 22.073852319026944 ], [ 89.483431239355838, 22.069360742606346 ], [ 89.48567702756614, 22.069360742606346 ], [ 89.48567702756614, 22.064869166185751 ], [ 89.481185451145549, 22.064869166185751 ], [ 89.481185451145549, 22.067114954396047 ], [ 89.478939662935247, 22.067114954396047 ], [ 89.478939662935247, 22.073852319026944 ], [ 89.481185451145549, 22.073852319026944 ], [ 89.481185451145549, 22.076098107237243 ], [ 89.48567702756614, 22.076098107237243 ] ] ] } },
{ "type": "Feature", "properties": { "protected_km2": 0.46260950897571568 }, "geometry": { "type": "Polygon", "coordinates": [ [ [ 89.101647243605044, 22.076098107237243 ], [ 89.101647243605044, 22.071606530816645 ], [ 89.099401455394741, 22.071606530816645 ], [ 89.099401455394741, 22.064869166185751 ], [ 89.097155667184452, 22.064869166185751 ], [ 89.097155667184452, 22.069360742606346 ], [ 89.09490987897415, 22.069360742606346 ], [ 89.09490987897415, 22.071606530816645 ], [ 89.097155667184452, 22.071606530816645 ], [ 89.097155667184452, 22.076098107237243 ], [ 89.101647243605044, 22.076098107237243 ] ] ] } },
{ "type": "Feature", "properties": { "protected_km2": 0.28894650853627435 }, "geometry": { "type": "Polygon", "coordinates": [ [ [ 89.434023898729265, 22.071606530816645 ], [ 89.434023898729265, 22.069360742606346 ], [ 89.436269686939568, 22.069360742606346 ], [ 89.436269686939568, 22.064869166185751 ], [ 89.431778110518962, 22.064869166185751 ], [ 89.431778110518962, 22.071606530816645 ], [ 89.434023898729265, 22.071606530816645 ] ] ] } },
{ "type": "Feature", "properties": { "protected_km2": 0.40468546179211851 }, "geometry": { "type": "Polygon", "coordinates": [ [ [ 89.238640324433277, 22.069360742606346 ], [ 89.238640324433277, 22.064869166185751 ], [ 89.231902959802369, 22.064869166185751 ], [ 89.231902959802369, 22.067114954396047 ], [ 89.229657171592081, 22.067114954396047 ], [ 89.229657171592081, 22.069360742606346 ], [ 89.238640324433277, 22.069360742606346 ] ] ] } },
{ "type": "Feature", "properties": { "protected_km2": 0.57798217038531885 }, "geometry": { "type": "Polygon", "coordinates": [ [ [ 89.348683946737907, 22.073852319026944 ], [ 89.348683946737907, 22.071606530816645 ], [ 89.35092973494821, 22.071606530816645 ], [ 89.35092973494821, 22.067114954396047 ], [ 89.348683946737907, 22.067114954396047 ], [ 89.348683946737907, 22.064869166185751 ], [ 89.344192370317316, 22.064869166185751 ], [ 89.344192370317316, 22.067114954396047 ], [ 89.346438158527619, 22.067114954396047 ], [ 89.346438158527619, 22.069360742606346 ], [ 89.341946582107013, 22.069360742606346 ], [ 89.341946582107013, 22.071606530816645 ], [ 89.344192370317316, 22.071606530816645 ], [ 89.344192370317316, 22.073852319026944 ], [ 89.348683946737907, 22.073852319026944 ] ] ] } },
{ "type": "Feature", "properties": { "protected_km2": 0.28893642945571868 }, "geometry": { "type": "Polygon", "coordinates": [ [ [ 89.463219145463157, 22.069360742606346 ], [ 89.463219145463157, 22.067114954396047 ], [ 89.460973357252854, 22.067114954396047 ], [ 89.460973357252854, 22.062623377975449 ], [ 89.458727569042551, 22.062623377975449 ], [ 89.458727569042551, 22.067114954396047 ], [ 89.456481780832263, 22.067114954396047 ], [ 89.456481780832263, 22.069360742606346 ], [ 89.463219145463157, 22.069360742606346 ] ] ] } },
{ "type": "Feature", "properties": { "protected_km2": 0.63596784361018732 }, "geometry": { "type": "Polygon", "coordinates": [ [ [ 89.200461924858189, 22.071606530816645 ], [ 89.200461924858189, 22.069360742606346 ], [ 89.202707713068492, 22.069360742606346 ], [ 89.202707713068492, 22.071606530816645 ], [ 89.204953501278794, 22.071606530816645 ], [ 89.204953501278794, 22.069360742606346 ], [ 89.209445077699385, 22.069360742606346 ], [ 89.209445077699385, 22.067114954396047 ], [ 89.200461924858189, 22.067114954396047 ], [ 89.200461924858189, 22.062623377975449 ], [ 89.195970348437598, 22.062623377975449 ], [ 89.195970348437598, 22.067114954396047 ], [ 89.1982161366479, 22.067114954396047 ], [ 89.1982161366479, 22.071606530816645 ], [ 89.200461924858189, 22.071606530816645 ] ] ] } },
{ "type": "Feature", "properties": { "protected_km2": 0.2890260524857397 }, "geometry": { "type": "Polygon", "coordinates": [ [ [ 89.306013970742242, 22.067114954396047 ], [ 89.306013970742242, 22.062623377975449 ], [ 89.301522394321637, 22.062623377975449 ], [ 89.301522394321637, 22.064869166185751 ], [ 89.299276606111334, 22.064869166185751 ], [ 89.299276606111334, 22.067114954396047 ], [ 89.306013970742242, 22.067114954396047 ] ] ] } },
{ "type": "Feature", "properties": { "protected_km2": 0.40455428673314608 }, "geometry": { "type": "Polygon", "coordinates": [ [ [ 89.402582863785085, 22.071606530816645 ], [ 89.402582863785085, 22.064869166185751 ], [ 89.398091287364494, 22.064869166185751 ], [ 89.398091287364494, 22.062623377975449 ], [ 89.395845499154191, 22.062623377975449 ], [ 89.395845499154191, 22.067114954396047 ], [ 89.398091287364494, 22.067114954396047 ], [ 89.398091287364494, 22.069360742606346 ], [ 89.400337075574782, 22.069360742606346 ], [ 89.400337075574782, 22.071606530816645 ], [ 89.402582863785085, 22.071606530816645 ] ] ] } },
{ "type": "Feature", "properties": { "protected_km2": 0.46250928825290794 }, "geometry": { "type": "Polygon", "coordinates": [ [ [ 89.231902959802369, 22.067114954396047 ], [ 89.231902959802369, 22.064869166185751 ], [ 89.238640324433277, 22.064869166185751 ], [ 89.238640324433277, 22.062623377975449 ], [ 89.236394536222974, 22.062623377975449 ], [ 89.236394536222974, 22.060377589765153 ], [ 89.231902959802369, 22.060377589765153 ], [ 89.231902959802369, 22.062623377975449 ], [ 89.229657171592081, 22.062623377975449 ], [ 89.229657171592081, 22.064869166185751 ], [ 89.227411383381778, 22.064869166185751 ], [ 89.227411383381778, 22.067114954396047 ], [ 89.231902959802369, 22.067114954396047 ] ] ] } },
{ "type": "Feature", "properties": { "protected_km2": 0.28914300743284166 }, "geometry": { "type": "Polygon", "coordinates": [ [ [ 89.106138820025649, 22.067114954396047 ], [ 89.106138820025649, 22.064869166185751 ], [ 89.103893031815346, 22.064869166185751 ], [ 89.103893031815346, 22.062623377975449 ], [ 89.101647243605044, 22.062623377975449 ], [ 89.101647243605044, 22.060377589765153 ], [ 89.099401455394741, 22.060377589765153 ], [ 89.099401455394741, 22.064869166185751 ], [ 89.101647243605044, 22.064869166185751 ], [ 89.101647243605044, 22.067114954396047 ], [ 89.106138820025649, 22.067114954396047 ] ] ] } },
{ "type": "Feature", "properties": { "protected_km2": 0.46214943732295821 }, "geometry": { "type": "Polygon", "coordinates": [ [ [ 89.651865355128251, 22.067114954396047 ], [ 89.651865355128251, 22.064869166185751 ], [ 89.64737377870766, 22.064869166185751 ], [ 89.64737377870766, 22.060377589765153 ], [ 89.640636414076752, 22.060377589765153 ], [ 89.640636414076752, 22.064869166185751 ], [ 89.642882202287055, 22.064869166185751 ], [ 89.642882202287055, 22.062623377975449 ], [ 89.645127990497357, 22.062623377975449 ], [ 89.645127990497357, 22.067114954396047 ], [ 89.651865355128251, 22.067114954396047 ] ] ] } },
{ "type": "Feature", "properties": { "protected_km2": 0.57772379623483816 }, "geometry": { "type": "Polygon", "coordinates": [ [ [ 89.60694959092227, 22.069360742606346 ], [ 89.60694959092227, 22.064869166185751 ], [ 89.609195379132572, 22.064869166185751 ], [ 89.609195379132572, 22.067114954396047 ], [ 89.611441167342875, 22.067114954396047 ], [ 89.611441167342875, 22.062623377975449 ], [ 89.60694959092227, 22.062623377975449 ], [ 89.60694959092227, 22.060377589765153 ], [ 89.602458014501678, 22.060377589765153 ], [ 89.602458014501678, 22.062623377975449 ], [ 89.604703802711981, 22.062623377975449 ], [ 89.604703802711981, 22.064869166185751 ], [ 89.600212226291376, 22.064869166185751 ], [ 89.600212226291376, 22.067114954396047 ], [ 89.604703802711981, 22.067114954396047 ], [ 89.604703802711981, 22.069360742606346 ], [ 89.60694959092227, 22.069360742606346 ] ] ] } },
{ "type": "Feature", "properties": { "protected_km2": 0.63557976244616121 }, "geometry": { "type": "Polygon", "coordinates": [ [ [ 89.546313309244212, 22.067114954396047 ], [ 89.546313309244212, 22.062623377975449 ], [ 89.5485590974545, 22.062623377975449 ], [ 89.5485590974545, 22.060377589765153 ], [ 89.544067521033909, 22.060377589765153 ], [ 89.544067521033909, 22.058131801554854 ], [ 89.537330156403016, 22.058131801554854 ], [ 89.537330156403016, 22.060377589765153 ], [ 89.539575944613318, 22.060377589765153 ], [ 89.539575944613318, 22.064869166185751 ], [ 89.544067521033909, 22.064869166185751 ], [ 89.544067521033909, 22.067114954396047 ], [ 89.546313309244212, 22.067114954396047 ] ] ] } },
{ "type": "Feature", "properties": { "protected_km2": 0.40432756742322884 }, "geometry": { "type": "Polygon", "coordinates": [ [ [ 89.730467942488715, 22.067114954396047 ], [ 89.730467942488715, 22.055886013344555 ], [ 89.728222154278413, 22.055886013344555 ], [ 89.728222154278413, 22.062623377975449 ], [ 89.72597636606811, 22.062623377975449 ], [ 89.72597636606811, 22.067114954396047 ], [ 89.730467942488715, 22.067114954396047 ] ] ] } },
{ "type": "Feature", "properties": { "protected_km2": 0.86643414699473087 }, "geometry": { "type": "Polygon", "coordinates": [ [ [ 89.714747425016625, 22.069360742606346 ], [ 89.714747425016625, 22.064869166185751 ], [ 89.721484789647519, 22.064869166185751 ], [ 89.721484789647519, 22.060377589765153 ], [ 89.719239001437217, 22.060377589765153 ], [ 89.719239001437217, 22.062623377975449 ], [ 89.716993213226914, 22.062623377975449 ], [ 89.716993213226914, 22.060377589765153 ], [ 89.714747425016625, 22.060377589765153 ], [ 89.714747425016625, 22.062623377975449 ], [ 89.712501636806323, 22.062623377975449 ], [ 89.712501636806323, 22.055886013344555 ], [ 89.71025584859602, 22.055886013344555 ], [ 89.71025584859602, 22.062623377975449 ], [ 89.705764272175429, 22.062623377975449 ], [ 89.705764272175429, 22.064869166185751 ], [ 89.712501636806323, 22.064869166185751 ], [ 89.712501636806323, 22.067114954396047 ], [ 89.71025584859602, 22.067114954396047 ], [ 89.71025584859602, 22.069360742606346 ], [ 89.714747425016625, 22.069360742606346 ] ] ] } },
{ "type": "Feature", "properties": { "protected_km2": 0.34655306243045758 }, "geometry": { "type": "Polygon", "coordinates": [ [ [ 89.759663189222593, 22.064869166185751 ], [ 89.759663189222593, 22.060377589765153 ], [ 89.761908977432896, 22.060377589765153 ], [ 89.761908977432896, 22.055886013344555 ], [ 89.75741740101229, 22.055886013344555 ], [ 89.75741740101229, 22.064869166185751 ], [ 89.759663189222593, 22.064869166185751 ] ] ] } },
{ "type": "Feature", "properties": { "protected_km2": 0.7514274354021685 }, "geometry": { "type": "Polygon", "coordinates": [ [ [ 89.357667099579103, 22.062623377975449 ], [ 89.357667099579103, 22.060377589765153 ], [ 89.359912887789406, 22.060377589765153 ], [ 89.359912887789406, 22.055886013344555 ], [ 89.357667099579103, 22.055886013344555 ], [ 89.357667099579103, 22.058131801554854 ], [ 89.353175523158512, 22.058131801554854 ], [ 89.353175523158512, 22.055886013344555 ], [ 89.348683946737907, 22.055886013344555 ], [ 89.348683946737907, 22.060377589765153 ], [ 89.346438158527619, 22.060377589765153 ], [ 89.346438158527619, 22.062623377975449 ], [ 89.357667099579103, 22.062623377975449 ] ] ] } },
{ "type": "Feature", "properties": { "protected_km2": 0.75118091743596871 }, "geometry": { "type": "Polygon", "coordinates": [ [ [ 89.514872274300032, 22.069360742606346 ], [ 89.514872274300032, 22.064869166185751 ], [ 89.512626486089729, 22.064869166185751 ], [ 89.512626486089729, 22.062623377975449 ], [ 89.514872274300032, 22.062623377975449 ], [ 89.514872274300032, 22.060377589765153 ], [ 89.512626486089729, 22.060377589765153 ], [ 89.512626486089729, 22.055886013344555 ], [ 89.510380697879427, 22.055886013344555 ], [ 89.510380697879427, 22.060377589765153 ], [ 89.503643333248533, 22.060377589765153 ], [ 89.503643333248533, 22.062623377975449 ], [ 89.505889121458836, 22.062623377975449 ], [ 89.505889121458836, 22.064869166185751 ], [ 89.510380697879427, 22.064869166185751 ], [ 89.510380697879427, 22.067114954396047 ], [ 89.512626486089729, 22.067114954396047 ], [ 89.512626486089729, 22.069360742606346 ], [ 89.514872274300032, 22.069360742606346 ] ] ] } },
{ "type": "Feature", "properties": { "protected_km2": 0.28887714669716841 }, "geometry": { "type": "Polygon", "coordinates": [ [ [ 89.597966438081087, 22.062623377975449 ], [ 89.597966438081087, 22.060377589765153 ], [ 89.600212226291376, 22.060377589765153 ], [ 89.600212226291376, 22.055886013344555 ], [ 89.597966438081087, 22.055886013344555 ], [ 89.597966438081087, 22.058131801554854 ], [ 89.595720649870785, 22.058131801554854 ], [ 89.595720649870785, 22.060377589765153 ], [ 89.593474861660482, 22.060377589765153 ], [ 89.593474861660482, 22.062623377975449 ], [ 89.597966438081087, 22.062623377975449 ] ] ] } },
{ "type": "Feature", "properties": { "protected_km2": 0.52016491319596858 }, "geometry": { "type": "Polygon", "coordinates": [ [ [ 89.404828651995388, 22.062623377975449 ], [ 89.404828651995388, 22.055886013344555 ], [ 89.402582863785085, 22.055886013344555 ], [ 89.402582863785085, 22.058131801554854 ], [ 89.393599710943889, 22.058131801554854 ], [ 89.393599710943889, 22.060377589765153 ], [ 89.398091287364494, 22.060377589765153 ], [ 89.398091287364494, 22.062623377975449 ], [ 89.404828651995388, 22.062623377975449 ] ] ] } },
{ "type": "Feature", "properties": { "protected_km2": 0.40438442615372117 }, "geometry": { "type": "Polygon", "coordinates": [ [ [ 89.658602719759145, 22.064869166185751 ], [ 89.658602719759145, 22.062623377975449 ], [ 89.656356931548856, 22.062623377975449 ], [ 89.656356931548856, 22.055886013344555 ], [ 89.654111143338554, 22.055886013344555 ], [ 89.654111143338554, 22.058131801554854 ], [ 89.649619566917949, 22.058131801554854 ], [ 89.649619566917949, 22.060377589765153 ], [ 89.654111143338554, 22.060377589765153 ], [ 89.654111143338554, 22.064869166185751 ], [ 89.658602719759145, 22.064869166185751 ] ] ] } },
{ "type": "Feature", "properties": { "protected_km2": 0.46261633784228195 }, "geometry": { "type": "Polygon", "coordinates": [ [ [ 89.137579854969829, 22.062623377975449 ], [ 89.137579854969829, 22.058131801554854 ], [ 89.135334066759526, 22.058131801554854 ], [ 89.135334066759526, 22.053640225134256 ], [ 89.133088278549224, 22.053640225134256 ], [ 89.133088278549224, 22.055886013344555 ], [ 89.130842490338935, 22.055886013344555 ], [ 89.130842490338935, 22.060377589765153 ], [ 89.133088278549224, 22.060377589765153 ], [ 89.133088278549224, 22.062623377975449 ], [ 89.137579854969829, 22.062623377975449 ] ] ] } },
{ "type": "Feature", "properties": { "protected_km2": 0.34685217316081751 }, "geometry": { "type": "Polygon", "coordinates": [ [ [ 89.301522394321637, 22.060377589765153 ], [ 89.301522394321637, 22.053640225134256 ], [ 89.299276606111334, 22.053640225134256 ], [ 89.299276606111334, 22.055886013344555 ], [ 89.297030817901046, 22.055886013344555 ], [ 89.297030817901046, 22.058131801554854 ], [ 89.294785029690743, 22.058131801554854 ], [ 89.294785029690743, 22.060377589765153 ], [ 89.301522394321637, 22.060377589765153 ] ] ] } },
{ "type": "Feature", "properties": { "protected_km2": 0.69329219687539645 }, "geometry": { "type": "Polygon", "coordinates": [ [ [ 89.618178531973768, 22.062623377975449 ], [ 89.618178531973768, 22.058131801554854 ], [ 89.620424320184071, 22.058131801554854 ], [ 89.620424320184071, 22.055886013344555 ], [ 89.613686955553177, 22.055886013344555 ], [ 89.613686955553177, 22.053640225134256 ], [ 89.611441167342875, 22.053640225134256 ], [ 89.611441167342875, 22.055886013344555 ], [ 89.60694959092227, 22.055886013344555 ], [ 89.60694959092227, 22.060377589765153 ], [ 89.613686955553177, 22.060377589765153 ], [ 89.613686955553177, 22.058131801554854 ], [ 89.615932743763466, 22.058131801554854 ], [ 89.615932743763466, 22.062623377975449 ], [ 89.618178531973768, 22.062623377975449 ] ] ] } },
{ "type": "Feature", "properties": { "protected_km2": 0.34663589431346453 }, "geometry": { "type": "Polygon", "coordinates": [ [ [ 89.633899049445859, 22.060377589765153 ], [ 89.633899049445859, 22.058131801554854 ], [ 89.638390625866464, 22.058131801554854 ], [ 89.638390625866464, 22.055886013344555 ], [ 89.636144837656161, 22.055886013344555 ], [ 89.636144837656161, 22.053640225134256 ], [ 89.633899049445859, 22.053640225134256 ], [ 89.633899049445859, 22.055886013344555 ], [ 89.629407473025267, 22.055886013344555 ], [ 89.629407473025267, 22.058131801554854 ], [ 89.63165326123557, 22.058131801554854 ], [ 89.63165326123557, 22.060377589765153 ], [ 89.633899049445859, 22.060377589765153 ] ] ] } },
{ "type": "Feature", "properties": { "protected_km2": 0.28903784241115249 }, "geometry": { "type": "Polygon", "coordinates": [ [ [ 89.312751335373136, 22.060377589765153 ], [ 89.312751335373136, 22.055886013344555 ], [ 89.310505547162833, 22.055886013344555 ], [ 89.310505547162833, 22.053640225134256 ], [ 89.306013970742242, 22.053640225134256 ], [ 89.306013970742242, 22.055886013344555 ], [ 89.308259758952531, 22.055886013344555 ], [ 89.308259758952531, 22.058131801554854 ], [ 89.310505547162833, 22.058131801554854 ], [ 89.310505547162833, 22.060377589765153 ], [ 89.312751335373136, 22.060377589765153 ] ] ] } },
{ "type": "Feature", "properties": { "protected_km2": 0.40440066709811479 }, "geometry": { "type": "Polygon", "coordinates": [ [ [ 89.640636414076752, 22.062623377975449 ], [ 89.640636414076752, 22.060377589765153 ], [ 89.645127990497357, 22.060377589765153 ], [ 89.645127990497357, 22.058131801554854 ], [ 89.642882202287055, 22.058131801554854 ], [ 89.642882202287055, 22.053640225134256 ], [ 89.638390625866464, 22.053640225134256 ], [ 89.638390625866464, 22.055886013344555 ], [ 89.640636414076752, 22.055886013344555 ], [ 89.640636414076752, 22.058131801554854 ], [ 89.638390625866464, 22.058131801554854 ], [ 89.638390625866464, 22.062623377975449 ], [ 89.640636414076752, 22.062623377975449 ] ] ] } },
{ "type": "Feature", "properties": { "protected_km2": 2.3693701316891329 }, "geometry": { "type": "Polygon", "coordinates": [ [ [ 89.465464933673445, 22.069360742606346 ], [ 89.465464933673445, 22.067114954396047 ], [ 89.467710721883748, 22.067114954396047 ], [ 89.467710721883748, 22.062623377975449 ], [ 89.46995651009405, 22.062623377975449 ], [ 89.46995651009405, 22.060377589765153 ], [ 89.472202298304353, 22.060377589765153 ], [ 89.472202298304353, 22.064869166185751 ], [ 89.474448086514641, 22.064869166185751 ], [ 89.474448086514641, 22.067114954396047 ], [ 89.476693874724944, 22.067114954396047 ], [ 89.476693874724944, 22.060377589765153 ], [ 89.474448086514641, 22.060377589765153 ], [ 89.474448086514641, 22.053640225134256 ], [ 89.46995651009405, 22.053640225134256 ], [ 89.46995651009405, 22.051394436923957 ], [ 89.465464933673445, 22.051394436923957 ], [ 89.465464933673445, 22.053640225134256 ], [ 89.467710721883748, 22.053640225134256 ], [ 89.467710721883748, 22.055886013344555 ], [ 89.463219145463157, 22.055886013344555 ], [ 89.463219145463157, 22.053640225134256 ], [ 89.460973357252854, 22.053640225134256 ], [ 89.460973357252854, 22.051394436923957 ], [ 89.456481780832263, 22.051394436923957 ], [ 89.456481780832263, 22.053640225134256 ], [ 89.451990204411658, 22.053640225134256 ], [ 89.451990204411658, 22.055886013344555 ], [ 89.45423599262196, 22.055886013344555 ], [ 89.45423599262196, 22.060377589765153 ], [ 89.456481780832263, 22.060377589765153 ], [ 89.456481780832263, 22.058131801554854 ], [ 89.458727569042551, 22.058131801554854 ], [ 89.458727569042551, 22.055886013344555 ], [ 89.460973357252854, 22.055886013344555 ], [ 89.460973357252854, 22.060377589765153 ], [ 89.463219145463157, 22.060377589765153 ], [ 89.463219145463157, 22.064869166185751 ], [ 89.460973357252854, 22.064869166185751 ], [ 89.460973357252854, 22.067114954396047 ], [ 89.463219145463157, 22.067114954396047 ], [ 89.463219145463157, 22.069360742606346 ], [ 89.465464933673445, 22.069360742606346 ] ] ] } },
{ "type": "Feature", "properties": { "protected_km2": 0.40435506667119786 }, "geometry": { "type": "Polygon", "coordinates": [ [ [ 89.72597636606811, 22.058131801554854 ], [ 89.72597636606811, 22.055886013344555 ], [ 89.723730577857808, 22.055886013344555 ], [ 89.723730577857808, 22.049148648713658 ], [ 89.721484789647519, 22.049148648713658 ], [ 89.721484789647519, 22.051394436923957 ], [ 89.719239001437217, 22.051394436923957 ], [ 89.719239001437217, 22.053640225134256 ], [ 89.721484789647519, 22.053640225134256 ], [ 89.721484789647519, 22.055886013344555 ], [ 89.719239001437217, 22.055886013344555 ], [ 89.719239001437217, 22.058131801554854 ], [ 89.72597636606811, 22.058131801554854 ] ] ] } },
{ "type": "Feature", "properties": { "protected_km2": 0.28902823986360698 }, "geometry": { "type": "Polygon", "coordinates": [ [ [ 89.344192370317316, 22.053640225134256 ], [ 89.344192370317316, 22.051394436923957 ], [ 89.346438158527619, 22.051394436923957 ], [ 89.346438158527619, 22.049148648713658 ], [ 89.337455005686422, 22.049148648713658 ], [ 89.337455005686422, 22.051394436923957 ], [ 89.341946582107013, 22.051394436923957 ], [ 89.341946582107013, 22.053640225134256 ], [ 89.344192370317316, 22.053640225134256 ] ] ] } },
{ "type": "Feature", "properties": { "protected_km2": 0.40452393124837355 }, "geometry": { "type": "Polygon", "coordinates": [ [ [ 89.499151756827928, 22.055886013344555 ], [ 89.499151756827928, 22.053640225134256 ], [ 89.496905968617639, 22.053640225134256 ], [ 89.496905968617639, 22.051394436923957 ], [ 89.492414392197034, 22.051394436923957 ], [ 89.492414392197034, 22.049148648713658 ], [ 89.487922815776443, 22.049148648713658 ], [ 89.487922815776443, 22.051394436923957 ], [ 89.490168603986746, 22.051394436923957 ], [ 89.490168603986746, 22.053640225134256 ], [ 89.494660180407337, 22.053640225134256 ], [ 89.494660180407337, 22.055886013344555 ], [ 89.499151756827928, 22.055886013344555 ] ] ] } },
{ "type": "Feature", "properties": { "protected_km2": 0.34660370115990985 }, "geometry": { "type": "Polygon", "coordinates": [ [ [ 89.714747425016625, 22.053640225134256 ], [ 89.714747425016625, 22.051394436923957 ], [ 89.71025584859602, 22.051394436923957 ], [ 89.71025584859602, 22.049148648713658 ], [ 89.703518483965127, 22.049148648713658 ], [ 89.703518483965127, 22.051394436923957 ], [ 89.708010060385718, 22.051394436923957 ], [ 89.708010060385718, 22.053640225134256 ], [ 89.714747425016625, 22.053640225134256 ] ] ] } },
{ "type": "Feature", "properties": { "protected_km2": 0.40436130708285523 }, "geometry": { "type": "Polygon", "coordinates": [ [ [ 89.719239001437217, 22.058131801554854 ], [ 89.719239001437217, 22.053640225134256 ], [ 89.716993213226914, 22.053640225134256 ], [ 89.716993213226914, 22.049148648713658 ], [ 89.71025584859602, 22.049148648713658 ], [ 89.71025584859602, 22.051394436923957 ], [ 89.714747425016625, 22.051394436923957 ], [ 89.714747425016625, 22.055886013344555 ], [ 89.716993213226914, 22.055886013344555 ], [ 89.716993213226914, 22.058131801554854 ], [ 89.719239001437217, 22.058131801554854 ] ] ] } },
{ "type": "Feature", "properties": { "protected_km2": 0.75163302292345791 }, "geometry": { "type": "Polygon", "coordinates": [ [ [ 89.225165595171475, 22.060377589765153 ], [ 89.225165595171475, 22.058131801554854 ], [ 89.229657171592081, 22.058131801554854 ], [ 89.229657171592081, 22.053640225134256 ], [ 89.225165595171475, 22.053640225134256 ], [ 89.225165595171475, 22.046902860503359 ], [ 89.222919806961187, 22.046902860503359 ], [ 89.222919806961187, 22.053640225134256 ], [ 89.220674018750884, 22.053640225134256 ], [ 89.220674018750884, 22.060377589765153 ], [ 89.225165595171475, 22.060377589765153 ] ] ] } },
{ "type": "Feature", "properties": { "protected_km2": 0.34699380409585845 }, "geometry": { "type": "Polygon", "coordinates": [ [ [ 89.119613549287436, 22.053640225134256 ], [ 89.119613549287436, 22.049148648713658 ], [ 89.121859337497739, 22.049148648713658 ], [ 89.121859337497739, 22.046902860503359 ], [ 89.117367761077134, 22.046902860503359 ], [ 89.117367761077134, 22.051394436923957 ], [ 89.112876184656542, 22.051394436923957 ], [ 89.112876184656542, 22.053640225134256 ], [ 89.119613549287436, 22.053640225134256 ] ] ] } },
{ "type": "Feature", "properties": { "protected_km2": 0.34695157822981604 }, "geometry": { "type": "Polygon", "coordinates": [ [ [ 89.178004042755205, 22.053640225134256 ], [ 89.178004042755205, 22.051394436923957 ], [ 89.180249830965508, 22.051394436923957 ], [ 89.180249830965508, 22.049148648713658 ], [ 89.175758254544903, 22.049148648713658 ], [ 89.175758254544903, 22.046902860503359 ], [ 89.173512466334614, 22.046902860503359 ], [ 89.173512466334614, 22.053640225134256 ], [ 89.178004042755205, 22.053640225134256 ] ] ] } },
{ "type": "Feature", "properties": { "protected_km2": 0.34657434738281184 }, "geometry": { "type": "Polygon", "coordinates": [ [ [ 89.759663189222593, 22.053640225134256 ], [ 89.759663189222593, 22.051394436923957 ], [ 89.761908977432896, 22.051394436923957 ], [ 89.761908977432896, 22.053640225134256 ], [ 89.764154765643198, 22.053640225134256 ], [ 89.764154765643198, 22.049148648713658 ], [ 89.759663189222593, 22.049148648713658 ], [ 89.759663189222593, 22.046902860503359 ], [ 89.75741740101229, 22.046902860503359 ], [ 89.75741740101229, 22.053640225134256 ], [ 89.759663189222593, 22.053640225134256 ] ] ] } },
{ "type": "Feature", "properties": { "protected_km2": 1.3864207323490978 }, "geometry": { "type": "Polygon", "coordinates": [ [ [ 89.690043754703339, 22.060377589765153 ], [ 89.69453533112393, 22.060377589765153 ], [ 89.69453533112393, 22.055886013344555 ], [ 89.696781119334233, 22.055886013344555 ], [ 89.696781119334233, 22.053640225134256 ], [ 89.699026907544521, 22.053640225134256 ], [ 89.699026907544521, 22.051394436923957 ], [ 89.703518483965127, 22.051394436923957 ], [ 89.703518483965127, 22.049148648713658 ], [ 89.71025584859602, 22.049148648713658 ], [ 89.71025584859602, 22.046902860503359 ], [ 89.701272695754824, 22.046902860503359 ], [ 89.701272695754824, 22.049148648713658 ], [ 89.687797966493036, 22.049148648713658 ], [ 89.687797966493036, 22.051394436923957 ], [ 89.690043754703339, 22.051394436923957 ], [ 89.690043754703339, 22.053640225134256 ], [ 89.687797966493036, 22.053640225134256 ], [ 89.687797966493036, 22.055886013344555 ], [ 89.685552178282734, 22.055886013344555 ], [ 89.685552178282734, 22.058131801554854 ], [ 89.690043754703339, 22.058131801554854 ], [ 89.690043754703339, 22.060377589765153 ] ], [ [ 89.690043754703339, 22.055886013344555 ], [ 89.692289542913628, 22.055886013344555 ], [ 89.692289542913628, 22.058131801554854 ], [ 89.690043754703339, 22.058131801554854 ], [ 89.690043754703339, 22.055886013344555 ] ] ] } },
{ "type": "Feature", "properties": { "protected_km2": 0.28890306320282583 }, "geometry": { "type": "Polygon", "coordinates": [ [ [ 89.584491708819286, 22.053640225134256 ], [ 89.584491708819286, 22.049148648713658 ], [ 89.586737497029588, 22.049148648713658 ], [ 89.586737497029588, 22.046902860503359 ], [ 89.580000132398695, 22.046902860503359 ], [ 89.580000132398695, 22.049148648713658 ], [ 89.582245920608983, 22.049148648713658 ], [ 89.582245920608983, 22.053640225134256 ], [ 89.584491708819286, 22.053640225134256 ] ] ] } },
{ "type": "Feature", "properties": { "protected_km2": 0.28898003162232988 }, "geometry": { "type": "Polygon", "coordinates": [ [ [ 89.447498627991067, 22.051394436923957 ], [ 89.447498627991067, 22.049148648713658 ], [ 89.449744416201355, 22.049148648713658 ], [ 89.449744416201355, 22.046902860503359 ], [ 89.447498627991067, 22.046902860503359 ], [ 89.447498627991067, 22.044657072293059 ], [ 89.445252839780764, 22.044657072293059 ], [ 89.445252839780764, 22.046902860503359 ], [ 89.443007051570461, 22.046902860503359 ], [ 89.443007051570461, 22.049148648713658 ], [ 89.445252839780764, 22.049148648713658 ], [ 89.445252839780764, 22.051394436923957 ], [ 89.447498627991067, 22.051394436923957 ] ] ] } },
{ "type": "Feature", "properties": { "protected_km2": 0.80918531114990322 }, "geometry": { "type": "Polygon", "coordinates": [ [ [ 89.413811804836584, 22.055886013344555 ], [ 89.413811804836584, 22.053640225134256 ], [ 89.416057593046872, 22.053640225134256 ], [ 89.416057593046872, 22.049148648713658 ], [ 89.418303381257175, 22.049148648713658 ], [ 89.418303381257175, 22.046902860503359 ], [ 89.42279495767778, 22.046902860503359 ], [ 89.42279495767778, 22.04241128408276 ], [ 89.420549169467478, 22.04241128408276 ], [ 89.420549169467478, 22.044657072293059 ], [ 89.413811804836584, 22.044657072293059 ], [ 89.413811804836584, 22.046902860503359 ], [ 89.411566016626281, 22.046902860503359 ], [ 89.411566016626281, 22.051394436923957 ], [ 89.409320228415979, 22.051394436923957 ], [ 89.409320228415979, 22.053640225134256 ], [ 89.411566016626281, 22.053640225134256 ], [ 89.411566016626281, 22.055886013344555 ], [ 89.413811804836584, 22.055886013344555 ] ] ] } },
{ "type": "Feature", "properties": { "protected_km2": 0.34699493568826589 }, "geometry": { "type": "Polygon", "coordinates": [ [ [ 89.128596702128633, 22.049148648713658 ], [ 89.128596702128633, 22.046902860503359 ], [ 89.130842490338935, 22.046902860503359 ], [ 89.130842490338935, 22.049148648713658 ], [ 89.133088278549224, 22.049148648713658 ], [ 89.133088278549224, 22.04241128408276 ], [ 89.130842490338935, 22.04241128408276 ], [ 89.130842490338935, 22.044657072293059 ], [ 89.12635091391833, 22.044657072293059 ], [ 89.12635091391833, 22.049148648713658 ], [ 89.128596702128633, 22.049148648713658 ] ] ] } },
{ "type": "Feature", "properties": { "protected_km2": 0.28908527445102017 }, "geometry": { "type": "Polygon", "coordinates": [ [ [ 89.265589782956852, 22.049148648713658 ], [ 89.265589782956852, 22.046902860503359 ], [ 89.267835571167154, 22.046902860503359 ], [ 89.267835571167154, 22.04241128408276 ], [ 89.263343994746563, 22.04241128408276 ], [ 89.263343994746563, 22.049148648713658 ], [ 89.265589782956852, 22.049148648713658 ] ] ] } },
{ "type": "Feature", "properties": { "protected_km2": 0.28904738038533162 }, "geometry": { "type": "Polygon", "coordinates": [ [ [ 89.332963429265817, 22.046902860503359 ], [ 89.332963429265817, 22.044657072293059 ], [ 89.33520921747612, 22.044657072293059 ], [ 89.33520921747612, 22.046902860503359 ], [ 89.337455005686422, 22.046902860503359 ], [ 89.337455005686422, 22.04241128408276 ], [ 89.330717641055529, 22.04241128408276 ], [ 89.330717641055529, 22.046902860503359 ], [ 89.332963429265817, 22.046902860503359 ] ] ] } },
{ "type": "Feature", "properties": { "protected_km2": 0.28901383689300764 }, "geometry": { "type": "Polygon", "coordinates": [ [ [ 89.402582863785085, 22.046902860503359 ], [ 89.402582863785085, 22.04241128408276 ], [ 89.400337075574782, 22.04241128408276 ], [ 89.400337075574782, 22.044657072293059 ], [ 89.393599710943889, 22.044657072293059 ], [ 89.393599710943889, 22.046902860503359 ], [ 89.402582863785085, 22.046902860503359 ] ] ] } },
{ "type": "Feature", "properties": { "protected_km2": 0.34661284557148869 }, "geometry": { "type": "Polygon", "coordinates": [ [ [ 89.719239001437217, 22.049148648713658 ], [ 89.719239001437217, 22.044657072293059 ], [ 89.721484789647519, 22.044657072293059 ], [ 89.721484789647519, 22.04241128408276 ], [ 89.716993213226914, 22.04241128408276 ], [ 89.716993213226914, 22.044657072293059 ], [ 89.712501636806323, 22.044657072293059 ], [ 89.712501636806323, 22.046902860503359 ], [ 89.716993213226914, 22.046902860503359 ], [ 89.716993213226914, 22.049148648713658 ], [ 89.719239001437217, 22.049148648713658 ] ] ] } },
{ "type": "Feature", "properties": { "protected_km2": 0.4044152538764475 }, "geometry": { "type": "Polygon", "coordinates": [ [ [ 89.66309429617975, 22.046902860503359 ], [ 89.66309429617975, 22.044657072293059 ], [ 89.667585872600341, 22.044657072293059 ], [ 89.667585872600341, 22.046902860503359 ], [ 89.669831660810644, 22.046902860503359 ], [ 89.669831660810644, 22.04241128408276 ], [ 89.658602719759145, 22.04241128408276 ], [ 89.658602719759145, 22.044657072293059 ], [ 89.660848507969447, 22.044657072293059 ], [ 89.660848507969447, 22.046902860503359 ], [ 89.66309429617975, 22.046902860503359 ] ] ] } },
{ "type": "Feature", "properties": { "protected_km2": 0.2891263133562787 }, "geometry": { "type": "Polygon", "coordinates": [ [ [ 89.204953501278794, 22.046902860503359 ], [ 89.204953501278794, 22.04241128408276 ], [ 89.202707713068492, 22.04241128408276 ], [ 89.202707713068492, 22.040165495872461 ], [ 89.200461924858189, 22.040165495872461 ], [ 89.200461924858189, 22.04241128408276 ], [ 89.1982161366479, 22.04241128408276 ], [ 89.1982161366479, 22.044657072293059 ], [ 89.202707713068492, 22.044657072293059 ], [ 89.202707713068492, 22.046902860503359 ], [ 89.204953501278794, 22.046902860503359 ] ] ] } },
{ "type": "Feature", "properties": { "protected_km2": 0.34681372314552861 }, "geometry": { "type": "Polygon", "coordinates": [ [ [ 89.407074440205676, 22.046902860503359 ], [ 89.407074440205676, 22.04241128408276 ], [ 89.409320228415979, 22.04241128408276 ], [ 89.409320228415979, 22.040165495872461 ], [ 89.402582863785085, 22.040165495872461 ], [ 89.402582863785085, 22.044657072293059 ], [ 89.404828651995388, 22.044657072293059 ], [ 89.404828651995388, 22.046902860503359 ], [ 89.407074440205676, 22.046902860503359 ] ] ] } },
{ "type": "Feature", "properties": { "protected_km2": 0.98242884325061053 }, "geometry": { "type": "Polygon", "coordinates": [ [ [ 89.505889121458836, 22.058131801554854 ], [ 89.505889121458836, 22.055886013344555 ], [ 89.503643333248533, 22.055886013344555 ], [ 89.503643333248533, 22.053640225134256 ], [ 89.50139754503823, 22.053640225134256 ], [ 89.50139754503823, 22.049148648713658 ], [ 89.503643333248533, 22.049148648713658 ], [ 89.503643333248533, 22.046902860503359 ], [ 89.50139754503823, 22.046902860503359 ], [ 89.50139754503823, 22.04241128408276 ], [ 89.499151756827928, 22.04241128408276 ], [ 89.499151756827928, 22.040165495872461 ], [ 89.496905968617639, 22.040165495872461 ], [ 89.496905968617639, 22.04241128408276 ], [ 89.492414392197034, 22.04241128408276 ], [ 89.492414392197034, 22.044657072293059 ], [ 89.494660180407337, 22.044657072293059 ], [ 89.494660180407337, 22.046902860503359 ], [ 89.496905968617639, 22.046902860503359 ], [ 89.496905968617639, 22.044657072293059 ], [ 89.499151756827928, 22.044657072293059 ], [ 89.499151756827928, 22.049148648713658 ], [ 89.496905968617639, 22.049148648713658 ], [ 89.496905968617639, 22.053640225134256 ], [ 89.499151756827928, 22.053640225134256 ], [ 89.499151756827928, 22.055886013344555 ], [ 89.50139754503823, 22.055886013344555 ], [ 89.50139754503823, 22.058131801554854 ], [ 89.505889121458836, 22.058131801554854 ] ] ] } },
{ "type": "Feature", "properties": { "protected_km2": 0.46239532157701041 }, "geometry": { "type": "Polygon", "coordinates": [ [ [ 89.436269686939568, 22.046902860503359 ], [ 89.436269686939568, 22.044657072293059 ], [ 89.43851547514987, 22.044657072293059 ], [ 89.43851547514987, 22.04241128408276 ], [ 89.440761263360159, 22.04241128408276 ], [ 89.440761263360159, 22.040165495872461 ], [ 89.43851547514987, 22.040165495872461 ], [ 89.43851547514987, 22.037919707662162 ], [ 89.434023898729265, 22.037919707662162 ], [ 89.434023898729265, 22.046902860503359 ], [ 89.436269686939568, 22.046902860503359 ] ] ] } },
{ "type": "Feature", "properties": { "protected_km2": 0.34691374268156527 }, "geometry": { "type": "Polygon", "coordinates": [ [ [ 89.258852418325958, 22.046902860503359 ], [ 89.258852418325958, 22.044657072293059 ], [ 89.261098206536261, 22.044657072293059 ], [ 89.261098206536261, 22.037919707662162 ], [ 89.258852418325958, 22.037919707662162 ], [ 89.258852418325958, 22.04241128408276 ], [ 89.254360841905367, 22.04241128408276 ], [ 89.254360841905367, 22.044657072293059 ], [ 89.25660663011567, 22.044657072293059 ], [ 89.25660663011567, 22.046902860503359 ], [ 89.258852418325958, 22.046902860503359 ] ] ] } },
{ "type": "Feature", "properties": { "protected_km2": 0.28904004821991996 }, "geometry": { "type": "Polygon", "coordinates": [ [ [ 89.371141828840905, 22.04241128408276 ], [ 89.371141828840905, 22.035673919451867 ], [ 89.368896040630602, 22.035673919451867 ], [ 89.368896040630602, 22.037919707662162 ], [ 89.3666502524203, 22.037919707662162 ], [ 89.3666502524203, 22.04241128408276 ], [ 89.371141828840905, 22.04241128408276 ] ] ] } },
{ "type": "Feature", "properties": { "protected_km2": 0.34682746742230813 }, "geometry": { "type": "Polygon", "coordinates": [ [ [ 89.400337075574782, 22.04241128408276 ], [ 89.400337075574782, 22.040165495872461 ], [ 89.402582863785085, 22.040165495872461 ], [ 89.402582863785085, 22.037919707662162 ], [ 89.404828651995388, 22.037919707662162 ], [ 89.404828651995388, 22.035673919451867 ], [ 89.398091287364494, 22.035673919451867 ], [ 89.398091287364494, 22.04241128408276 ], [ 89.400337075574782, 22.04241128408276 ] ] ] } },
{ "type": "Feature", "properties": { "protected_km2": 0.28907054502517032 }, "geometry": { "type": "Polygon", "coordinates": [ [ [ 89.314997123583439, 22.04241128408276 ], [ 89.314997123583439, 22.040165495872461 ], [ 89.317242911793727, 22.040165495872461 ], [ 89.317242911793727, 22.035673919451867 ], [ 89.314997123583439, 22.035673919451867 ], [ 89.314997123583439, 22.037919707662162 ], [ 89.310505547162833, 22.037919707662162 ], [ 89.310505547162833, 22.040165495872461 ], [ 89.312751335373136, 22.040165495872461 ], [ 89.312751335373136, 22.04241128408276 ], [ 89.314997123583439, 22.04241128408276 ] ] ] } },
{ "type": "Feature", "properties": { "protected_km2": 0.40435465873406645 }, "geometry": { "type": "Polygon", "coordinates": [ [ [ 89.786612647746182, 22.04241128408276 ], [ 89.786612647746182, 22.037919707662162 ], [ 89.784366859535879, 22.037919707662162 ], [ 89.784366859535879, 22.035673919451867 ], [ 89.779875283115288, 22.035673919451867 ], [ 89.779875283115288, 22.037919707662162 ], [ 89.782121071325577, 22.037919707662162 ], [ 89.782121071325577, 22.040165495872461 ], [ 89.779875283115288, 22.040165495872461 ], [ 89.779875283115288, 22.04241128408276 ], [ 89.786612647746182, 22.04241128408276 ] ] ] } },
{ "type": "Feature", "properties": { "protected_km2": 0.46209265209747602 }, "geometry": { "type": "Polygon", "coordinates": [ [ [ 89.822545259110967, 22.04241128408276 ], [ 89.822545259110967, 22.040165495872461 ], [ 89.824791047321256, 22.040165495872461 ], [ 89.824791047321256, 22.033428131241564 ], [ 89.820299470900665, 22.033428131241564 ], [ 89.820299470900665, 22.040165495872461 ], [ 89.818053682690362, 22.040165495872461 ], [ 89.818053682690362, 22.04241128408276 ], [ 89.822545259110967, 22.04241128408276 ] ] ] } },
{ "type": "Feature", "properties": { "protected_km2": 0.28906184317658606 }, "geometry": { "type": "Polygon", "coordinates": [ [ [ 89.339700793896725, 22.040165495872461 ], [ 89.339700793896725, 22.035673919451867 ], [ 89.337455005686422, 22.035673919451867 ], [ 89.337455005686422, 22.033428131241564 ], [ 89.33520921747612, 22.033428131241564 ], [ 89.33520921747612, 22.040165495872461 ], [ 89.339700793896725, 22.040165495872461 ] ] ] } },
{ "type": "Feature", "properties": { "protected_km2": 0.5781881982363094 }, "geometry": { "type": "Polygon", "coordinates": [ [ [ 89.281310300428956, 22.04241128408276 ], [ 89.281310300428956, 22.037919707662162 ], [ 89.279064512218653, 22.037919707662162 ], [ 89.279064512218653, 22.035673919451867 ], [ 89.270081359377457, 22.035673919451867 ], [ 89.270081359377457, 22.033428131241564 ], [ 89.267835571167154, 22.033428131241564 ], [ 89.267835571167154, 22.037919707662162 ], [ 89.27232714758776, 22.037919707662162 ], [ 89.27232714758776, 22.040165495872461 ], [ 89.274572935798048, 22.040165495872461 ], [ 89.274572935798048, 22.037919707662162 ], [ 89.276818724008351, 22.037919707662162 ], [ 89.276818724008351, 22.040165495872461 ], [ 89.279064512218653, 22.040165495872461 ], [ 89.279064512218653, 22.04241128408276 ], [ 89.281310300428956, 22.04241128408276 ] ] ] } },
{ "type": "Feature", "properties": { "protected_km2": 0.28912912578305894 }, "geometry": { "type": "Polygon", "coordinates": [ [ [ 89.227411383381778, 22.037919707662162 ], [ 89.227411383381778, 22.035673919451867 ], [ 89.225165595171475, 22.035673919451867 ], [ 89.225165595171475, 22.033428131241564 ], [ 89.218428230540582, 22.033428131241564 ], [ 89.218428230540582, 22.035673919451867 ], [ 89.222919806961187, 22.035673919451867 ], [ 89.222919806961187, 22.037919707662162 ], [ 89.227411383381778, 22.037919707662162 ] ] ] } },
{ "type": "Feature", "properties": { "protected_km2": 0.34680289751421778 }, "geometry": { "type": "Polygon", "coordinates": [ [ [ 89.451990204411658, 22.040165495872461 ], [ 89.451990204411658, 22.033428131241564 ], [ 89.45423599262196, 22.033428131241564 ], [ 89.45423599262196, 22.031182343031269 ], [ 89.449744416201355, 22.031182343031269 ], [ 89.449744416201355, 22.037919707662162 ], [ 89.447498627991067, 22.037919707662162 ], [ 89.447498627991067, 22.040165495872461 ], [ 89.451990204411658, 22.040165495872461 ] ] ] } },
{ "type": "Feature", "properties": { "protected_km2": 0.46241132187322925 }, "geometry": { "type": "Polygon", "coordinates": [ [ [ 89.449744416201355, 22.037919707662162 ], [ 89.449744416201355, 22.035673919451867 ], [ 89.447498627991067, 22.035673919451867 ], [ 89.447498627991067, 22.033428131241564 ], [ 89.449744416201355, 22.033428131241564 ], [ 89.449744416201355, 22.031182343031269 ], [ 89.443007051570461, 22.031182343031269 ], [ 89.443007051570461, 22.037919707662162 ], [ 89.449744416201355, 22.037919707662162 ] ] ] } },
{ "type": "Feature", "properties": { "protected_km2": 0.63624035840496163 }, "geometry": { "type": "Polygon", "coordinates": [ [ [ 89.115121972866845, 22.037919707662162 ], [ 89.115121972866845, 22.035673919451867 ], [ 89.112876184656542, 22.035673919451867 ], [ 89.112876184656542, 22.028936554820969 ], [ 89.106138820025649, 22.028936554820969 ], [ 89.106138820025649, 22.033428131241564 ], [ 89.108384608235937, 22.033428131241564 ], [ 89.108384608235937, 22.037919707662162 ], [ 89.115121972866845, 22.037919707662162 ] ] ] } },
{ "type": "Feature", "properties": { "protected_km2": 0.28917091205852263 }, "geometry": { "type": "Polygon", "coordinates": [ [ [ 89.169020889914009, 22.033428131241564 ], [ 89.169020889914009, 22.028936554820969 ], [ 89.162283525283115, 22.028936554820969 ], [ 89.162283525283115, 22.031182343031269 ], [ 89.164529313493418, 22.031182343031269 ], [ 89.164529313493418, 22.033428131241564 ], [ 89.169020889914009, 22.033428131241564 ] ] ] } },
{ "type": "Feature", "properties": { "protected_km2": 0.28890986464580948 }, "geometry": { "type": "Polygon", "coordinates": [ [ [ 89.649619566917949, 22.033428131241564 ], [ 89.649619566917949, 22.028936554820969 ], [ 89.651865355128251, 22.028936554820969 ], [ 89.651865355128251, 22.02669076661067 ], [ 89.64737377870766, 22.02669076661067 ], [ 89.64737377870766, 22.031182343031269 ], [ 89.645127990497357, 22.031182343031269 ], [ 89.645127990497357, 22.033428131241564 ], [ 89.649619566917949, 22.033428131241564 ] ] ] } },
{ "type": "Feature", "properties": { "protected_km2": 0.3469332828334562 }, "geometry": { "type": "Polygon", "coordinates": [ [ [ 89.276818724008351, 22.033428131241564 ], [ 89.276818724008351, 22.02669076661067 ], [ 89.274572935798048, 22.02669076661067 ], [ 89.274572935798048, 22.028936554820969 ], [ 89.270081359377457, 22.028936554820969 ], [ 89.270081359377457, 22.031182343031269 ], [ 89.27232714758776, 22.031182343031269 ], [ 89.27232714758776, 22.033428131241564 ], [ 89.276818724008351, 22.033428131241564 ] ] ] } },
{ "type": "Feature", "properties": { "protected_km2": 0.34686510770158491 }, "geometry": { "type": "Polygon", "coordinates": [ [ [ 89.384616558102692, 22.031182343031269 ], [ 89.384616558102692, 22.028936554820969 ], [ 89.389108134523298, 22.028936554820969 ], [ 89.389108134523298, 22.02669076661067 ], [ 89.386862346312995, 22.02669076661067 ], [ 89.386862346312995, 22.024444978400371 ], [ 89.384616558102692, 22.024444978400371 ], [ 89.384616558102692, 22.02669076661067 ], [ 89.38237076989239, 22.02669076661067 ], [ 89.38237076989239, 22.028936554820969 ], [ 89.380124981682101, 22.028936554820969 ], [ 89.380124981682101, 22.031182343031269 ], [ 89.384616558102692, 22.031182343031269 ] ] ] } },
{ "type": "Feature", "properties": { "protected_km2": 0.2891513266343716 }, "geometry": { "type": "Polygon", "coordinates": [ [ [ 89.216182442330279, 22.028936554820969 ], [ 89.216182442330279, 22.02669076661067 ], [ 89.220674018750884, 22.02669076661067 ], [ 89.220674018750884, 22.024444978400371 ], [ 89.213936654119991, 22.024444978400371 ], [ 89.213936654119991, 22.02669076661067 ], [ 89.211690865909688, 22.02669076661067 ], [ 89.211690865909688, 22.028936554820969 ], [ 89.216182442330279, 22.028936554820969 ] ] ] } },
{ "type": "Feature", "properties": { "protected_km2": 0.289045749529179 }, "geometry": { "type": "Polygon", "coordinates": [ [ [ 89.400337075574782, 22.031182343031269 ], [ 89.400337075574782, 22.028936554820969 ], [ 89.402582863785085, 22.028936554820969 ], [ 89.402582863785085, 22.024444978400371 ], [ 89.400337075574782, 22.024444978400371 ], [ 89.400337075574782, 22.02669076661067 ], [ 89.395845499154191, 22.02669076661067 ], [ 89.395845499154191, 22.028936554820969 ], [ 89.398091287364494, 22.028936554820969 ], [ 89.398091287364494, 22.031182343031269 ], [ 89.400337075574782, 22.031182343031269 ] ] ] } },
{ "type": "Feature", "properties": { "protected_km2": 0.40465094190693518 }, "geometry": { "type": "Polygon", "coordinates": [ [ [ 89.413811804836584, 22.035673919451867 ], [ 89.413811804836584, 22.02669076661067 ], [ 89.416057593046872, 22.02669076661067 ], [ 89.416057593046872, 22.024444978400371 ], [ 89.411566016626281, 22.024444978400371 ], [ 89.411566016626281, 22.02669076661067 ], [ 89.409320228415979, 22.02669076661067 ], [ 89.409320228415979, 22.028936554820969 ], [ 89.411566016626281, 22.028936554820969 ], [ 89.411566016626281, 22.035673919451867 ], [ 89.413811804836584, 22.035673919451867 ] ] ] } },
{ "type": "Feature", "properties": { "protected_km2": 0.34694671388430764 }, "geometry": { "type": "Polygon", "coordinates": [ [ [ 89.267835571167154, 22.031182343031269 ], [ 89.267835571167154, 22.028936554820969 ], [ 89.265589782956852, 22.028936554820969 ], [ 89.265589782956852, 22.02669076661067 ], [ 89.263343994746563, 22.02669076661067 ], [ 89.263343994746563, 22.024444978400371 ], [ 89.258852418325958, 22.024444978400371 ], [ 89.258852418325958, 22.02669076661067 ], [ 89.261098206536261, 22.02669076661067 ], [ 89.261098206536261, 22.028936554820969 ], [ 89.263343994746563, 22.028936554820969 ], [ 89.263343994746563, 22.031182343031269 ], [ 89.267835571167154, 22.031182343031269 ] ] ] } },
{ "type": "Feature", "properties": { "protected_km2": 0.28904832475415776 }, "geometry": { "type": "Polygon", "coordinates": [ [ [ 89.395845499154191, 22.028936554820969 ], [ 89.395845499154191, 22.02669076661067 ], [ 89.400337075574782, 22.02669076661067 ], [ 89.400337075574782, 22.024444978400371 ], [ 89.391353922733586, 22.024444978400371 ], [ 89.391353922733586, 22.02669076661067 ], [ 89.393599710943889, 22.02669076661067 ], [ 89.393599710943889, 22.028936554820969 ], [ 89.395845499154191, 22.028936554820969 ] ] ] } },
{ "type": "Feature", "properties": { "protected_km2": 0.63555653404078571 }, "geometry": { "type": "Polygon", "coordinates": [ [ [ 89.696781119334233, 22.033428131241564 ], [ 89.696781119334233, 22.028936554820969 ], [ 89.692289542913628, 22.028936554820969 ], [ 89.692289542913628, 22.02669076661067 ], [ 89.69453533112393, 22.02669076661067 ], [ 89.69453533112393, 22.024444978400371 ], [ 89.683306390072431, 22.024444978400371 ], [ 89.683306390072431, 22.02669076661067 ], [ 89.685552178282734, 22.02669076661067 ], [ 89.685552178282734, 22.028936554820969 ], [ 89.687797966493036, 22.028936554820969 ], [ 89.687797966493036, 22.02669076661067 ], [ 89.690043754703339, 22.02669076661067 ], [ 89.690043754703339, 22.031182343031269 ], [ 89.69453533112393, 22.031182343031269 ], [ 89.69453533112393, 22.033428131241564 ], [ 89.696781119334233, 22.033428131241564 ] ] ] } },
{ "type": "Feature", "properties": { "protected_km2": 0.34694454796148705 }, "geometry": { "type": "Polygon", "coordinates": [ [ [ 89.274572935798048, 22.028936554820969 ], [ 89.274572935798048, 22.02669076661067 ], [ 89.276818724008351, 22.02669076661067 ], [ 89.276818724008351, 22.024444978400371 ], [ 89.27232714758776, 22.024444978400371 ], [ 89.27232714758776, 22.022199190190072 ], [ 89.270081359377457, 22.022199190190072 ], [ 89.270081359377457, 22.028936554820969 ], [ 89.274572935798048, 22.028936554820969 ] ] ] } },
{ "type": "Feature", "properties": { "protected_km2": 0.40471914469783188 }, "geometry": { "type": "Polygon", "coordinates": [ [ [ 89.337455005686422, 22.031182343031269 ], [ 89.337455005686422, 22.024444978400371 ], [ 89.33520921747612, 22.024444978400371 ], [ 89.33520921747612, 22.022199190190072 ], [ 89.330717641055529, 22.022199190190072 ], [ 89.330717641055529, 22.024444978400371 ], [ 89.332963429265817, 22.024444978400371 ], [ 89.332963429265817, 22.028936554820969 ], [ 89.33520921747612, 22.028936554820969 ], [ 89.33520921747612, 22.031182343031269 ], [ 89.337455005686422, 22.031182343031269 ] ] ] } },
{ "type": "Feature", "properties": { "protected_km2": 0.40448793010016587 }, "geometry": { "type": "Polygon", "coordinates": [ [ [ 89.640636414076752, 22.033428131241564 ], [ 89.640636414076752, 22.02669076661067 ], [ 89.642882202287055, 22.02669076661067 ], [ 89.642882202287055, 22.024444978400371 ], [ 89.640636414076752, 22.024444978400371 ], [ 89.640636414076752, 22.019953401979773 ], [ 89.638390625866464, 22.019953401979773 ], [ 89.638390625866464, 22.033428131241564 ], [ 89.640636414076752, 22.033428131241564 ] ] ] } },
{ "type": "Feature", "properties": { "protected_km2": 1.2144650547048914 }, "geometry": { "type": "Polygon", "coordinates": [ [ [ 89.209445077699385, 22.033428131241564 ], [ 89.209445077699385, 22.031182343031269 ], [ 89.204953501278794, 22.031182343031269 ], [ 89.204953501278794, 22.028936554820969 ], [ 89.207199289489083, 22.028936554820969 ], [ 89.207199289489083, 22.019953401979773 ], [ 89.202707713068492, 22.019953401979773 ], [ 89.202707713068492, 22.024444978400371 ], [ 89.195970348437598, 22.024444978400371 ], [ 89.195970348437598, 22.031182343031269 ], [ 89.1982161366479, 22.031182343031269 ], [ 89.1982161366479, 22.028936554820969 ], [ 89.200461924858189, 22.028936554820969 ], [ 89.200461924858189, 22.033428131241564 ], [ 89.209445077699385, 22.033428131241564 ] ] ] } },
{ "type": "Feature", "properties": { "protected_km2": 0.7516507977118162 }, "geometry": { "type": "Polygon", "coordinates": [ [ [ 89.323980276424621, 22.028936554820969 ], [ 89.323980276424621, 22.02669076661067 ], [ 89.326226064634923, 22.02669076661067 ], [ 89.326226064634923, 22.024444978400371 ], [ 89.328471852845226, 22.024444978400371 ], [ 89.328471852845226, 22.022199190190072 ], [ 89.323980276424621, 22.022199190190072 ], [ 89.323980276424621, 22.024444978400371 ], [ 89.321734488214332, 22.024444978400371 ], [ 89.321734488214332, 22.022199190190072 ], [ 89.31948870000403, 22.022199190190072 ], [ 89.31948870000403, 22.019953401979773 ], [ 89.314997123583439, 22.019953401979773 ], [ 89.314997123583439, 22.02669076661067 ], [ 89.317242911793727, 22.02669076661067 ], [ 89.317242911793727, 22.024444978400371 ], [ 89.31948870000403, 22.024444978400371 ], [ 89.31948870000403, 22.028936554820969 ], [ 89.323980276424621, 22.028936554820969 ] ] ] } },
{ "type": "Feature", "properties": { "protected_km2": 0.34683449289501783 }, "geometry": { "type": "Polygon", "coordinates": [ [ [ 89.449744416201355, 22.02669076661067 ], [ 89.449744416201355, 22.022199190190072 ], [ 89.451990204411658, 22.022199190190072 ], [ 89.451990204411658, 22.019953401979773 ], [ 89.447498627991067, 22.019953401979773 ], [ 89.447498627991067, 22.024444978400371 ], [ 89.443007051570461, 22.024444978400371 ], [ 89.443007051570461, 22.02669076661067 ], [ 89.449744416201355, 22.02669076661067 ] ] ] } },
{ "type": "Feature", "properties": { "protected_km2": 0.28894296731372737 }, "geometry": { "type": "Polygon", "coordinates": [ [ [ 89.611441167342875, 22.02669076661067 ], [ 89.611441167342875, 22.022199190190072 ], [ 89.613686955553177, 22.022199190190072 ], [ 89.613686955553177, 22.019953401979773 ], [ 89.609195379132572, 22.019953401979773 ], [ 89.609195379132572, 22.024444978400371 ], [ 89.60694959092227, 22.024444978400371 ], [ 89.60694959092227, 22.02669076661067 ], [ 89.611441167342875, 22.02669076661067 ] ] ] } },
{ "type": "Feature", "properties": { "protected_km2": 0.28914922643278013 }, "geometry": { "type": "Polygon", "coordinates": [ [ [ 89.240886112643565, 22.024444978400371 ], [ 89.240886112643565, 22.022199190190072 ], [ 89.238640324433277, 22.022199190190072 ], [ 89.238640324433277, 22.019953401979773 ], [ 89.234148748012672, 22.019953401979773 ], [ 89.234148748012672, 22.024444978400371 ], [ 89.240886112643565, 22.024444978400371 ] ] ] } },
{ "type": "Feature", "properties": { "protected_km2": 0.46248239363792121 }, "geometry": { "type": "Polygon", "coordinates": [ [ [ 89.404828651995388, 22.028936554820969 ], [ 89.404828651995388, 22.02669076661067 ], [ 89.407074440205676, 22.02669076661067 ], [ 89.407074440205676, 22.022199190190072 ], [ 89.402582863785085, 22.022199190190072 ], [ 89.402582863785085, 22.019953401979773 ], [ 89.400337075574782, 22.019953401979773 ], [ 89.400337075574782, 22.022199190190072 ], [ 89.398091287364494, 22.022199190190072 ], [ 89.398091287364494, 22.024444978400371 ], [ 89.402582863785085, 22.024444978400371 ], [ 89.402582863785085, 22.028936554820969 ], [ 89.404828651995388, 22.028936554820969 ] ] ] } },
{ "type": "Feature", "properties": { "protected_km2": 0.28904450891122851 }, "geometry": { "type": "Polygon", "coordinates": [ [ [ 89.42279495767778, 22.02669076661067 ], [ 89.42279495767778, 22.022199190190072 ], [ 89.420549169467478, 22.022199190190072 ], [ 89.420549169467478, 22.019953401979773 ], [ 89.418303381257175, 22.019953401979773 ], [ 89.418303381257175, 22.022199190190072 ], [ 89.416057593046872, 22.022199190190072 ], [ 89.416057593046872, 22.024444978400371 ], [ 89.420549169467478, 22.024444978400371 ], [ 89.420549169467478, 22.02669076661067 ], [ 89.42279495767778, 22.02669076661067 ] ] ] } },
{ "type": "Feature", "properties": { "protected_km2": 0.34700592711157124 }, "geometry": { "type": "Polygon", "coordinates": [ [ [ 89.202707713068492, 22.024444978400371 ], [ 89.202707713068492, 22.022199190190072 ], [ 89.1982161366479, 22.022199190190072 ], [ 89.1982161366479, 22.019953401979773 ], [ 89.191478772016993, 22.019953401979773 ], [ 89.191478772016993, 22.022199190190072 ], [ 89.195970348437598, 22.022199190190072 ], [ 89.195970348437598, 22.024444978400371 ], [ 89.202707713068492, 22.024444978400371 ] ] ] } },
{ "type": "Feature", "properties": { "protected_km2": 0.34695140613592174 }, "geometry": { "type": "Polygon", "coordinates": [ [ [ 89.276818724008351, 22.024444978400371 ], [ 89.276818724008351, 22.019953401979773 ], [ 89.267835571167154, 22.019953401979773 ], [ 89.267835571167154, 22.022199190190072 ], [ 89.27232714758776, 22.022199190190072 ], [ 89.27232714758776, 22.024444978400371 ], [ 89.276818724008351, 22.024444978400371 ] ] ] } },
{ "type": "Feature", "properties": { "protected_km2": 0.98335828582104456 }, "geometry": { "type": "Polygon", "coordinates": [ [ [ 89.101647243605044, 22.02669076661067 ], [ 89.101647243605044, 22.024444978400371 ], [ 89.103893031815346, 22.024444978400371 ], [ 89.103893031815346, 22.02669076661067 ], [ 89.106138820025649, 22.02669076661067 ], [ 89.106138820025649, 22.024444978400371 ], [ 89.108384608235937, 22.024444978400371 ], [ 89.108384608235937, 22.02669076661067 ], [ 89.112876184656542, 22.02669076661067 ], [ 89.112876184656542, 22.024444978400371 ], [ 89.115121972866845, 22.024444978400371 ], [ 89.115121972866845, 22.022199190190072 ], [ 89.11063039644624, 22.022199190190072 ], [ 89.11063039644624, 22.019953401979773 ], [ 89.108384608235937, 22.019953401979773 ], [ 89.108384608235937, 22.017707613769474 ], [ 89.106138820025649, 22.017707613769474 ], [ 89.106138820025649, 22.022199190190072 ], [ 89.103893031815346, 22.022199190190072 ], [ 89.103893031815346, 22.019953401979773 ], [ 89.097155667184452, 22.019953401979773 ], [ 89.097155667184452, 22.022199190190072 ], [ 89.099401455394741, 22.022199190190072 ], [ 89.099401455394741, 22.02669076661067 ], [ 89.101647243605044, 22.02669076661067 ] ] ] } },
{ "type": "Feature", "properties": { "protected_km2": 1.0981545006929454 }, "geometry": { "type": "Polygon", "coordinates": [ [ [ 89.53283857998241, 22.024444978400371 ], [ 89.53283857998241, 22.022199190190072 ], [ 89.535084368192713, 22.022199190190072 ], [ 89.535084368192713, 22.019953401979773 ], [ 89.526101215351517, 22.019953401979773 ], [ 89.526101215351517, 22.017707613769474 ], [ 89.523855427141214, 22.017707613769474 ], [ 89.523855427141214, 22.015461825559175 ], [ 89.521609638930926, 22.015461825559175 ], [ 89.521609638930926, 22.019953401979773 ], [ 89.519363850720623, 22.019953401979773 ], [ 89.519363850720623, 22.024444978400371 ], [ 89.523855427141214, 22.024444978400371 ], [ 89.523855427141214, 22.02669076661067 ], [ 89.521609638930926, 22.02669076661067 ], [ 89.521609638930926, 22.028936554820969 ], [ 89.526101215351517, 22.028936554820969 ], [ 89.526101215351517, 22.02669076661067 ], [ 89.530592791772122, 22.02669076661067 ], [ 89.530592791772122, 22.024444978400371 ], [ 89.53283857998241, 22.024444978400371 ] ], [ [ 89.526101215351517, 22.024444978400371 ], [ 89.526101215351517, 22.022199190190072 ], [ 89.530592791772122, 22.022199190190072 ], [ 89.530592791772122, 22.024444978400371 ], [ 89.526101215351517, 22.024444978400371 ] ] ] } },
{ "type": "Feature", "properties": { "protected_km2": 0.5200822404571126 }, "geometry": { "type": "Polygon", "coordinates": [ [ [ 89.638390625866464, 22.028936554820969 ], [ 89.638390625866464, 22.019953401979773 ], [ 89.636144837656161, 22.019953401979773 ], [ 89.636144837656161, 22.017707613769474 ], [ 89.63165326123557, 22.017707613769474 ], [ 89.63165326123557, 22.015461825559175 ], [ 89.629407473025267, 22.015461825559175 ], [ 89.629407473025267, 22.019953401979773 ], [ 89.633899049445859, 22.019953401979773 ], [ 89.633899049445859, 22.022199190190072 ], [ 89.636144837656161, 22.022199190190072 ], [ 89.636144837656161, 22.028936554820969 ], [ 89.638390625866464, 22.028936554820969 ] ] ] } },
{ "type": "Feature", "properties": { "protected_km2": 0.28903123280043513 }, "geometry": { "type": "Polygon", "coordinates": [ [ [ 89.46995651009405, 22.019953401979773 ], [ 89.46995651009405, 22.013216037348876 ], [ 89.467710721883748, 22.013216037348876 ], [ 89.467710721883748, 22.015461825559175 ], [ 89.465464933673445, 22.015461825559175 ], [ 89.465464933673445, 22.019953401979773 ], [ 89.46995651009405, 22.019953401979773 ] ] ] } },
{ "type": "Feature", "properties": { "protected_km2": 1.2136814900874515 }, "geometry": { "type": "Polygon", "coordinates": [ [ [ 89.571016979557498, 22.017707613769474 ], [ 89.571016979557498, 22.015461825559175 ], [ 89.568771191347196, 22.015461825559175 ], [ 89.568771191347196, 22.013216037348876 ], [ 89.566525403136893, 22.013216037348876 ], [ 89.566525403136893, 22.015461825559175 ], [ 89.564279614926605, 22.015461825559175 ], [ 89.564279614926605, 22.017707613769474 ], [ 89.566525403136893, 22.017707613769474 ], [ 89.566525403136893, 22.019953401979773 ], [ 89.568771191347196, 22.019953401979773 ], [ 89.568771191347196, 22.024444978400371 ], [ 89.573262767767801, 22.024444978400371 ], [ 89.573262767767801, 22.022199190190072 ], [ 89.577754344188392, 22.022199190190072 ], [ 89.577754344188392, 22.024444978400371 ], [ 89.580000132398695, 22.024444978400371 ], [ 89.580000132398695, 22.015461825559175 ], [ 89.577754344188392, 22.015461825559175 ], [ 89.577754344188392, 22.013216037348876 ], [ 89.573262767767801, 22.013216037348876 ], [ 89.573262767767801, 22.017707613769474 ], [ 89.571016979557498, 22.017707613769474 ] ], [ [ 89.577754344188392, 22.017707613769474 ], [ 89.577754344188392, 22.019953401979773 ], [ 89.573262767767801, 22.019953401979773 ], [ 89.573262767767801, 22.017707613769474 ], [ 89.577754344188392, 22.017707613769474 ] ] ] } },
{ "type": "Feature", "properties": { "protected_km2": 0.28897374004875881 }, "geometry": { "type": "Polygon", "coordinates": [ [ [ 89.586737497029588, 22.017707613769474 ], [ 89.586737497029588, 22.015461825559175 ], [ 89.582245920608983, 22.015461825559175 ], [ 89.582245920608983, 22.013216037348876 ], [ 89.577754344188392, 22.013216037348876 ], [ 89.577754344188392, 22.015461825559175 ], [ 89.580000132398695, 22.015461825559175 ], [ 89.580000132398695, 22.017707613769474 ], [ 89.586737497029588, 22.017707613769474 ] ] ] } },
{ "type": "Feature", "properties": { "protected_km2": 0.40444819320659342 }, "geometry": { "type": "Polygon", "coordinates": [ [ [ 89.739451095329912, 22.022199190190072 ], [ 89.739451095329912, 22.017707613769474 ], [ 89.737205307119609, 22.017707613769474 ], [ 89.737205307119609, 22.015461825559175 ], [ 89.734959518909307, 22.015461825559175 ], [ 89.734959518909307, 22.013216037348876 ], [ 89.730467942488715, 22.013216037348876 ], [ 89.730467942488715, 22.015461825559175 ], [ 89.732713730699004, 22.015461825559175 ], [ 89.732713730699004, 22.017707613769474 ], [ 89.734959518909307, 22.017707613769474 ], [ 89.734959518909307, 22.019953401979773 ], [ 89.737205307119609, 22.019953401979773 ], [ 89.737205307119609, 22.022199190190072 ], [ 89.739451095329912, 22.022199190190072 ] ] ] } },
{ "type": "Feature", "properties": { "protected_km2": 0.34684666877252679 }, "geometry": { "type": "Polygon", "coordinates": [ [ [ 89.463219145463157, 22.017707613769474 ], [ 89.463219145463157, 22.015461825559175 ], [ 89.467710721883748, 22.015461825559175 ], [ 89.467710721883748, 22.013216037348876 ], [ 89.465464933673445, 22.013216037348876 ], [ 89.465464933673445, 22.010970249138577 ], [ 89.460973357252854, 22.010970249138577 ], [ 89.460973357252854, 22.017707613769474 ], [ 89.463219145463157, 22.017707613769474 ] ] ] } },
{ "type": "Feature", "properties": { "protected_km2": 0.28885702966780036 }, "geometry": { "type": "Polygon", "coordinates": [ [ [ 89.818053682690362, 22.017707613769474 ], [ 89.818053682690362, 22.015461825559175 ], [ 89.820299470900665, 22.015461825559175 ], [ 89.820299470900665, 22.013216037348876 ], [ 89.818053682690362, 22.013216037348876 ], [ 89.818053682690362, 22.010970249138577 ], [ 89.815807894480059, 22.010970249138577 ], [ 89.815807894480059, 22.015461825559175 ], [ 89.813562106269771, 22.015461825559175 ], [ 89.813562106269771, 22.017707613769474 ], [ 89.818053682690362, 22.017707613769474 ] ] ] } },
{ "type": "Feature", "properties": { "protected_km2": 0.34706310247308481 }, "geometry": { "type": "Polygon", "coordinates": [ [ [ 89.144317219600723, 22.017707613769474 ], [ 89.144317219600723, 22.010970249138577 ], [ 89.14207143139042, 22.010970249138577 ], [ 89.14207143139042, 22.013216037348876 ], [ 89.137579854969829, 22.013216037348876 ], [ 89.137579854969829, 22.015461825559175 ], [ 89.139825643180131, 22.015461825559175 ], [ 89.139825643180131, 22.017707613769474 ], [ 89.144317219600723, 22.017707613769474 ] ] ] } },
{ "type": "Feature", "properties": { "protected_km2": 0.92529922569324108 }, "geometry": { "type": "Polygon", "coordinates": [ [ [ 89.243131900853868, 22.024444978400371 ], [ 89.243131900853868, 22.019953401979773 ], [ 89.249869265484762, 22.019953401979773 ], [ 89.249869265484762, 22.017707613769474 ], [ 89.247623477274473, 22.017707613769474 ], [ 89.247623477274473, 22.013216037348876 ], [ 89.243131900853868, 22.013216037348876 ], [ 89.243131900853868, 22.010970249138577 ], [ 89.236394536222974, 22.010970249138577 ], [ 89.236394536222974, 22.013216037348876 ], [ 89.240886112643565, 22.013216037348876 ], [ 89.240886112643565, 22.015461825559175 ], [ 89.238640324433277, 22.015461825559175 ], [ 89.238640324433277, 22.017707613769474 ], [ 89.240886112643565, 22.017707613769474 ], [ 89.240886112643565, 22.019953401979773 ], [ 89.238640324433277, 22.019953401979773 ], [ 89.238640324433277, 22.022199190190072 ], [ 89.240886112643565, 22.022199190190072 ], [ 89.240886112643565, 22.024444978400371 ], [ 89.243131900853868, 22.024444978400371 ] ], [ [ 89.243131900853868, 22.015461825559175 ], [ 89.245377689064171, 22.015461825559175 ], [ 89.245377689064171, 22.017707613769474 ], [ 89.243131900853868, 22.017707613769474 ], [ 89.243131900853868, 22.015461825559175 ] ] ] } },
{ "type": "Feature", "properties": { "protected_km2": 0.34690290847233912 }, "geometry": { "type": "Polygon", "coordinates": [ [ [ 89.377879193471799, 22.017707613769474 ], [ 89.377879193471799, 22.013216037348876 ], [ 89.380124981682101, 22.013216037348876 ], [ 89.380124981682101, 22.010970249138577 ], [ 89.373387617051208, 22.010970249138577 ], [ 89.373387617051208, 22.013216037348876 ], [ 89.375633405261496, 22.013216037348876 ], [ 89.375633405261496, 22.015461825559175 ], [ 89.373387617051208, 22.015461825559175 ], [ 89.373387617051208, 22.017707613769474 ], [ 89.377879193471799, 22.017707613769474 ] ] ] } },
{ "type": "Feature", "properties": { "protected_km2": 0.80928191823561912 }, "geometry": { "type": "Polygon", "coordinates": [ [ [ 89.474448086514641, 22.022199190190072 ], [ 89.474448086514641, 22.019953401979773 ], [ 89.476693874724944, 22.019953401979773 ], [ 89.476693874724944, 22.017707613769474 ], [ 89.478939662935247, 22.017707613769474 ], [ 89.478939662935247, 22.015461825559175 ], [ 89.481185451145549, 22.015461825559175 ], [ 89.481185451145549, 22.010970249138577 ], [ 89.478939662935247, 22.010970249138577 ], [ 89.478939662935247, 22.008724460928278 ], [ 89.476693874724944, 22.008724460928278 ], [ 89.476693874724944, 22.013216037348876 ], [ 89.474448086514641, 22.013216037348876 ], [ 89.474448086514641, 22.017707613769474 ], [ 89.472202298304353, 22.017707613769474 ], [ 89.472202298304353, 22.013216037348876 ], [ 89.46995651009405, 22.013216037348876 ], [ 89.46995651009405, 22.019953401979773 ], [ 89.472202298304353, 22.019953401979773 ], [ 89.472202298304353, 22.022199190190072 ], [ 89.474448086514641, 22.022199190190072 ] ] ] } },
{ "type": "Feature", "properties": { "protected_km2": 0.28908620769066623 }, "geometry": { "type": "Polygon", "coordinates": [ [ [ 89.393599710943889, 22.013216037348876 ], [ 89.393599710943889, 22.008724460928278 ], [ 89.391353922733586, 22.008724460928278 ], [ 89.391353922733586, 22.010970249138577 ], [ 89.389108134523298, 22.010970249138577 ], [ 89.389108134523298, 22.008724460928278 ], [ 89.386862346312995, 22.008724460928278 ], [ 89.386862346312995, 22.013216037348876 ], [ 89.393599710943889, 22.013216037348876 ] ] ] } },
{ "type": "Feature", "properties": { "protected_km2": 0.34678389187202857 }, "geometry": { "type": "Polygon", "coordinates": [ [ [ 89.571016979557498, 22.013216037348876 ], [ 89.571016979557498, 22.010970249138577 ], [ 89.575508555978089, 22.010970249138577 ], [ 89.575508555978089, 22.008724460928278 ], [ 89.566525403136893, 22.008724460928278 ], [ 89.566525403136893, 22.013216037348876 ], [ 89.571016979557498, 22.013216037348876 ] ] ] } },
{ "type": "Feature", "properties": { "protected_km2": 0.57789082906795308 }, "geometry": { "type": "Polygon", "coordinates": [ [ [ 89.645127990497357, 22.017707613769474 ], [ 89.645127990497357, 22.015461825559175 ], [ 89.64737377870766, 22.015461825559175 ], [ 89.64737377870766, 22.013216037348876 ], [ 89.649619566917949, 22.013216037348876 ], [ 89.649619566917949, 22.010970249138577 ], [ 89.64737377870766, 22.010970249138577 ], [ 89.64737377870766, 22.008724460928278 ], [ 89.645127990497357, 22.008724460928278 ], [ 89.645127990497357, 22.010970249138577 ], [ 89.638390625866464, 22.010970249138577 ], [ 89.638390625866464, 22.013216037348876 ], [ 89.642882202287055, 22.013216037348876 ], [ 89.642882202287055, 22.015461825559175 ], [ 89.640636414076752, 22.015461825559175 ], [ 89.640636414076752, 22.017707613769474 ], [ 89.645127990497357, 22.017707613769474 ] ] ] } },
{ "type": "Feature", "properties": { "protected_km2": 0.40451875115849129 }, "geometry": { "type": "Polygon", "coordinates": [ [ [ 89.667585872600341, 22.013216037348876 ], [ 89.667585872600341, 22.008724460928278 ], [ 89.66309429617975, 22.008724460928278 ], [ 89.66309429617975, 22.006478672717982 ], [ 89.660848507969447, 22.006478672717982 ], [ 89.660848507969447, 22.013216037348876 ], [ 89.667585872600341, 22.013216037348876 ] ] ] } },
{ "type": "Feature", "properties": { "protected_km2": 0.46234013978615751 }, "geometry": { "type": "Polygon", "coordinates": [ [ [ 89.622670108394374, 22.015461825559175 ], [ 89.622670108394374, 22.013216037348876 ], [ 89.624915896604662, 22.013216037348876 ], [ 89.624915896604662, 22.010970249138577 ], [ 89.620424320184071, 22.010970249138577 ], [ 89.620424320184071, 22.008724460928278 ], [ 89.622670108394374, 22.008724460928278 ], [ 89.622670108394374, 22.006478672717982 ], [ 89.618178531973768, 22.006478672717982 ], [ 89.618178531973768, 22.008724460928278 ], [ 89.615932743763466, 22.008724460928278 ], [ 89.615932743763466, 22.010970249138577 ], [ 89.618178531973768, 22.010970249138577 ], [ 89.618178531973768, 22.013216037348876 ], [ 89.620424320184071, 22.013216037348876 ], [ 89.620424320184071, 22.015461825559175 ], [ 89.622670108394374, 22.015461825559175 ] ] ] } },
{ "type": "Feature", "properties": { "protected_km2": 0.28920759289834985 }, "geometry": { "type": "Polygon", "coordinates": [ [ [ 89.182495619175796, 22.013216037348876 ], [ 89.182495619175796, 22.008724460928278 ], [ 89.184741407386099, 22.008724460928278 ], [ 89.184741407386099, 22.00423288450768 ], [ 89.182495619175796, 22.00423288450768 ], [ 89.182495619175796, 22.006478672717982 ], [ 89.180249830965508, 22.006478672717982 ], [ 89.180249830965508, 22.013216037348876 ], [ 89.182495619175796, 22.013216037348876 ] ] ] } },
{ "type": "Feature", "properties": { "protected_km2": 0.34703255238054082 }, "geometry": { "type": "Polygon", "coordinates": [ [ [ 89.207199289489083, 22.013216037348876 ], [ 89.207199289489083, 22.010970249138577 ], [ 89.204953501278794, 22.010970249138577 ], [ 89.204953501278794, 22.00423288450768 ], [ 89.202707713068492, 22.00423288450768 ], [ 89.202707713068492, 22.008724460928278 ], [ 89.200461924858189, 22.008724460928278 ], [ 89.200461924858189, 22.010970249138577 ], [ 89.202707713068492, 22.010970249138577 ], [ 89.202707713068492, 22.013216037348876 ], [ 89.207199289489083, 22.013216037348876 ] ] ] } },
{ "type": "Feature", "properties": { "protected_km2": 0.69373572107352144 }, "geometry": { "type": "Polygon", "coordinates": [ [ [ 89.445252839780764, 22.017707613769474 ], [ 89.445252839780764, 22.010970249138577 ], [ 89.447498627991067, 22.010970249138577 ], [ 89.447498627991067, 22.008724460928278 ], [ 89.443007051570461, 22.008724460928278 ], [ 89.443007051570461, 22.006478672717982 ], [ 89.445252839780764, 22.006478672717982 ], [ 89.445252839780764, 22.00423288450768 ], [ 89.440761263360159, 22.00423288450768 ], [ 89.440761263360159, 22.008724460928278 ], [ 89.43851547514987, 22.008724460928278 ], [ 89.43851547514987, 22.010970249138577 ], [ 89.440761263360159, 22.010970249138577 ], [ 89.440761263360159, 22.013216037348876 ], [ 89.443007051570461, 22.013216037348876 ], [ 89.443007051570461, 22.015461825559175 ], [ 89.440761263360159, 22.015461825559175 ], [ 89.440761263360159, 22.017707613769474 ], [ 89.445252839780764, 22.017707613769474 ] ] ] } },
{ "type": "Feature", "properties": { "protected_km2": 1.0404492785434707 }, "geometry": { "type": "Polygon", "coordinates": [ [ [ 89.521609638930926, 22.010970249138577 ], [ 89.521609638930926, 22.013216037348876 ], [ 89.519363850720623, 22.013216037348876 ], [ 89.519363850720623, 22.015461825559175 ], [ 89.528347003561819, 22.015461825559175 ], [ 89.528347003561819, 22.013216037348876 ], [ 89.53283857998241, 22.013216037348876 ], [ 89.53283857998241, 22.006478672717982 ], [ 89.530592791772122, 22.006478672717982 ], [ 89.530592791772122, 22.00423288450768 ], [ 89.528347003561819, 22.00423288450768 ], [ 89.528347003561819, 22.006478672717982 ], [ 89.526101215351517, 22.006478672717982 ], [ 89.526101215351517, 22.00423288450768 ], [ 89.523855427141214, 22.00423288450768 ], [ 89.523855427141214, 22.010970249138577 ], [ 89.521609638930926, 22.010970249138577 ] ], [ [ 89.526101215351517, 22.010970249138577 ], [ 89.526101215351517, 22.013216037348876 ], [ 89.523855427141214, 22.013216037348876 ], [ 89.523855427141214, 22.010970249138577 ], [ 89.526101215351517, 22.010970249138577 ] ] ] } },
{ "type": "Feature", "properties": { "protected_km2": 0.34678731034004479 }, "geometry": { "type": "Polygon", "coordinates": [ [ [ 89.582245920608983, 22.010970249138577 ], [ 89.582245920608983, 22.008724460928278 ], [ 89.584491708819286, 22.008724460928278 ], [ 89.584491708819286, 22.00423288450768 ], [ 89.580000132398695, 22.00423288450768 ], [ 89.580000132398695, 22.008724460928278 ], [ 89.577754344188392, 22.008724460928278 ], [ 89.577754344188392, 22.010970249138577 ], [ 89.582245920608983, 22.010970249138577 ] ] ] } },
{ "type": "Feature", "properties": { "protected_km2": 0.52028005083660378 }, "geometry": { "type": "Polygon", "coordinates": [ [ [ 89.474448086514641, 22.015461825559175 ], [ 89.474448086514641, 22.010970249138577 ], [ 89.476693874724944, 22.010970249138577 ], [ 89.476693874724944, 22.008724460928278 ], [ 89.474448086514641, 22.008724460928278 ], [ 89.474448086514641, 22.00423288450768 ], [ 89.46995651009405, 22.00423288450768 ], [ 89.46995651009405, 22.006478672717982 ], [ 89.467710721883748, 22.006478672717982 ], [ 89.467710721883748, 22.008724460928278 ], [ 89.472202298304353, 22.008724460928278 ], [ 89.472202298304353, 22.015461825559175 ], [ 89.474448086514641, 22.015461825559175 ] ] ] } },
{ "type": "Feature", "properties": { "protected_km2": 0.28917971059906206 }, "geometry": { "type": "Polygon", "coordinates": [ [ [ 89.243131900853868, 22.008724460928278 ], [ 89.243131900853868, 22.006478672717982 ], [ 89.238640324433277, 22.006478672717982 ], [ 89.238640324433277, 22.00423288450768 ], [ 89.234148748012672, 22.00423288450768 ], [ 89.234148748012672, 22.006478672717982 ], [ 89.236394536222974, 22.006478672717982 ], [ 89.236394536222974, 22.008724460928278 ], [ 89.243131900853868, 22.008724460928278 ] ] ] } },
{ "type": "Feature", "properties": { "protected_km2": 0.57815410256864797 }, "geometry": { "type": "Polygon", "coordinates": [ [ [ 89.42279495767778, 22.010970249138577 ], [ 89.42279495767778, 22.008724460928278 ], [ 89.425040745888069, 22.008724460928278 ], [ 89.425040745888069, 22.00423288450768 ], [ 89.427286534098371, 22.00423288450768 ], [ 89.427286534098371, 22.001987096297384 ], [ 89.420549169467478, 22.001987096297384 ], [ 89.420549169467478, 22.00423288450768 ], [ 89.418303381257175, 22.00423288450768 ], [ 89.418303381257175, 22.008724460928278 ], [ 89.420549169467478, 22.008724460928278 ], [ 89.420549169467478, 22.010970249138577 ], [ 89.42279495767778, 22.010970249138577 ] ] ] } },
{ "type": "Feature", "properties": { "protected_km2": 0.28895057588764184 }, "geometry": { "type": "Polygon", "coordinates": [ [ [ 89.669831660810644, 22.008724460928278 ], [ 89.669831660810644, 22.00423288450768 ], [ 89.667585872600341, 22.00423288450768 ], [ 89.667585872600341, 22.001987096297384 ], [ 89.66309429617975, 22.001987096297384 ], [ 89.66309429617975, 22.00423288450768 ], [ 89.665340084390039, 22.00423288450768 ], [ 89.665340084390039, 22.006478672717982 ], [ 89.667585872600341, 22.006478672717982 ], [ 89.667585872600341, 22.008724460928278 ], [ 89.669831660810644, 22.008724460928278 ] ] ] } },
{ "type": "Feature", "properties": { "protected_km2": 0.75134114641051186 }, "geometry": { "type": "Polygon", "coordinates": [ [ [ 89.615932743763466, 22.010970249138577 ], [ 89.615932743763466, 22.006478672717982 ], [ 89.620424320184071, 22.006478672717982 ], [ 89.620424320184071, 22.00423288450768 ], [ 89.615932743763466, 22.00423288450768 ], [ 89.615932743763466, 22.001987096297384 ], [ 89.613686955553177, 22.001987096297384 ], [ 89.613686955553177, 21.999741308087085 ], [ 89.611441167342875, 21.999741308087085 ], [ 89.611441167342875, 22.001987096297384 ], [ 89.609195379132572, 22.001987096297384 ], [ 89.609195379132572, 22.008724460928278 ], [ 89.613686955553177, 22.008724460928278 ], [ 89.613686955553177, 22.010970249138577 ], [ 89.615932743763466, 22.010970249138577 ] ] ] } },
{ "type": "Feature", "properties": { "protected_km2": 0.34708020972049042 }, "geometry": { "type": "Polygon", "coordinates": [ [ [ 89.15779194886251, 22.008724460928278 ], [ 89.15779194886251, 22.001987096297384 ], [ 89.155546160652221, 22.001987096297384 ], [ 89.155546160652221, 21.999741308087085 ], [ 89.151054584231616, 21.999741308087085 ], [ 89.151054584231616, 22.001987096297384 ], [ 89.153300372441919, 22.001987096297384 ], [ 89.153300372441919, 22.00423288450768 ], [ 89.155546160652221, 22.00423288450768 ], [ 89.155546160652221, 22.008724460928278 ], [ 89.15779194886251, 22.008724460928278 ] ] ] } },
{ "type": "Feature", "properties": { "protected_km2": 0.40474058703396654 }, "geometry": { "type": "Polygon", "coordinates": [ [ [ 89.393599710943889, 22.006478672717982 ], [ 89.393599710943889, 22.00423288450768 ], [ 89.395845499154191, 22.00423288450768 ], [ 89.395845499154191, 22.001987096297384 ], [ 89.398091287364494, 22.001987096297384 ], [ 89.398091287364494, 21.999741308087085 ], [ 89.395845499154191, 21.999741308087085 ], [ 89.395845499154191, 21.997495519876786 ], [ 89.393599710943889, 21.997495519876786 ], [ 89.393599710943889, 22.001987096297384 ], [ 89.391353922733586, 22.001987096297384 ], [ 89.391353922733586, 22.00423288450768 ], [ 89.389108134523298, 22.00423288450768 ], [ 89.389108134523298, 22.006478672717982 ], [ 89.393599710943889, 22.006478672717982 ] ] ] } },
{ "type": "Feature", "properties": { "protected_km2": 0.46233718559995612 }, "geometry": { "type": "Polygon", "coordinates": [ [ [ 89.660848507969447, 21.997495519876786 ], [ 89.656356931548856, 21.997495519876786 ], [ 89.656356931548856, 22.00423288450768 ], [ 89.658602719759145, 22.00423288450768 ], [ 89.658602719759145, 22.006478672717982 ], [ 89.660848507969447, 22.006478672717982 ], [ 89.660848507969447, 22.00423288450768 ], [ 89.66309429617975, 22.00423288450768 ], [ 89.66309429617975, 21.999741308087085 ], [ 89.660848507969447, 21.999741308087085 ], [ 89.660848507969447, 21.997495519876786 ] ], [ [ 89.660848507969447, 22.001987096297384 ], [ 89.658602719759145, 22.001987096297384 ], [ 89.658602719759145, 21.999741308087085 ], [ 89.660848507969447, 21.999741308087085 ], [ 89.660848507969447, 22.001987096297384 ] ] ] } },
{ "type": "Feature", "properties": { "protected_km2": 0.34666592740686358 }, "geometry": { "type": "Polygon", "coordinates": [ [ [ 89.811316318059468, 22.001987096297384 ], [ 89.811316318059468, 21.999741308087085 ], [ 89.818053682690362, 21.999741308087085 ], [ 89.818053682690362, 21.997495519876786 ], [ 89.809070529849166, 21.997495519876786 ], [ 89.809070529849166, 21.999741308087085 ], [ 89.806824741638863, 21.999741308087085 ], [ 89.806824741638863, 22.001987096297384 ], [ 89.811316318059468, 22.001987096297384 ] ] ] } },
{ "type": "Feature", "properties": { "protected_km2": 0.28922523058871863 }, "geometry": { "type": "Polygon", "coordinates": [ [ [ 89.182495619175796, 22.00423288450768 ], [ 89.182495619175796, 21.999741308087085 ], [ 89.180249830965508, 21.999741308087085 ], [ 89.180249830965508, 21.997495519876786 ], [ 89.175758254544903, 21.997495519876786 ], [ 89.175758254544903, 21.999741308087085 ], [ 89.178004042755205, 21.999741308087085 ], [ 89.178004042755205, 22.001987096297384 ], [ 89.180249830965508, 22.001987096297384 ], [ 89.180249830965508, 22.00423288450768 ], [ 89.182495619175796, 22.00423288450768 ] ] ] } },
{ "type": "Feature", "properties": { "protected_km2": 0.52037237280777437 }, "geometry": { "type": "Polygon", "coordinates": [ [ [ 89.404828651995388, 22.006478672717982 ], [ 89.404828651995388, 22.00423288450768 ], [ 89.407074440205676, 22.00423288450768 ], [ 89.407074440205676, 21.997495519876786 ], [ 89.400337075574782, 21.997495519876786 ], [ 89.400337075574782, 21.999741308087085 ], [ 89.402582863785085, 21.999741308087085 ], [ 89.402582863785085, 22.00423288450768 ], [ 89.400337075574782, 22.00423288450768 ], [ 89.400337075574782, 22.006478672717982 ], [ 89.404828651995388, 22.006478672717982 ] ] ] } },
{ "type": "Feature", "properties": { "protected_km2": 0.52064729609418836 }, "geometry": { "type": "Polygon", "coordinates": [ [ [ 89.144317219600723, 22.00423288450768 ], [ 89.144317219600723, 22.001987096297384 ], [ 89.14207143139042, 22.001987096297384 ], [ 89.14207143139042, 21.995249731666487 ], [ 89.139825643180131, 21.995249731666487 ], [ 89.139825643180131, 21.999741308087085 ], [ 89.133088278549224, 21.999741308087085 ], [ 89.133088278549224, 22.001987096297384 ], [ 89.137579854969829, 22.001987096297384 ], [ 89.137579854969829, 22.00423288450768 ], [ 89.144317219600723, 22.00423288450768 ] ] ] } },
{ "type": "Feature", "properties": { "protected_km2": 0.5778208322724091 }, "geometry": { "type": "Polygon", "coordinates": [ [ [ 89.779875283115288, 21.999741308087085 ], [ 89.779875283115288, 21.997495519876786 ], [ 89.782121071325577, 21.997495519876786 ], [ 89.782121071325577, 21.999741308087085 ], [ 89.788858435956485, 21.999741308087085 ], [ 89.788858435956485, 21.997495519876786 ], [ 89.786612647746182, 21.997495519876786 ], [ 89.786612647746182, 21.995249731666487 ], [ 89.782121071325577, 21.995249731666487 ], [ 89.782121071325577, 21.990758155245889 ], [ 89.779875283115288, 21.990758155245889 ], [ 89.779875283115288, 21.995249731666487 ], [ 89.777629494904986, 21.995249731666487 ], [ 89.777629494904986, 21.999741308087085 ], [ 89.779875283115288, 21.999741308087085 ] ] ] } },
{ "type": "Feature", "properties": { "protected_km2": 0.69414559911033824 }, "geometry": { "type": "Polygon", "coordinates": [ [ [ 89.195970348437598, 21.999741308087085 ], [ 89.195970348437598, 21.997495519876786 ], [ 89.200461924858189, 21.997495519876786 ], [ 89.200461924858189, 21.995249731666487 ], [ 89.1982161366479, 21.995249731666487 ], [ 89.1982161366479, 21.993003943456188 ], [ 89.202707713068492, 21.993003943456188 ], [ 89.202707713068492, 21.990758155245889 ], [ 89.195970348437598, 21.990758155245889 ], [ 89.195970348437598, 21.993003943456188 ], [ 89.193724560227295, 21.993003943456188 ], [ 89.193724560227295, 21.990758155245889 ], [ 89.191478772016993, 21.990758155245889 ], [ 89.191478772016993, 21.997495519876786 ], [ 89.193724560227295, 21.997495519876786 ], [ 89.193724560227295, 21.999741308087085 ], [ 89.195970348437598, 21.999741308087085 ] ] ] } },
{ "type": "Feature", "properties": { "protected_km2": 0.28895513633866127 }, "geometry": { "type": "Polygon", "coordinates": [ [ [ 89.701272695754824, 21.997495519876786 ], [ 89.701272695754824, 21.995249731666487 ], [ 89.703518483965127, 21.995249731666487 ], [ 89.703518483965127, 21.993003943456188 ], [ 89.701272695754824, 21.993003943456188 ], [ 89.701272695754824, 21.990758155245889 ], [ 89.699026907544521, 21.990758155245889 ], [ 89.699026907544521, 21.995249731666487 ], [ 89.696781119334233, 21.995249731666487 ], [ 89.696781119334233, 21.997495519876786 ], [ 89.701272695754824, 21.997495519876786 ] ] ] } },
{ "type": "Feature", "properties": { "protected_km2": 1.9663790621500803 }, "geometry": { "type": "Polygon", "coordinates": [ [ [ 89.283556088639244, 21.999741308087085 ], [ 89.283556088639244, 22.006478672717982 ], [ 89.285801876849547, 22.006478672717982 ], [ 89.285801876849547, 22.008724460928278 ], [ 89.28804766505985, 22.008724460928278 ], [ 89.28804766505985, 22.00423288450768 ], [ 89.285801876849547, 22.00423288450768 ], [ 89.285801876849547, 21.995249731666487 ], [ 89.28804766505985, 21.995249731666487 ], [ 89.28804766505985, 21.993003943456188 ], [ 89.285801876849547, 21.993003943456188 ], [ 89.285801876849547, 21.990758155245889 ], [ 89.283556088639244, 21.990758155245889 ], [ 89.283556088639244, 21.993003943456188 ], [ 89.281310300428956, 21.993003943456188 ], [ 89.281310300428956, 21.990758155245889 ], [ 89.274572935798048, 21.990758155245889 ], [ 89.274572935798048, 21.993003943456188 ], [ 89.27232714758776, 21.993003943456188 ], [ 89.27232714758776, 21.995249731666487 ], [ 89.274572935798048, 21.995249731666487 ], [ 89.274572935798048, 21.997495519876786 ], [ 89.270081359377457, 21.997495519876786 ], [ 89.270081359377457, 21.995249731666487 ], [ 89.267835571167154, 21.995249731666487 ], [ 89.267835571167154, 21.999741308087085 ], [ 89.27232714758776, 21.999741308087085 ], [ 89.27232714758776, 22.001987096297384 ], [ 89.270081359377457, 22.001987096297384 ], [ 89.270081359377457, 22.00423288450768 ], [ 89.276818724008351, 22.00423288450768 ], [ 89.276818724008351, 22.001987096297384 ], [ 89.279064512218653, 22.001987096297384 ], [ 89.279064512218653, 21.999741308087085 ], [ 89.283556088639244, 21.999741308087085 ] ], [ [ 89.276818724008351, 21.999741308087085 ], [ 89.276818724008351, 21.997495519876786 ], [ 89.279064512218653, 21.997495519876786 ], [ 89.279064512218653, 21.999741308087085 ], [ 89.276818724008351, 21.999741308087085 ] ], [ [ 89.279064512218653, 21.995249731666487 ], [ 89.281310300428956, 21.995249731666487 ], [ 89.281310300428956, 21.997495519876786 ], [ 89.279064512218653, 21.997495519876786 ], [ 89.279064512218653, 21.995249731666487 ] ] ] } },
{ "type": "Feature", "properties": { "protected_km2": 0.28899389556960492 }, "geometry": { "type": "Polygon", "coordinates": [ [ [ 89.629407473025267, 21.995249731666487 ], [ 89.629407473025267, 21.993003943456188 ], [ 89.63165326123557, 21.993003943456188 ], [ 89.63165326123557, 21.990758155245889 ], [ 89.624915896604662, 21.990758155245889 ], [ 89.624915896604662, 21.995249731666487 ], [ 89.629407473025267, 21.995249731666487 ] ] ] } },
{ "type": "Feature", "properties": { "protected_km2": 0.40480144955639663 }, "geometry": { "type": "Polygon", "coordinates": [ [ [ 89.344192370317316, 21.999741308087085 ], [ 89.344192370317316, 21.997495519876786 ], [ 89.346438158527619, 21.997495519876786 ], [ 89.346438158527619, 21.995249731666487 ], [ 89.344192370317316, 21.995249731666487 ], [ 89.344192370317316, 21.993003943456188 ], [ 89.341946582107013, 21.993003943456188 ], [ 89.341946582107013, 21.990758155245889 ], [ 89.337455005686422, 21.990758155245889 ], [ 89.337455005686422, 21.993003943456188 ], [ 89.339700793896725, 21.993003943456188 ], [ 89.339700793896725, 21.995249731666487 ], [ 89.341946582107013, 21.995249731666487 ], [ 89.341946582107013, 21.999741308087085 ], [ 89.344192370317316, 21.999741308087085 ] ] ] } },
{ "type": "Feature", "properties": { "protected_km2": 0.63607041023583055 }, "geometry": { "type": "Polygon", "coordinates": [ [ [ 89.380124981682101, 21.999741308087085 ], [ 89.380124981682101, 21.993003943456188 ], [ 89.38237076989239, 21.993003943456188 ], [ 89.38237076989239, 21.990758155245889 ], [ 89.373387617051208, 21.990758155245889 ], [ 89.373387617051208, 21.993003943456188 ], [ 89.377879193471799, 21.993003943456188 ], [ 89.377879193471799, 21.995249731666487 ], [ 89.373387617051208, 21.995249731666487 ], [ 89.373387617051208, 21.999741308087085 ], [ 89.380124981682101, 21.999741308087085 ] ] ] } },
{ "type": "Feature", "properties": { "protected_km2": 0.40452831717345944 }, "geometry": { "type": "Polygon", "coordinates": [ [ [ 89.72597636606811, 21.995249731666487 ], [ 89.72597636606811, 21.990758155245889 ], [ 89.723730577857808, 21.990758155245889 ], [ 89.723730577857808, 21.98851236703559 ], [ 89.721484789647519, 21.98851236703559 ], [ 89.721484789647519, 21.990758155245889 ], [ 89.719239001437217, 21.990758155245889 ], [ 89.719239001437217, 21.995249731666487 ], [ 89.72597636606811, 21.995249731666487 ] ] ] } },
{ "type": "Feature", "properties": { "protected_km2": 0.46225930500158119 }, "geometry": { "type": "Polygon", "coordinates": [ [ [ 89.797841588797681, 21.993003943456188 ], [ 89.797841588797681, 21.990758155245889 ], [ 89.800087377007969, 21.990758155245889 ], [ 89.800087377007969, 21.98851236703559 ], [ 89.791104224166773, 21.98851236703559 ], [ 89.791104224166773, 21.995249731666487 ], [ 89.795595800587378, 21.995249731666487 ], [ 89.795595800587378, 21.993003943456188 ], [ 89.797841588797681, 21.993003943456188 ] ], [ [ 89.793350012377076, 21.993003943456188 ], [ 89.793350012377076, 21.990758155245889 ], [ 89.795595800587378, 21.990758155245889 ], [ 89.795595800587378, 21.993003943456188 ], [ 89.793350012377076, 21.993003943456188 ] ] ] } },
{ "type": "Feature", "properties": { "protected_km2": 0.34703894019490217 }, "geometry": { "type": "Polygon", "coordinates": [ [ [ 89.258852418325958, 21.995249731666487 ], [ 89.258852418325958, 21.993003943456188 ], [ 89.25660663011567, 21.993003943456188 ], [ 89.25660663011567, 21.98851236703559 ], [ 89.252115053695064, 21.98851236703559 ], [ 89.252115053695064, 21.993003943456188 ], [ 89.254360841905367, 21.993003943456188 ], [ 89.254360841905367, 21.995249731666487 ], [ 89.258852418325958, 21.995249731666487 ] ] ] } },
{ "type": "Feature", "properties": { "protected_km2": 0.2890786414027196 }, "geometry": { "type": "Polygon", "coordinates": [ [ [ 89.476693874724944, 21.993003943456188 ], [ 89.476693874724944, 21.990758155245889 ], [ 89.478939662935247, 21.990758155245889 ], [ 89.478939662935247, 21.98851236703559 ], [ 89.472202298304353, 21.98851236703559 ], [ 89.472202298304353, 21.993003943456188 ], [ 89.476693874724944, 21.993003943456188 ] ] ] } },
{ "type": "Feature", "properties": { "protected_km2": 0.46227831443418749 }, "geometry": { "type": "Polygon", "coordinates": [ [ [ 89.770892130274092, 21.997495519876786 ], [ 89.770892130274092, 21.995249731666487 ], [ 89.773137918484395, 21.995249731666487 ], [ 89.773137918484395, 21.993003943456188 ], [ 89.768646342063789, 21.993003943456188 ], [ 89.768646342063789, 21.990758155245889 ], [ 89.770892130274092, 21.990758155245889 ], [ 89.770892130274092, 21.98851236703559 ], [ 89.766400553853487, 21.98851236703559 ], [ 89.766400553853487, 21.990758155245889 ], [ 89.764154765643198, 21.990758155245889 ], [ 89.764154765643198, 21.993003943456188 ], [ 89.766400553853487, 21.993003943456188 ], [ 89.766400553853487, 21.995249731666487 ], [ 89.768646342063789, 21.995249731666487 ], [ 89.768646342063789, 21.997495519876786 ], [ 89.770892130274092, 21.997495519876786 ] ] ] } },
{ "type": "Feature", "properties": { "protected_km2": 0.28926058765500068 }, "geometry": { "type": "Polygon", "coordinates": [ [ [ 89.151054584231616, 21.993003943456188 ], [ 89.151054584231616, 21.990758155245889 ], [ 89.153300372441919, 21.990758155245889 ], [ 89.153300372441919, 21.98851236703559 ], [ 89.144317219600723, 21.98851236703559 ], [ 89.144317219600723, 21.990758155245889 ], [ 89.148808796021314, 21.990758155245889 ], [ 89.148808796021314, 21.993003943456188 ], [ 89.151054584231616, 21.993003943456188 ] ] ] } },
{ "type": "Feature", "properties": { "protected_km2": 0.28917982479520982 }, "geometry": { "type": "Polygon", "coordinates": [ [ [ 89.306013970742242, 21.990758155245889 ], [ 89.306013970742242, 21.98851236703559 ], [ 89.30376818253194, 21.98851236703559 ], [ 89.30376818253194, 21.98626657882529 ], [ 89.299276606111334, 21.98626657882529 ], [ 89.299276606111334, 21.990758155245889 ], [ 89.306013970742242, 21.990758155245889 ] ] ] } },
{ "type": "Feature", "properties": { "protected_km2": 0.92474115363706078 }, "geometry": { "type": "Polygon", "coordinates": [ [ [ 89.660848507969447, 21.997495519876786 ], [ 89.660848507969447, 21.993003943456188 ], [ 89.665340084390039, 21.993003943456188 ], [ 89.665340084390039, 21.990758155245889 ], [ 89.660848507969447, 21.990758155245889 ], [ 89.660848507969447, 21.98851236703559 ], [ 89.656356931548856, 21.98851236703559 ], [ 89.656356931548856, 21.98626657882529 ], [ 89.654111143338554, 21.98626657882529 ], [ 89.654111143338554, 21.98851236703559 ], [ 89.651865355128251, 21.98851236703559 ], [ 89.651865355128251, 21.990758155245889 ], [ 89.656356931548856, 21.990758155245889 ], [ 89.656356931548856, 21.993003943456188 ], [ 89.658602719759145, 21.993003943456188 ], [ 89.658602719759145, 21.995249731666487 ], [ 89.654111143338554, 21.995249731666487 ], [ 89.654111143338554, 21.993003943456188 ], [ 89.649619566917949, 21.993003943456188 ], [ 89.649619566917949, 21.995249731666487 ], [ 89.651865355128251, 21.995249731666487 ], [ 89.651865355128251, 21.997495519876786 ], [ 89.660848507969447, 21.997495519876786 ] ] ] } },
{ "type": "Feature", "properties": { "protected_km2": 0.28895995839603522 }, "geometry": { "type": "Polygon", "coordinates": [ [ [ 89.719239001437217, 21.990758155245889 ], [ 89.719239001437217, 21.98851236703559 ], [ 89.716993213226914, 21.98851236703559 ], [ 89.716993213226914, 21.98626657882529 ], [ 89.712501636806323, 21.98626657882529 ], [ 89.712501636806323, 21.990758155245889 ], [ 89.719239001437217, 21.990758155245889 ] ] ] } },
{ "type": "Feature", "properties": { "protected_km2": 0.34682600547628784 }, "geometry": { "type": "Polygon", "coordinates": [ [ [ 89.597966438081087, 21.990758155245889 ], [ 89.597966438081087, 21.98851236703559 ], [ 89.600212226291376, 21.98851236703559 ], [ 89.600212226291376, 21.98626657882529 ], [ 89.593474861660482, 21.98626657882529 ], [ 89.593474861660482, 21.984020790614991 ], [ 89.591229073450179, 21.984020790614991 ], [ 89.591229073450179, 21.98851236703559 ], [ 89.595720649870785, 21.98851236703559 ], [ 89.595720649870785, 21.990758155245889 ], [ 89.597966438081087, 21.990758155245889 ] ] ] } },
{ "type": "Feature", "properties": { "protected_km2": 0.63602182649141925 }, "geometry": { "type": "Polygon", "coordinates": [ [ [ 89.445252839780764, 21.990758155245889 ], [ 89.445252839780764, 21.98851236703559 ], [ 89.449744416201355, 21.98851236703559 ], [ 89.449744416201355, 21.990758155245889 ], [ 89.45423599262196, 21.990758155245889 ], [ 89.45423599262196, 21.98851236703559 ], [ 89.451990204411658, 21.98851236703559 ], [ 89.451990204411658, 21.98626657882529 ], [ 89.447498627991067, 21.98626657882529 ], [ 89.447498627991067, 21.984020790614991 ], [ 89.440761263360159, 21.984020790614991 ], [ 89.440761263360159, 21.98626657882529 ], [ 89.443007051570461, 21.98626657882529 ], [ 89.443007051570461, 21.98851236703559 ], [ 89.440761263360159, 21.98851236703559 ], [ 89.440761263360159, 21.990758155245889 ], [ 89.445252839780764, 21.990758155245889 ] ] ] } },
{ "type": "Feature", "properties": { "protected_km2": 0.57851832566469252 }, "geometry": { "type": "Polygon", "coordinates": [ [ [ 89.180249830965508, 21.98851236703559 ], [ 89.180249830965508, 21.981775002404692 ], [ 89.173512466334614, 21.981775002404692 ], [ 89.173512466334614, 21.984020790614991 ], [ 89.171266678124312, 21.984020790614991 ], [ 89.171266678124312, 21.98851236703559 ], [ 89.180249830965508, 21.98851236703559 ] ], [ [ 89.175758254544903, 21.984020790614991 ], [ 89.178004042755205, 21.984020790614991 ], [ 89.178004042755205, 21.98626657882529 ], [ 89.175758254544903, 21.98626657882529 ], [ 89.175758254544903, 21.984020790614991 ] ] ] } },
{ "type": "Feature", "properties": { "protected_km2": 0.34682544714473357 }, "geometry": { "type": "Polygon", "coordinates": [ [ [ 89.604703802711981, 21.98851236703559 ], [ 89.604703802711981, 21.98626657882529 ], [ 89.611441167342875, 21.98626657882529 ], [ 89.611441167342875, 21.981775002404692 ], [ 89.609195379132572, 21.981775002404692 ], [ 89.609195379132572, 21.984020790614991 ], [ 89.602458014501678, 21.984020790614991 ], [ 89.602458014501678, 21.98851236703559 ], [ 89.604703802711981, 21.98851236703559 ] ] ] } },
{ "type": "Feature", "properties": { "protected_km2": 0.46277045601937583 }, "geometry": { "type": "Polygon", "coordinates": [ [ [ 89.220674018750884, 21.990758155245889 ], [ 89.220674018750884, 21.98626657882529 ], [ 89.216182442330279, 21.98626657882529 ], [ 89.216182442330279, 21.981775002404692 ], [ 89.213936654119991, 21.981775002404692 ], [ 89.213936654119991, 21.984020790614991 ], [ 89.211690865909688, 21.984020790614991 ], [ 89.211690865909688, 21.98626657882529 ], [ 89.213936654119991, 21.98626657882529 ], [ 89.213936654119991, 21.98851236703559 ], [ 89.216182442330279, 21.98851236703559 ], [ 89.216182442330279, 21.990758155245889 ], [ 89.220674018750884, 21.990758155245889 ] ] ] } },
{ "type": "Feature", "properties": { "protected_km2": 0.52027651081459603 }, "geometry": { "type": "Polygon", "coordinates": [ [ [ 89.559788038505999, 21.993003943456188 ], [ 89.559788038505999, 21.990758155245889 ], [ 89.562033826716302, 21.990758155245889 ], [ 89.562033826716302, 21.98851236703559 ], [ 89.559788038505999, 21.98851236703559 ], [ 89.559788038505999, 21.981775002404692 ], [ 89.555296462085408, 21.981775002404692 ], [ 89.555296462085408, 21.98626657882529 ], [ 89.557542250295697, 21.98626657882529 ], [ 89.557542250295697, 21.98851236703559 ], [ 89.555296462085408, 21.98851236703559 ], [ 89.555296462085408, 21.990758155245889 ], [ 89.557542250295697, 21.990758155245889 ], [ 89.557542250295697, 21.993003943456188 ], [ 89.559788038505999, 21.993003943456188 ] ] ] } },
{ "type": "Feature", "properties": { "protected_km2": 0.28923376502724552 }, "geometry": { "type": "Polygon", "coordinates": [ [ [ 89.229657171592081, 21.984020790614991 ], [ 89.229657171592081, 21.981775002404692 ], [ 89.234148748012672, 21.981775002404692 ], [ 89.234148748012672, 21.979529214194393 ], [ 89.227411383381778, 21.979529214194393 ], [ 89.227411383381778, 21.981775002404692 ], [ 89.225165595171475, 21.981775002404692 ], [ 89.225165595171475, 21.984020790614991 ], [ 89.229657171592081, 21.984020790614991 ] ] ] } },
{ "type": "Feature", "properties": { "protected_km2": 0.40488793133620476 }, "geometry": { "type": "Polygon", "coordinates": [ [ [ 89.276818724008351, 21.98626657882529 ], [ 89.276818724008351, 21.984020790614991 ], [ 89.281310300428956, 21.984020790614991 ], [ 89.281310300428956, 21.979529214194393 ], [ 89.279064512218653, 21.979529214194393 ], [ 89.279064512218653, 21.981775002404692 ], [ 89.276818724008351, 21.981775002404692 ], [ 89.276818724008351, 21.979529214194393 ], [ 89.274572935798048, 21.979529214194393 ], [ 89.274572935798048, 21.981775002404692 ], [ 89.27232714758776, 21.981775002404692 ], [ 89.27232714758776, 21.984020790614991 ], [ 89.274572935798048, 21.984020790614991 ], [ 89.274572935798048, 21.98626657882529 ], [ 89.276818724008351, 21.98626657882529 ] ] ] } },
{ "type": "Feature", "properties": { "protected_km2": 0.28902933967952427 }, "geometry": { "type": "Polygon", "coordinates": [ [ [ 89.602458014501678, 21.98626657882529 ], [ 89.602458014501678, 21.979529214194393 ], [ 89.597966438081087, 21.979529214194393 ], [ 89.597966438081087, 21.981775002404692 ], [ 89.600212226291376, 21.981775002404692 ], [ 89.600212226291376, 21.984020790614991 ], [ 89.597966438081087, 21.984020790614991 ], [ 89.597966438081087, 21.98626657882529 ], [ 89.602458014501678, 21.98626657882529 ] ] ] } },
{ "type": "Feature", "properties": { "protected_km2": 0.46247624499853129 }, "geometry": { "type": "Polygon", "coordinates": [ [ [ 89.566525403136893, 21.98851236703559 ], [ 89.566525403136893, 21.98626657882529 ], [ 89.562033826716302, 21.98626657882529 ], [ 89.562033826716302, 21.981775002404692 ], [ 89.564279614926605, 21.981775002404692 ], [ 89.564279614926605, 21.977283425984098 ], [ 89.562033826716302, 21.977283425984098 ], [ 89.562033826716302, 21.979529214194393 ], [ 89.559788038505999, 21.979529214194393 ], [ 89.559788038505999, 21.98851236703559 ], [ 89.566525403136893, 21.98851236703559 ] ] ] } },
{ "type": "Feature", "properties": { "protected_km2": 0.28919527371914255 }, "geometry": { "type": "Polygon", "coordinates": [ [ [ 89.306013970742242, 21.984020790614991 ], [ 89.306013970742242, 21.981775002404692 ], [ 89.30376818253194, 21.981775002404692 ], [ 89.30376818253194, 21.975037637773795 ], [ 89.301522394321637, 21.975037637773795 ], [ 89.301522394321637, 21.984020790614991 ], [ 89.306013970742242, 21.984020790614991 ] ] ] } },
{ "type": "Feature", "properties": { "protected_km2": 0.34695902460014483 }, "geometry": { "type": "Polygon", "coordinates": [ [ [ 89.418303381257175, 21.984020790614991 ], [ 89.418303381257175, 21.979529214194393 ], [ 89.416057593046872, 21.979529214194393 ], [ 89.416057593046872, 21.975037637773795 ], [ 89.413811804836584, 21.975037637773795 ], [ 89.413811804836584, 21.984020790614991 ], [ 89.418303381257175, 21.984020790614991 ] ] ] } },
{ "type": "Feature", "properties": { "protected_km2": 0.34692709624891543 }, "geometry": { "type": "Polygon", "coordinates": [ [ [ 89.472202298304353, 21.981775002404692 ], [ 89.472202298304353, 21.979529214194393 ], [ 89.476693874724944, 21.979529214194393 ], [ 89.476693874724944, 21.975037637773795 ], [ 89.472202298304353, 21.975037637773795 ], [ 89.472202298304353, 21.977283425984098 ], [ 89.46995651009405, 21.977283425984098 ], [ 89.46995651009405, 21.981775002404692 ], [ 89.472202298304353, 21.981775002404692 ] ] ] } },
{ "type": "Feature", "properties": { "protected_km2": 0.52045176843548324 }, "geometry": { "type": "Polygon", "coordinates": [ [ [ 89.409320228415979, 21.984020790614991 ], [ 89.409320228415979, 21.979529214194393 ], [ 89.411566016626281, 21.979529214194393 ], [ 89.411566016626281, 21.977283425984098 ], [ 89.409320228415979, 21.977283425984098 ], [ 89.409320228415979, 21.975037637773795 ], [ 89.404828651995388, 21.975037637773795 ], [ 89.404828651995388, 21.977283425984098 ], [ 89.402582863785085, 21.977283425984098 ], [ 89.402582863785085, 21.979529214194393 ], [ 89.404828651995388, 21.979529214194393 ], [ 89.404828651995388, 21.981775002404692 ], [ 89.407074440205676, 21.981775002404692 ], [ 89.407074440205676, 21.984020790614991 ], [ 89.409320228415979, 21.984020790614991 ] ] ] } },
{ "type": "Feature", "properties": { "protected_km2": 0.28898759974683569 }, "geometry": { "type": "Polygon", "coordinates": [ [ [ 89.701272695754824, 21.981775002404692 ], [ 89.701272695754824, 21.979529214194393 ], [ 89.703518483965127, 21.979529214194393 ], [ 89.703518483965127, 21.977283425984098 ], [ 89.701272695754824, 21.977283425984098 ], [ 89.701272695754824, 21.975037637773795 ], [ 89.696781119334233, 21.975037637773795 ], [ 89.696781119334233, 21.977283425984098 ], [ 89.699026907544521, 21.977283425984098 ], [ 89.699026907544521, 21.981775002404692 ], [ 89.701272695754824, 21.981775002404692 ] ] ] } },
{ "type": "Feature", "properties": { "protected_km2": 0.2892536536985249 }, "geometry": { "type": "Polygon", "coordinates": [ [ [ 89.218428230540582, 21.979529214194393 ], [ 89.218428230540582, 21.977283425984098 ], [ 89.216182442330279, 21.977283425984098 ], [ 89.216182442330279, 21.9727918495635 ], [ 89.211690865909688, 21.9727918495635 ], [ 89.211690865909688, 21.975037637773795 ], [ 89.213936654119991, 21.975037637773795 ], [ 89.213936654119991, 21.979529214194393 ], [ 89.218428230540582, 21.979529214194393 ] ] ] } },
{ "type": "Feature", "properties": { "protected_km2": 0.40455417714424186 }, "geometry": { "type": "Polygon", "coordinates": [ [ [ 89.755171612802002, 21.979529214194393 ], [ 89.755171612802002, 21.975037637773795 ], [ 89.75741740101229, 21.975037637773795 ], [ 89.75741740101229, 21.9727918495635 ], [ 89.759663189222593, 21.9727918495635 ], [ 89.759663189222593, 21.9705460613532 ], [ 89.755171612802002, 21.9705460613532 ], [ 89.755171612802002, 21.9727918495635 ], [ 89.752925824591699, 21.9727918495635 ], [ 89.752925824591699, 21.975037637773795 ], [ 89.750680036381397, 21.975037637773795 ], [ 89.750680036381397, 21.977283425984098 ], [ 89.752925824591699, 21.977283425984098 ], [ 89.752925824591699, 21.979529214194393 ], [ 89.755171612802002, 21.979529214194393 ] ] ] } },
{ "type": "Feature", "properties": { "protected_km2": 0.28904571242183702 }, "geometry": { "type": "Polygon", "coordinates": [ [ [ 89.615932743763466, 21.975037637773795 ], [ 89.615932743763466, 21.9727918495635 ], [ 89.613686955553177, 21.9727918495635 ], [ 89.613686955553177, 21.9705460613532 ], [ 89.611441167342875, 21.9705460613532 ], [ 89.611441167342875, 21.9727918495635 ], [ 89.60694959092227, 21.9727918495635 ], [ 89.60694959092227, 21.975037637773795 ], [ 89.615932743763466, 21.975037637773795 ] ] ] } },
{ "type": "Feature", "properties": { "protected_km2": 0.3471481584562387 }, "geometry": { "type": "Polygon", "coordinates": [ [ [ 89.166775101703706, 21.977283425984098 ], [ 89.166775101703706, 21.968300273142901 ], [ 89.164529313493418, 21.968300273142901 ], [ 89.164529313493418, 21.9705460613532 ], [ 89.162283525283115, 21.9705460613532 ], [ 89.162283525283115, 21.975037637773795 ], [ 89.164529313493418, 21.975037637773795 ], [ 89.164529313493418, 21.977283425984098 ], [ 89.166775101703706, 21.977283425984098 ] ] ] } },
{ "type": "Feature", "properties": { "protected_km2": 0.2891144652438799 }, "geometry": { "type": "Polygon", "coordinates": [ [ [ 89.481185451145549, 21.975037637773795 ], [ 89.481185451145549, 21.9727918495635 ], [ 89.483431239355838, 21.9727918495635 ], [ 89.483431239355838, 21.9705460613532 ], [ 89.481185451145549, 21.9705460613532 ], [ 89.481185451145549, 21.968300273142901 ], [ 89.478939662935247, 21.968300273142901 ], [ 89.478939662935247, 21.9727918495635 ], [ 89.476693874724944, 21.9727918495635 ], [ 89.476693874724944, 21.975037637773795 ], [ 89.481185451145549, 21.975037637773795 ] ] ] } },
{ "type": "Feature", "properties": { "protected_km2": 0.40506230250811209 }, "geometry": { "type": "Polygon", "coordinates": [ [ [ 89.103893031815346, 21.975037637773795 ], [ 89.103893031815346, 21.9727918495635 ], [ 89.106138820025649, 21.9727918495635 ], [ 89.106138820025649, 21.968300273142901 ], [ 89.103893031815346, 21.968300273142901 ], [ 89.103893031815346, 21.966054484932602 ], [ 89.101647243605044, 21.966054484932602 ], [ 89.101647243605044, 21.9705460613532 ], [ 89.099401455394741, 21.9705460613532 ], [ 89.099401455394741, 21.9727918495635 ], [ 89.101647243605044, 21.9727918495635 ], [ 89.101647243605044, 21.975037637773795 ], [ 89.103893031815346, 21.975037637773795 ] ] ] } },
{ "type": "Feature", "properties": { "protected_km2": 0.2892930357735779 }, "geometry": { "type": "Polygon", "coordinates": [ [ [ 89.173512466334614, 21.9727918495635 ], [ 89.173512466334614, 21.966054484932602 ], [ 89.171266678124312, 21.966054484932602 ], [ 89.171266678124312, 21.968300273142901 ], [ 89.166775101703706, 21.968300273142901 ], [ 89.166775101703706, 21.9705460613532 ], [ 89.171266678124312, 21.9705460613532 ], [ 89.171266678124312, 21.9727918495635 ], [ 89.173512466334614, 21.9727918495635 ] ] ] } },
{ "type": "Feature", "properties": { "protected_km2": 0.28917481951495316 }, "geometry": { "type": "Polygon", "coordinates": [ [ [ 89.391353922733586, 21.9705460613532 ], [ 89.391353922733586, 21.968300273142901 ], [ 89.386862346312995, 21.968300273142901 ], [ 89.386862346312995, 21.966054484932602 ], [ 89.384616558102692, 21.966054484932602 ], [ 89.384616558102692, 21.968300273142901 ], [ 89.38237076989239, 21.968300273142901 ], [ 89.38237076989239, 21.9705460613532 ], [ 89.391353922733586, 21.9705460613532 ] ] ] } },
{ "type": "Feature", "properties": { "protected_km2": 0.28904366539019827 }, "geometry": { "type": "Polygon", "coordinates": [ [ [ 89.633899049445859, 21.9705460613532 ], [ 89.633899049445859, 21.968300273142901 ], [ 89.63165326123557, 21.968300273142901 ], [ 89.63165326123557, 21.966054484932602 ], [ 89.627161684814965, 21.966054484932602 ], [ 89.627161684814965, 21.9705460613532 ], [ 89.633899049445859, 21.9705460613532 ] ] ] } },
{ "type": "Feature", "properties": { "protected_km2": 0.28928231154698553 }, "geometry": { "type": "Polygon", "coordinates": [ [ [ 89.1982161366479, 21.9705460613532 ], [ 89.1982161366479, 21.963808696722303 ], [ 89.195970348437598, 21.963808696722303 ], [ 89.195970348437598, 21.966054484932602 ], [ 89.193724560227295, 21.966054484932602 ], [ 89.193724560227295, 21.9705460613532 ], [ 89.1982161366479, 21.9705460613532 ] ] ] } },
{ "type": "Feature", "properties": { "protected_km2": 0.46235055966064742 }, "geometry": { "type": "Polygon", "coordinates": [ [ [ 89.788858435956485, 21.9705460613532 ], [ 89.788858435956485, 21.968300273142901 ], [ 89.784366859535879, 21.968300273142901 ], [ 89.784366859535879, 21.963808696722303 ], [ 89.779875283115288, 21.963808696722303 ], [ 89.779875283115288, 21.9705460613532 ], [ 89.788858435956485, 21.9705460613532 ] ] ] } },
{ "type": "Feature", "properties": { "protected_km2": 0.40478932423115216 }, "geometry": { "type": "Polygon", "coordinates": [ [ [ 89.476693874724944, 21.968300273142901 ], [ 89.476693874724944, 21.963808696722303 ], [ 89.474448086514641, 21.963808696722303 ], [ 89.474448086514641, 21.966054484932602 ], [ 89.472202298304353, 21.966054484932602 ], [ 89.472202298304353, 21.963808696722303 ], [ 89.46995651009405, 21.963808696722303 ], [ 89.46995651009405, 21.966054484932602 ], [ 89.465464933673445, 21.966054484932602 ], [ 89.465464933673445, 21.968300273142901 ], [ 89.476693874724944, 21.968300273142901 ] ] ] } },
{ "type": "Feature", "properties": { "protected_km2": 0.28902165512396233 }, "geometry": { "type": "Polygon", "coordinates": [ [ [ 89.67881481365184, 21.9705460613532 ], [ 89.67881481365184, 21.968300273142901 ], [ 89.676569025441538, 21.968300273142901 ], [ 89.676569025441538, 21.963808696722303 ], [ 89.674323237231235, 21.963808696722303 ], [ 89.674323237231235, 21.966054484932602 ], [ 89.672077449020946, 21.966054484932602 ], [ 89.672077449020946, 21.968300273142901 ], [ 89.674323237231235, 21.968300273142901 ], [ 89.674323237231235, 21.9705460613532 ], [ 89.67881481365184, 21.9705460613532 ] ] ] } },
{ "type": "Feature", "properties": { "protected_km2": 0.34716327792489221 }, "geometry": { "type": "Polygon", "coordinates": [ [ [ 89.162283525283115, 21.9705460613532 ], [ 89.162283525283115, 21.966054484932602 ], [ 89.164529313493418, 21.966054484932602 ], [ 89.164529313493418, 21.963808696722303 ], [ 89.155546160652221, 21.963808696722303 ], [ 89.155546160652221, 21.966054484932602 ], [ 89.160037737072813, 21.966054484932602 ], [ 89.160037737072813, 21.9705460613532 ], [ 89.162283525283115, 21.9705460613532 ] ] ] } },
{ "type": "Feature", "properties": { "protected_km2": 0.40495826332862928 }, "geometry": { "type": "Polygon", "coordinates": [ [ [ 89.254360841905367, 21.968300273142901 ], [ 89.254360841905367, 21.966054484932602 ], [ 89.25660663011567, 21.966054484932602 ], [ 89.25660663011567, 21.963808696722303 ], [ 89.252115053695064, 21.963808696722303 ], [ 89.252115053695064, 21.961562908512004 ], [ 89.249869265484762, 21.961562908512004 ], [ 89.249869265484762, 21.963808696722303 ], [ 89.245377689064171, 21.963808696722303 ], [ 89.245377689064171, 21.966054484932602 ], [ 89.252115053695064, 21.966054484932602 ], [ 89.252115053695064, 21.968300273142901 ], [ 89.254360841905367, 21.968300273142901 ] ] ] } },
{ "type": "Feature", "properties": { "protected_km2": 0.40476886815585683 }, "geometry": { "type": "Polygon", "coordinates": [ [ [ 89.492414392197034, 21.9705460613532 ], [ 89.492414392197034, 21.968300273142901 ], [ 89.494660180407337, 21.968300273142901 ], [ 89.494660180407337, 21.963808696722303 ], [ 89.492414392197034, 21.963808696722303 ], [ 89.492414392197034, 21.961562908512004 ], [ 89.487922815776443, 21.961562908512004 ], [ 89.487922815776443, 21.963808696722303 ], [ 89.490168603986746, 21.963808696722303 ], [ 89.490168603986746, 21.9705460613532 ], [ 89.492414392197034, 21.9705460613532 ] ] ] } },
{ "type": "Feature", "properties": { "protected_km2": 0.52072730560253289 }, "geometry": { "type": "Polygon", "coordinates": [ [ [ 89.191478772016993, 21.968300273142901 ], [ 89.191478772016993, 21.963808696722303 ], [ 89.193724560227295, 21.963808696722303 ], [ 89.193724560227295, 21.959317120301705 ], [ 89.191478772016993, 21.959317120301705 ], [ 89.191478772016993, 21.961562908512004 ], [ 89.184741407386099, 21.961562908512004 ], [ 89.184741407386099, 21.966054484932602 ], [ 89.189232983806704, 21.966054484932602 ], [ 89.189232983806704, 21.968300273142901 ], [ 89.191478772016993, 21.968300273142901 ] ] ] } },
{ "type": "Feature", "properties": { "protected_km2": 0.3471674508421389 }, "geometry": { "type": "Polygon", "coordinates": [ [ [ 89.175758254544903, 21.966054484932602 ], [ 89.175758254544903, 21.961562908512004 ], [ 89.173512466334614, 21.961562908512004 ], [ 89.173512466334614, 21.959317120301705 ], [ 89.169020889914009, 21.959317120301705 ], [ 89.169020889914009, 21.963808696722303 ], [ 89.173512466334614, 21.963808696722303 ], [ 89.173512466334614, 21.966054484932602 ], [ 89.175758254544903, 21.966054484932602 ] ] ] } },
{ "type": "Feature", "properties": { "protected_km2": 0.40502008134430378 }, "geometry": { "type": "Polygon", "coordinates": [ [ [ 89.184741407386099, 21.966054484932602 ], [ 89.184741407386099, 21.959317120301705 ], [ 89.180249830965508, 21.959317120301705 ], [ 89.180249830965508, 21.961562908512004 ], [ 89.178004042755205, 21.961562908512004 ], [ 89.178004042755205, 21.963808696722303 ], [ 89.180249830965508, 21.963808696722303 ], [ 89.180249830965508, 21.966054484932602 ], [ 89.184741407386099, 21.966054484932602 ] ] ] } },
{ "type": "Feature", "properties": { "protected_km2": 0.28931500562154033 }, "geometry": { "type": "Polygon", "coordinates": [ [ [ 89.164529313493418, 21.963808696722303 ], [ 89.164529313493418, 21.961562908512004 ], [ 89.166775101703706, 21.961562908512004 ], [ 89.166775101703706, 21.959317120301705 ], [ 89.162283525283115, 21.959317120301705 ], [ 89.162283525283115, 21.957071332091406 ], [ 89.160037737072813, 21.957071332091406 ], [ 89.160037737072813, 21.961562908512004 ], [ 89.162283525283115, 21.961562908512004 ], [ 89.162283525283115, 21.963808696722303 ], [ 89.164529313493418, 21.963808696722303 ] ] ] } },
{ "type": "Feature", "properties": { "protected_km2": 0.69394528205884576 }, "geometry": { "type": "Polygon", "coordinates": [ [ [ 89.460973357252854, 21.966054484932602 ], [ 89.460973357252854, 21.961562908512004 ], [ 89.458727569042551, 21.961562908512004 ], [ 89.458727569042551, 21.959317120301705 ], [ 89.45423599262196, 21.959317120301705 ], [ 89.45423599262196, 21.957071332091406 ], [ 89.451990204411658, 21.957071332091406 ], [ 89.451990204411658, 21.961562908512004 ], [ 89.45423599262196, 21.961562908512004 ], [ 89.45423599262196, 21.9705460613532 ], [ 89.456481780832263, 21.9705460613532 ], [ 89.456481780832263, 21.968300273142901 ], [ 89.458727569042551, 21.968300273142901 ], [ 89.458727569042551, 21.966054484932602 ], [ 89.460973357252854, 21.966054484932602 ] ], [ [ 89.456481780832263, 21.966054484932602 ], [ 89.456481780832263, 21.963808696722303 ], [ 89.458727569042551, 21.963808696722303 ], [ 89.458727569042551, 21.966054484932602 ], [ 89.456481780832263, 21.966054484932602 ] ] ] } },
{ "type": "Feature", "properties": { "protected_km2": 1.907634045917519 }, "geometry": { "type": "Polygon", "coordinates": [ [ [ 89.665340084390039, 21.975037637773795 ], [ 89.665340084390039, 21.9727918495635 ], [ 89.660848507969447, 21.9727918495635 ], [ 89.660848507969447, 21.9705460613532 ], [ 89.665340084390039, 21.9705460613532 ], [ 89.665340084390039, 21.966054484932602 ], [ 89.672077449020946, 21.966054484932602 ], [ 89.672077449020946, 21.963808696722303 ], [ 89.665340084390039, 21.963808696722303 ], [ 89.665340084390039, 21.961562908512004 ], [ 89.667585872600341, 21.961562908512004 ], [ 89.667585872600341, 21.957071332091406 ], [ 89.669831660810644, 21.957071332091406 ], [ 89.669831660810644, 21.954825543881107 ], [ 89.665340084390039, 21.954825543881107 ], [ 89.665340084390039, 21.959317120301705 ], [ 89.66309429617975, 21.959317120301705 ], [ 89.66309429617975, 21.961562908512004 ], [ 89.658602719759145, 21.961562908512004 ], [ 89.658602719759145, 21.959317120301705 ], [ 89.654111143338554, 21.959317120301705 ], [ 89.654111143338554, 21.957071332091406 ], [ 89.64737377870766, 21.957071332091406 ], [ 89.64737377870766, 21.959317120301705 ], [ 89.649619566917949, 21.959317120301705 ], [ 89.649619566917949, 21.961562908512004 ], [ 89.654111143338554, 21.961562908512004 ], [ 89.654111143338554, 21.963808696722303 ], [ 89.658602719759145, 21.963808696722303 ], [ 89.658602719759145, 21.966054484932602 ], [ 89.660848507969447, 21.966054484932602 ], [ 89.660848507969447, 21.968300273142901 ], [ 89.658602719759145, 21.968300273142901 ], [ 89.658602719759145, 21.9705460613532 ], [ 89.656356931548856, 21.9705460613532 ], [ 89.656356931548856, 21.9727918495635 ], [ 89.658602719759145, 21.9727918495635 ], [ 89.658602719759145, 21.975037637773795 ], [ 89.665340084390039, 21.975037637773795 ] ] ] } },
{ "type": "Feature", "properties": { "protected_km2": 0.2892793584810337 }, "geometry": { "type": "Polygon", "coordinates": [ [ [ 89.238640324433277, 21.959317120301705 ], [ 89.238640324433277, 21.954825543881107 ], [ 89.231902959802369, 21.954825543881107 ], [ 89.231902959802369, 21.957071332091406 ], [ 89.234148748012672, 21.957071332091406 ], [ 89.234148748012672, 21.959317120301705 ], [ 89.238640324433277, 21.959317120301705 ] ] ] } },
{ "type": "Feature", "properties": { "protected_km2": 0.52079112094308422 }, "geometry": { "type": "Polygon", "coordinates": [ [ [ 89.15779194886251, 21.961562908512004 ], [ 89.15779194886251, 21.957071332091406 ], [ 89.155546160652221, 21.957071332091406 ], [ 89.155546160652221, 21.954825543881107 ], [ 89.151054584231616, 21.954825543881107 ], [ 89.151054584231616, 21.952579755670808 ], [ 89.148808796021314, 21.952579755670808 ], [ 89.148808796021314, 21.959317120301705 ], [ 89.155546160652221, 21.959317120301705 ], [ 89.155546160652221, 21.961562908512004 ], [ 89.15779194886251, 21.961562908512004 ] ] ] } },
{ "type": "Feature", "properties": { "protected_km2": 0.46265856546741119 }, "geometry": { "type": "Polygon", "coordinates": [ [ [ 89.449744416201355, 21.961562908512004 ], [ 89.449744416201355, 21.957071332091406 ], [ 89.451990204411658, 21.957071332091406 ], [ 89.451990204411658, 21.952579755670808 ], [ 89.449744416201355, 21.952579755670808 ], [ 89.449744416201355, 21.954825543881107 ], [ 89.445252839780764, 21.954825543881107 ], [ 89.445252839780764, 21.957071332091406 ], [ 89.443007051570461, 21.957071332091406 ], [ 89.443007051570461, 21.959317120301705 ], [ 89.447498627991067, 21.959317120301705 ], [ 89.447498627991067, 21.961562908512004 ], [ 89.449744416201355, 21.961562908512004 ] ] ] } },
{ "type": "Feature", "properties": { "protected_km2": 0.34698337952336467 }, "geometry": { "type": "Polygon", "coordinates": [ [ [ 89.46995651009405, 21.959317120301705 ], [ 89.46995651009405, 21.957071332091406 ], [ 89.472202298304353, 21.957071332091406 ], [ 89.472202298304353, 21.952579755670808 ], [ 89.467710721883748, 21.952579755670808 ], [ 89.467710721883748, 21.954825543881107 ], [ 89.465464933673445, 21.954825543881107 ], [ 89.465464933673445, 21.957071332091406 ], [ 89.467710721883748, 21.957071332091406 ], [ 89.467710721883748, 21.959317120301705 ], [ 89.46995651009405, 21.959317120301705 ] ] ] } },
{ "type": "Feature", "properties": { "protected_km2": 0.34708693110219518 }, "geometry": { "type": "Polygon", "coordinates": [ [ [ 89.317242911793727, 21.959317120301705 ], [ 89.317242911793727, 21.957071332091406 ], [ 89.312751335373136, 21.957071332091406 ], [ 89.312751335373136, 21.950333967460509 ], [ 89.310505547162833, 21.950333967460509 ], [ 89.310505547162833, 21.959317120301705 ], [ 89.317242911793727, 21.959317120301705 ] ] ] } },
{ "type": "Feature", "properties": { "protected_km2": 0.28902463412460311 }, "geometry": { "type": "Polygon", "coordinates": [ [ [ 89.723730577857808, 21.957071332091406 ], [ 89.723730577857808, 21.954825543881107 ], [ 89.72597636606811, 21.954825543881107 ], [ 89.72597636606811, 21.950333967460509 ], [ 89.723730577857808, 21.950333967460509 ], [ 89.723730577857808, 21.952579755670808 ], [ 89.721484789647519, 21.952579755670808 ], [ 89.721484789647519, 21.954825543881107 ], [ 89.719239001437217, 21.954825543881107 ], [ 89.719239001437217, 21.957071332091406 ], [ 89.723730577857808, 21.957071332091406 ] ] ] } },
{ "type": "Feature", "properties": { "protected_km2": 0.28914060943758557 }, "geometry": { "type": "Polygon", "coordinates": [ [ [ 89.50139754503823, 21.957071332091406 ], [ 89.50139754503823, 21.954825543881107 ], [ 89.503643333248533, 21.954825543881107 ], [ 89.503643333248533, 21.952579755670808 ], [ 89.50139754503823, 21.952579755670808 ], [ 89.50139754503823, 21.950333967460509 ], [ 89.496905968617639, 21.950333967460509 ], [ 89.496905968617639, 21.952579755670808 ], [ 89.499151756827928, 21.952579755670808 ], [ 89.499151756827928, 21.957071332091406 ], [ 89.50139754503823, 21.957071332091406 ] ] ] } },
{ "type": "Feature", "properties": { "protected_km2": 0.28901757413036933 }, "geometry": { "type": "Polygon", "coordinates": [ [ [ 89.746188459960806, 21.954825543881107 ], [ 89.746188459960806, 21.952579755670808 ], [ 89.743942671750503, 21.952579755670808 ], [ 89.743942671750503, 21.950333967460509 ], [ 89.737205307119609, 21.950333967460509 ], [ 89.737205307119609, 21.952579755670808 ], [ 89.7416968835402, 21.952579755670808 ], [ 89.7416968835402, 21.954825543881107 ], [ 89.746188459960806, 21.954825543881107 ] ] ] } },
{ "type": "Feature", "properties": { "protected_km2": 0.34682367481883675 }, "geometry": { "type": "Polygon", "coordinates": [ [ [ 89.750680036381397, 21.952579755670808 ], [ 89.750680036381397, 21.948088179250213 ], [ 89.743942671750503, 21.948088179250213 ], [ 89.743942671750503, 21.952579755670808 ], [ 89.750680036381397, 21.952579755670808 ] ] ] } },
{ "type": "Feature", "properties": { "protected_km2": 0.40469037004602704 }, "geometry": { "type": "Polygon", "coordinates": [ [ [ 89.681060601862143, 21.950333967460509 ], [ 89.681060601862143, 21.945842391039911 ], [ 89.67881481365184, 21.945842391039911 ], [ 89.67881481365184, 21.948088179250213 ], [ 89.674323237231235, 21.948088179250213 ], [ 89.674323237231235, 21.945842391039911 ], [ 89.672077449020946, 21.945842391039911 ], [ 89.672077449020946, 21.948088179250213 ], [ 89.669831660810644, 21.948088179250213 ], [ 89.669831660810644, 21.950333967460509 ], [ 89.681060601862143, 21.950333967460509 ] ] ] } },
{ "type": "Feature", "properties": { "protected_km2": 0.34719657814141131 }, "geometry": { "type": "Polygon", "coordinates": [ [ [ 89.180249830965508, 21.950333967460509 ], [ 89.180249830965508, 21.945842391039911 ], [ 89.171266678124312, 21.945842391039911 ], [ 89.171266678124312, 21.948088179250213 ], [ 89.175758254544903, 21.948088179250213 ], [ 89.175758254544903, 21.950333967460509 ], [ 89.180249830965508, 21.950333967460509 ] ] ] } },
{ "type": "Feature", "properties": { "protected_km2": 0.520691714325489 }, "geometry": { "type": "Polygon", "coordinates": [ [ [ 89.281310300428956, 21.952579755670808 ], [ 89.281310300428956, 21.950333967460509 ], [ 89.283556088639244, 21.950333967460509 ], [ 89.283556088639244, 21.945842391039911 ], [ 89.281310300428956, 21.945842391039911 ], [ 89.281310300428956, 21.943596602829615 ], [ 89.276818724008351, 21.943596602829615 ], [ 89.276818724008351, 21.950333967460509 ], [ 89.279064512218653, 21.950333967460509 ], [ 89.279064512218653, 21.952579755670808 ], [ 89.281310300428956, 21.952579755670808 ] ] ] } },
{ "type": "Feature", "properties": { "protected_km2": 0.52065835640601277 }, "geometry": { "type": "Polygon", "coordinates": [ [ [ 89.301522394321637, 21.950333967460509 ], [ 89.301522394321637, 21.954825543881107 ], [ 89.308259758952531, 21.954825543881107 ], [ 89.308259758952531, 21.948088179250213 ], [ 89.306013970742242, 21.948088179250213 ], [ 89.306013970742242, 21.943596602829615 ], [ 89.30376818253194, 21.943596602829615 ], [ 89.30376818253194, 21.950333967460509 ], [ 89.301522394321637, 21.950333967460509 ] ], [ [ 89.306013970742242, 21.950333967460509 ], [ 89.306013970742242, 21.952579755670808 ], [ 89.30376818253194, 21.952579755670808 ], [ 89.30376818253194, 21.950333967460509 ], [ 89.306013970742242, 21.950333967460509 ] ] ] } },
{ "type": "Feature", "properties": { "protected_km2": 0.63596401721886464 }, "geometry": { "type": "Polygon", "coordinates": [ [ [ 89.64737377870766, 21.954825543881107 ], [ 89.64737377870766, 21.950333967460509 ], [ 89.645127990497357, 21.950333967460509 ], [ 89.645127990497357, 21.945842391039911 ], [ 89.642882202287055, 21.945842391039911 ], [ 89.642882202287055, 21.943596602829615 ], [ 89.640636414076752, 21.943596602829615 ], [ 89.640636414076752, 21.948088179250213 ], [ 89.636144837656161, 21.948088179250213 ], [ 89.636144837656161, 21.950333967460509 ], [ 89.640636414076752, 21.950333967460509 ], [ 89.640636414076752, 21.952579755670808 ], [ 89.645127990497357, 21.952579755670808 ], [ 89.645127990497357, 21.954825543881107 ], [ 89.64737377870766, 21.954825543881107 ] ] ] } },
{ "type": "Feature", "properties": { "protected_km2": 0.346855500049706 }, "geometry": { "type": "Polygon", "coordinates": [ [ [ 89.708010060385718, 21.950333967460509 ], [ 89.708010060385718, 21.948088179250213 ], [ 89.712501636806323, 21.948088179250213 ], [ 89.712501636806323, 21.943596602829615 ], [ 89.708010060385718, 21.943596602829615 ], [ 89.708010060385718, 21.945842391039911 ], [ 89.705764272175429, 21.945842391039911 ], [ 89.705764272175429, 21.950333967460509 ], [ 89.708010060385718, 21.950333967460509 ] ] ] } },
{ "type": "Feature", "properties": { "protected_km2": 0.36885215405131722 }, "geometry": { "type": "Polygon", "coordinates": [ [ [ 92.063841892989174, 21.945842391039911 ], [ 92.063841892989174, 21.943596602829615 ], [ 92.061596104778872, 21.943596602829615 ], [ 92.061596104778872, 21.948088179250213 ], [ 92.059350316568569, 21.948088179250213 ], [ 92.059350316568569, 21.950333967460509 ], [ 92.061809118382115, 21.950333967460509 ], [ 92.061806657404787, 21.950000740803564 ], [ 92.0621276763396, 21.949915989927138 ], [ 92.062408607199018, 21.950219272562524 ], [ 92.06245611542451, 21.950333967460509 ], [ 92.063841892989174, 21.950333967460509 ], [ 92.063841892989174, 21.948088179250213 ], [ 92.066087681199463, 21.948088179250213 ], [ 92.066087681199463, 21.950333967460509 ], [ 92.068333469409765, 21.950333967460509 ], [ 92.068333469409765, 21.949956904923475 ], [ 92.0678085675072, 21.949617292935674 ], [ 92.067612355721295, 21.949416617047298 ], [ 92.067656939032716, 21.94829737855915 ], [ 92.067527677473819, 21.946134739987532 ], [ 92.067478327768725, 21.945842391039911 ], [ 92.063841892989174, 21.945842391039911 ] ] ] } },
{ "type": "Feature", "properties": { "protected_km2": 0.40496987148997615 }, "geometry": { "type": "Polygon", "coordinates": [ [ [ 89.299276606111334, 21.952579755670808 ], [ 89.299276606111334, 21.945842391039911 ], [ 89.297030817901046, 21.945842391039911 ], [ 89.297030817901046, 21.943596602829615 ], [ 89.292539241480441, 21.943596602829615 ], [ 89.292539241480441, 21.945842391039911 ], [ 89.294785029690743, 21.945842391039911 ], [ 89.294785029690743, 21.950333967460509 ], [ 89.297030817901046, 21.950333967460509 ], [ 89.297030817901046, 21.952579755670808 ], [ 89.299276606111334, 21.952579755670808 ] ] ] } },
{ "type": "Feature", "properties": { "protected_km2": 0.69370869739329288 }, "geometry": { "type": "Polygon", "coordinates": [ [ [ 89.705764272175429, 21.954825543881107 ], [ 89.705764272175429, 21.952579755670808 ], [ 89.703518483965127, 21.952579755670808 ], [ 89.703518483965127, 21.950333967460509 ], [ 89.701272695754824, 21.950333967460509 ], [ 89.701272695754824, 21.948088179250213 ], [ 89.703518483965127, 21.948088179250213 ], [ 89.703518483965127, 21.943596602829615 ], [ 89.696781119334233, 21.943596602829615 ], [ 89.696781119334233, 21.945842391039911 ], [ 89.699026907544521, 21.945842391039911 ], [ 89.699026907544521, 21.948088179250213 ], [ 89.696781119334233, 21.948088179250213 ], [ 89.696781119334233, 21.952579755670808 ], [ 89.701272695754824, 21.952579755670808 ], [ 89.701272695754824, 21.954825543881107 ], [ 89.705764272175429, 21.954825543881107 ] ] ] } },
{ "type": "Feature", "properties": { "protected_km2": 0.63657013138546736 }, "geometry": { "type": "Polygon", "coordinates": [ [ [ 89.148808796021314, 21.954825543881107 ], [ 89.148808796021314, 21.952579755670808 ], [ 89.146563007811025, 21.952579755670808 ], [ 89.146563007811025, 21.948088179250213 ], [ 89.148808796021314, 21.948088179250213 ], [ 89.148808796021314, 21.945842391039911 ], [ 89.151054584231616, 21.945842391039911 ], [ 89.151054584231616, 21.943596602829615 ], [ 89.148808796021314, 21.943596602829615 ], [ 89.148808796021314, 21.941350814619316 ], [ 89.144317219600723, 21.941350814619316 ], [ 89.144317219600723, 21.954825543881107 ], [ 89.148808796021314, 21.954825543881107 ] ] ] } },
{ "type": "Feature", "properties": { "protected_km2": 0.40506768793633535 }, "geometry": { "type": "Polygon", "coordinates": [ [ [ 89.184741407386099, 21.950333967460509 ], [ 89.184741407386099, 21.943596602829615 ], [ 89.182495619175796, 21.943596602829615 ], [ 89.182495619175796, 21.941350814619316 ], [ 89.180249830965508, 21.941350814619316 ], [ 89.180249830965508, 21.943596602829615 ], [ 89.178004042755205, 21.943596602829615 ], [ 89.178004042755205, 21.945842391039911 ], [ 89.182495619175796, 21.945842391039911 ], [ 89.182495619175796, 21.948088179250213 ], [ 89.180249830965508, 21.948088179250213 ], [ 89.180249830965508, 21.950333967460509 ], [ 89.184741407386099, 21.950333967460509 ] ] ] } },
{ "type": "Feature", "properties": { "protected_km2": 0.28933096436381006 }, "geometry": { "type": "Polygon", "coordinates": [ [ [ 89.1982161366479, 21.945842391039911 ], [ 89.1982161366479, 21.943596602829615 ], [ 89.200461924858189, 21.943596602829615 ], [ 89.200461924858189, 21.941350814619316 ], [ 89.202707713068492, 21.941350814619316 ], [ 89.202707713068492, 21.939105026409017 ], [ 89.1982161366479, 21.939105026409017 ], [ 89.1982161366479, 21.941350814619316 ], [ 89.195970348437598, 21.941350814619316 ], [ 89.195970348437598, 21.945842391039911 ], [ 89.1982161366479, 21.945842391039911 ] ] ] } },
{ "type": "Feature", "properties": { "protected_km2": 1.2150241958307217 }, "geometry": { "type": "Polygon", "coordinates": [ [ [ 89.258852418325958, 21.954825543881107 ], [ 89.258852418325958, 21.952579755670808 ], [ 89.25660663011567, 21.952579755670808 ], [ 89.25660663011567, 21.950333967460509 ], [ 89.252115053695064, 21.950333967460509 ], [ 89.252115053695064, 21.945842391039911 ], [ 89.247623477274473, 21.945842391039911 ], [ 89.247623477274473, 21.939105026409017 ], [ 89.243131900853868, 21.939105026409017 ], [ 89.243131900853868, 21.941350814619316 ], [ 89.240886112643565, 21.941350814619316 ], [ 89.240886112643565, 21.943596602829615 ], [ 89.245377689064171, 21.943596602829615 ], [ 89.245377689064171, 21.945842391039911 ], [ 89.243131900853868, 21.945842391039911 ], [ 89.243131900853868, 21.950333967460509 ], [ 89.247623477274473, 21.950333967460509 ], [ 89.247623477274473, 21.952579755670808 ], [ 89.252115053695064, 21.952579755670808 ], [ 89.252115053695064, 21.954825543881107 ], [ 89.258852418325958, 21.954825543881107 ] ] ] } },
{ "type": "Feature", "properties": { "protected_km2": 0.28909470691753292 }, "geometry": { "type": "Polygon", "coordinates": [ [ [ 89.642882202287055, 21.943596602829615 ], [ 89.642882202287055, 21.941350814619316 ], [ 89.640636414076752, 21.941350814619316 ], [ 89.640636414076752, 21.939105026409017 ], [ 89.638390625866464, 21.939105026409017 ], [ 89.638390625866464, 21.941350814619316 ], [ 89.633899049445859, 21.941350814619316 ], [ 89.633899049445859, 21.943596602829615 ], [ 89.642882202287055, 21.943596602829615 ] ] ] } },
{ "type": "Feature", "properties": { "protected_km2": 0.34705282841351398 }, "geometry": { "type": "Polygon", "coordinates": [ [ [ 89.413811804836584, 21.945842391039911 ], [ 89.413811804836584, 21.943596602829615 ], [ 89.416057593046872, 21.943596602829615 ], [ 89.416057593046872, 21.941350814619316 ], [ 89.411566016626281, 21.941350814619316 ], [ 89.411566016626281, 21.939105026409017 ], [ 89.407074440205676, 21.939105026409017 ], [ 89.407074440205676, 21.941350814619316 ], [ 89.409320228415979, 21.941350814619316 ], [ 89.409320228415979, 21.943596602829615 ], [ 89.411566016626281, 21.943596602829615 ], [ 89.411566016626281, 21.945842391039911 ], [ 89.413811804836584, 21.945842391039911 ] ] ] } },
{ "type": "Feature", "properties": { "protected_km2": 0.40514561628981849 }, "geometry": { "type": "Polygon", "coordinates": [ [ [ 89.117367761077134, 21.941350814619316 ], [ 89.117367761077134, 21.939105026409017 ], [ 89.112876184656542, 21.939105026409017 ], [ 89.112876184656542, 21.936859238198718 ], [ 89.106138820025649, 21.936859238198718 ], [ 89.106138820025649, 21.939105026409017 ], [ 89.108384608235937, 21.939105026409017 ], [ 89.108384608235937, 21.941350814619316 ], [ 89.117367761077134, 21.941350814619316 ] ] ] } },
{ "type": "Feature", "properties": { "protected_km2": 0.28925756128814889 }, "geometry": { "type": "Polygon", "coordinates": [ [ [ 89.344192370317316, 21.941350814619316 ], [ 89.344192370317316, 21.939105026409017 ], [ 89.339700793896725, 21.939105026409017 ], [ 89.339700793896725, 21.936859238198718 ], [ 89.33520921747612, 21.936859238198718 ], [ 89.33520921747612, 21.939105026409017 ], [ 89.337455005686422, 21.939105026409017 ], [ 89.337455005686422, 21.941350814619316 ], [ 89.344192370317316, 21.941350814619316 ] ] ] } },
{ "type": "Feature", "properties": { "protected_km2": 0.28904205186417575 }, "geometry": { "type": "Polygon", "coordinates": [ [ [ 89.752925824591699, 21.941350814619316 ], [ 89.752925824591699, 21.939105026409017 ], [ 89.748434248171094, 21.939105026409017 ], [ 89.748434248171094, 21.936859238198718 ], [ 89.743942671750503, 21.936859238198718 ], [ 89.743942671750503, 21.939105026409017 ], [ 89.746188459960806, 21.939105026409017 ], [ 89.746188459960806, 21.941350814619316 ], [ 89.752925824591699, 21.941350814619316 ] ] ] } },
{ "type": "Feature", "properties": { "protected_km2": 0.34685660780314204 }, "geometry": { "type": "Polygon", "coordinates": [ [ [ 89.737205307119609, 21.943596602829615 ], [ 89.737205307119609, 21.941350814619316 ], [ 89.739451095329912, 21.941350814619316 ], [ 89.739451095329912, 21.934613449988419 ], [ 89.737205307119609, 21.934613449988419 ], [ 89.737205307119609, 21.936859238198718 ], [ 89.734959518909307, 21.936859238198718 ], [ 89.734959518909307, 21.943596602829615 ], [ 89.737205307119609, 21.943596602829615 ] ] ] } },
{ "type": "Feature", "properties": { "protected_km2": 0.52069852615411105 }, "geometry": { "type": "Polygon", "coordinates": [ [ [ 89.310505547162833, 21.941350814619316 ], [ 89.310505547162833, 21.939105026409017 ], [ 89.312751335373136, 21.939105026409017 ], [ 89.312751335373136, 21.936859238198718 ], [ 89.317242911793727, 21.936859238198718 ], [ 89.317242911793727, 21.93236766177812 ], [ 89.314997123583439, 21.93236766177812 ], [ 89.314997123583439, 21.934613449988419 ], [ 89.308259758952531, 21.934613449988419 ], [ 89.308259758952531, 21.936859238198718 ], [ 89.306013970742242, 21.936859238198718 ], [ 89.306013970742242, 21.939105026409017 ], [ 89.308259758952531, 21.939105026409017 ], [ 89.308259758952531, 21.941350814619316 ], [ 89.310505547162833, 21.941350814619316 ] ] ] } },
{ "type": "Feature", "properties": { "protected_km2": 0.34716843561954686 }, "geometry": { "type": "Polygon", "coordinates": [ [ [ 89.265589782956852, 21.939105026409017 ], [ 89.265589782956852, 21.936859238198718 ], [ 89.267835571167154, 21.936859238198718 ], [ 89.267835571167154, 21.934613449988419 ], [ 89.263343994746563, 21.934613449988419 ], [ 89.263343994746563, 21.93236766177812 ], [ 89.258852418325958, 21.93236766177812 ], [ 89.258852418325958, 21.934613449988419 ], [ 89.261098206536261, 21.934613449988419 ], [ 89.261098206536261, 21.936859238198718 ], [ 89.263343994746563, 21.936859238198718 ], [ 89.263343994746563, 21.939105026409017 ], [ 89.265589782956852, 21.939105026409017 ] ] ] } },
{ "type": "Feature", "properties": { "protected_km2": 0.8676370621431001 }, "geometry": { "type": "Polygon", "coordinates": [ [ [ 89.42279495767778, 21.945842391039911 ], [ 89.42279495767778, 21.943596602829615 ], [ 89.427286534098371, 21.943596602829615 ], [ 89.427286534098371, 21.941350814619316 ], [ 89.425040745888069, 21.941350814619316 ], [ 89.425040745888069, 21.939105026409017 ], [ 89.42279495767778, 21.939105026409017 ], [ 89.42279495767778, 21.936859238198718 ], [ 89.420549169467478, 21.936859238198718 ], [ 89.420549169467478, 21.934613449988419 ], [ 89.418303381257175, 21.934613449988419 ], [ 89.418303381257175, 21.93236766177812 ], [ 89.413811804836584, 21.93236766177812 ], [ 89.413811804836584, 21.934613449988419 ], [ 89.416057593046872, 21.934613449988419 ], [ 89.416057593046872, 21.939105026409017 ], [ 89.418303381257175, 21.939105026409017 ], [ 89.418303381257175, 21.943596602829615 ], [ 89.420549169467478, 21.943596602829615 ], [ 89.420549169467478, 21.945842391039911 ], [ 89.42279495767778, 21.945842391039911 ] ] ] } },
{ "type": "Feature", "properties": { "protected_km2": 0.57870547061548239 }, "geometry": { "type": "Polygon", "coordinates": [ [ [ 89.191478772016993, 21.939105026409017 ], [ 89.191478772016993, 21.936859238198718 ], [ 89.189232983806704, 21.936859238198718 ], [ 89.189232983806704, 21.934613449988419 ], [ 89.191478772016993, 21.934613449988419 ], [ 89.191478772016993, 21.930121873567821 ], [ 89.184741407386099, 21.930121873567821 ], [ 89.184741407386099, 21.936859238198718 ], [ 89.186987195596402, 21.936859238198718 ], [ 89.186987195596402, 21.939105026409017 ], [ 89.191478772016993, 21.939105026409017 ] ] ] } },
{ "type": "Feature", "properties": { "protected_km2": 0.28911695553927064 }, "geometry": { "type": "Polygon", "coordinates": [ [ [ 89.622670108394374, 21.936859238198718 ], [ 89.622670108394374, 21.93236766177812 ], [ 89.620424320184071, 21.93236766177812 ], [ 89.620424320184071, 21.930121873567821 ], [ 89.618178531973768, 21.930121873567821 ], [ 89.618178531973768, 21.936859238198718 ], [ 89.622670108394374, 21.936859238198718 ] ] ] } },
{ "type": "Feature", "properties": { "protected_km2": 0.80974173349097978 }, "geometry": { "type": "Polygon", "coordinates": [ [ [ 89.465464933673445, 21.943596602829615 ], [ 89.465464933673445, 21.941350814619316 ], [ 89.467710721883748, 21.941350814619316 ], [ 89.467710721883748, 21.936859238198718 ], [ 89.472202298304353, 21.936859238198718 ], [ 89.472202298304353, 21.93236766177812 ], [ 89.474448086514641, 21.93236766177812 ], [ 89.474448086514641, 21.930121873567821 ], [ 89.467710721883748, 21.930121873567821 ], [ 89.467710721883748, 21.93236766177812 ], [ 89.463219145463157, 21.93236766177812 ], [ 89.463219145463157, 21.934613449988419 ], [ 89.465464933673445, 21.934613449988419 ], [ 89.465464933673445, 21.939105026409017 ], [ 89.463219145463157, 21.939105026409017 ], [ 89.463219145463157, 21.943596602829615 ], [ 89.465464933673445, 21.943596602829615 ] ] ] } },
{ "type": "Feature", "properties": { "protected_km2": 0.80955849271456304 }, "geometry": { "type": "Polygon", "coordinates": [ [ [ 89.593474861660482, 21.939105026409017 ], [ 89.593474861660482, 21.936859238198718 ], [ 89.595720649870785, 21.936859238198718 ], [ 89.595720649870785, 21.939105026409017 ], [ 89.600212226291376, 21.939105026409017 ], [ 89.600212226291376, 21.934613449988419 ], [ 89.597966438081087, 21.934613449988419 ], [ 89.597966438081087, 21.930121873567821 ], [ 89.595720649870785, 21.930121873567821 ], [ 89.595720649870785, 21.93236766177812 ], [ 89.593474861660482, 21.93236766177812 ], [ 89.593474861660482, 21.930121873567821 ], [ 89.591229073450179, 21.930121873567821 ], [ 89.591229073450179, 21.93236766177812 ], [ 89.588983285239891, 21.93236766177812 ], [ 89.588983285239891, 21.934613449988419 ], [ 89.591229073450179, 21.934613449988419 ], [ 89.591229073450179, 21.936859238198718 ], [ 89.588983285239891, 21.936859238198718 ], [ 89.588983285239891, 21.939105026409017 ], [ 89.593474861660482, 21.939105026409017 ] ] ] } },
{ "type": "Feature", "properties": { "protected_km2": 0.2890443596344448 }, "geometry": { "type": "Polygon", "coordinates": [ [ [ 89.764154765643198, 21.939105026409017 ], [ 89.764154765643198, 21.93236766177812 ], [ 89.761908977432896, 21.93236766177812 ], [ 89.761908977432896, 21.930121873567821 ], [ 89.759663189222593, 21.930121873567821 ], [ 89.759663189222593, 21.934613449988419 ], [ 89.761908977432896, 21.934613449988419 ], [ 89.761908977432896, 21.939105026409017 ], [ 89.764154765643198, 21.939105026409017 ] ] ] } },
{ "type": "Feature", "properties": { "protected_km2": 0.63660655025617296 }, "geometry": { "type": "Polygon", "coordinates": [ [ [ 89.164529313493418, 21.941350814619316 ], [ 89.164529313493418, 21.939105026409017 ], [ 89.162283525283115, 21.939105026409017 ], [ 89.162283525283115, 21.936859238198718 ], [ 89.164529313493418, 21.936859238198718 ], [ 89.164529313493418, 21.93236766177812 ], [ 89.162283525283115, 21.93236766177812 ], [ 89.162283525283115, 21.930121873567821 ], [ 89.155546160652221, 21.930121873567821 ], [ 89.155546160652221, 21.93236766177812 ], [ 89.160037737072813, 21.93236766177812 ], [ 89.160037737072813, 21.936859238198718 ], [ 89.15779194886251, 21.936859238198718 ], [ 89.15779194886251, 21.939105026409017 ], [ 89.160037737072813, 21.939105026409017 ], [ 89.160037737072813, 21.941350814619316 ], [ 89.164529313493418, 21.941350814619316 ] ] ] } },
{ "type": "Feature", "properties": { "protected_km2": 0.3468957375691662 }, "geometry": { "type": "Polygon", "coordinates": [ [ [ 89.699026907544521, 21.934613449988419 ], [ 89.699026907544521, 21.930121873567821 ], [ 89.690043754703339, 21.930121873567821 ], [ 89.690043754703339, 21.93236766177812 ], [ 89.69453533112393, 21.93236766177812 ], [ 89.69453533112393, 21.934613449988419 ], [ 89.699026907544521, 21.934613449988419 ] ] ] } },
{ "type": "Feature", "properties": { "protected_km2": 0.28926946780080381 }, "geometry": { "type": "Polygon", "coordinates": [ [ [ 89.346438158527619, 21.934613449988419 ], [ 89.346438158527619, 21.93236766177812 ], [ 89.348683946737907, 21.93236766177812 ], [ 89.348683946737907, 21.927876085357521 ], [ 89.344192370317316, 21.927876085357521 ], [ 89.344192370317316, 21.934613449988419 ], [ 89.346438158527619, 21.934613449988419 ] ] ] } },
{ "type": "Feature", "properties": { "protected_km2": 0.52058055047411333 }, "geometry": { "type": "Polygon", "coordinates": [ [ [ 89.447498627991067, 21.936859238198718 ], [ 89.447498627991067, 21.934613449988419 ], [ 89.451990204411658, 21.934613449988419 ], [ 89.451990204411658, 21.930121873567821 ], [ 89.447498627991067, 21.930121873567821 ], [ 89.447498627991067, 21.927876085357521 ], [ 89.445252839780764, 21.927876085357521 ], [ 89.445252839780764, 21.930121873567821 ], [ 89.443007051570461, 21.930121873567821 ], [ 89.443007051570461, 21.93236766177812 ], [ 89.445252839780764, 21.93236766177812 ], [ 89.445252839780764, 21.936859238198718 ], [ 89.447498627991067, 21.936859238198718 ] ] ] } },
{ "type": "Feature", "properties": { "protected_km2": 0.57814212695139156 }, "geometry": { "type": "Polygon", "coordinates": [ [ [ 89.716993213226914, 21.936859238198718 ], [ 89.716993213226914, 21.934613449988419 ], [ 89.719239001437217, 21.934613449988419 ], [ 89.719239001437217, 21.927876085357521 ], [ 89.714747425016625, 21.927876085357521 ], [ 89.714747425016625, 21.930121873567821 ], [ 89.716993213226914, 21.930121873567821 ], [ 89.716993213226914, 21.93236766177812 ], [ 89.712501636806323, 21.93236766177812 ], [ 89.712501636806323, 21.930121873567821 ], [ 89.71025584859602, 21.930121873567821 ], [ 89.71025584859602, 21.934613449988419 ], [ 89.712501636806323, 21.934613449988419 ], [ 89.712501636806323, 21.936859238198718 ], [ 89.716993213226914, 21.936859238198718 ] ] ] } },
{ "type": "Feature", "properties": { "protected_km2": 0.40479854983765645 }, "geometry": { "type": "Polygon", "coordinates": [ [ [ 89.586737497029588, 21.934613449988419 ], [ 89.586737497029588, 21.93236766177812 ], [ 89.588983285239891, 21.93236766177812 ], [ 89.588983285239891, 21.927876085357521 ], [ 89.586737497029588, 21.927876085357521 ], [ 89.586737497029588, 21.925630297147222 ], [ 89.584491708819286, 21.925630297147222 ], [ 89.584491708819286, 21.930121873567821 ], [ 89.582245920608983, 21.930121873567821 ], [ 89.582245920608983, 21.93236766177812 ], [ 89.584491708819286, 21.93236766177812 ], [ 89.584491708819286, 21.934613449988419 ], [ 89.586737497029588, 21.934613449988419 ] ] ] } },
{ "type": "Feature", "properties": { "protected_km2": 0.28902911576566581 }, "geometry": { "type": "Polygon", "coordinates": [ [ [ 89.824791047321256, 21.930121873567821 ], [ 89.824791047321256, 21.927876085357521 ], [ 89.822545259110967, 21.927876085357521 ], [ 89.822545259110967, 21.925630297147222 ], [ 89.818053682690362, 21.925630297147222 ], [ 89.818053682690362, 21.930121873567821 ], [ 89.824791047321256, 21.930121873567821 ] ] ] } },
{ "type": "Feature", "properties": { "protected_km2": 0.57880333120806515 }, "geometry": { "type": "Polygon", "coordinates": [ [ [ 89.12635091391833, 21.93236766177812 ], [ 89.12635091391833, 21.925630297147222 ], [ 89.117367761077134, 21.925630297147222 ], [ 89.117367761077134, 21.927876085357521 ], [ 89.119613549287436, 21.927876085357521 ], [ 89.119613549287436, 21.93236766177812 ], [ 89.12635091391833, 21.93236766177812 ] ] ] } },
{ "type": "Feature", "properties": { "protected_km2": 0.57811740118510058 }, "geometry": { "type": "Polygon", "coordinates": [ [ [ 89.755171612802002, 21.934613449988419 ], [ 89.755171612802002, 21.93236766177812 ], [ 89.75741740101229, 21.93236766177812 ], [ 89.75741740101229, 21.930121873567821 ], [ 89.755171612802002, 21.930121873567821 ], [ 89.755171612802002, 21.927876085357521 ], [ 89.759663189222593, 21.927876085357521 ], [ 89.759663189222593, 21.925630297147222 ], [ 89.755171612802002, 21.925630297147222 ], [ 89.755171612802002, 21.923384508936923 ], [ 89.752925824591699, 21.923384508936923 ], [ 89.752925824591699, 21.927876085357521 ], [ 89.750680036381397, 21.927876085357521 ], [ 89.750680036381397, 21.93236766177812 ], [ 89.752925824591699, 21.93236766177812 ], [ 89.752925824591699, 21.934613449988419 ], [ 89.755171612802002, 21.934613449988419 ] ] ] } },
{ "type": "Feature", "properties": { "protected_km2": 0.3473034476361524 }, "geometry": { "type": "Polygon", "coordinates": [ [ [ 89.097155667184452, 21.93236766177812 ], [ 89.097155667184452, 21.930121873567821 ], [ 89.099401455394741, 21.930121873567821 ], [ 89.099401455394741, 21.927876085357521 ], [ 89.097155667184452, 21.927876085357521 ], [ 89.097155667184452, 21.923384508936923 ], [ 89.09490987897415, 21.923384508936923 ], [ 89.09490987897415, 21.927876085357521 ], [ 89.092664090763847, 21.927876085357521 ], [ 89.092664090763847, 21.930121873567821 ], [ 89.09490987897415, 21.930121873567821 ], [ 89.09490987897415, 21.93236766177812 ], [ 89.097155667184452, 21.93236766177812 ] ] ] } },
{ "type": "Feature", "properties": { "protected_km2": 0.28934367560939911 }, "geometry": { "type": "Polygon", "coordinates": [ [ [ 89.234148748012672, 21.927876085357521 ], [ 89.234148748012672, 21.925630297147222 ], [ 89.238640324433277, 21.925630297147222 ], [ 89.238640324433277, 21.923384508936923 ], [ 89.231902959802369, 21.923384508936923 ], [ 89.231902959802369, 21.925630297147222 ], [ 89.229657171592081, 21.925630297147222 ], [ 89.229657171592081, 21.927876085357521 ], [ 89.234148748012672, 21.927876085357521 ] ] ] } },
{ "type": "Feature", "properties": { "protected_km2": 0.34715291230342954 }, "geometry": { "type": "Polygon", "coordinates": [ [ [ 89.31948870000403, 21.930121873567821 ], [ 89.31948870000403, 21.923384508936923 ], [ 89.317242911793727, 21.923384508936923 ], [ 89.317242911793727, 21.925630297147222 ], [ 89.312751335373136, 21.925630297147222 ], [ 89.312751335373136, 21.927876085357521 ], [ 89.314997123583439, 21.927876085357521 ], [ 89.314997123583439, 21.930121873567821 ], [ 89.31948870000403, 21.930121873567821 ] ] ] } },
{ "type": "Feature", "properties": { "protected_km2": 0.75244963032035872 }, "geometry": { "type": "Polygon", "coordinates": [ [ [ 89.133088278549224, 21.930121873567821 ], [ 89.133088278549224, 21.925630297147222 ], [ 89.135334066759526, 21.925630297147222 ], [ 89.135334066759526, 21.923384508936923 ], [ 89.137579854969829, 21.923384508936923 ], [ 89.137579854969829, 21.921138720726624 ], [ 89.128596702128633, 21.921138720726624 ], [ 89.128596702128633, 21.923384508936923 ], [ 89.12635091391833, 21.923384508936923 ], [ 89.12635091391833, 21.927876085357521 ], [ 89.128596702128633, 21.927876085357521 ], [ 89.128596702128633, 21.930121873567821 ], [ 89.133088278549224, 21.930121873567821 ] ] ] } },
{ "type": "Feature", "properties": { "protected_km2": 0.28923188903948827 }, "geometry": { "type": "Polygon", "coordinates": [ [ [ 89.43851547514987, 21.927876085357521 ], [ 89.43851547514987, 21.925630297147222 ], [ 89.440761263360159, 21.925630297147222 ], [ 89.440761263360159, 21.923384508936923 ], [ 89.443007051570461, 21.923384508936923 ], [ 89.443007051570461, 21.921138720726624 ], [ 89.43851547514987, 21.921138720726624 ], [ 89.43851547514987, 21.923384508936923 ], [ 89.436269686939568, 21.923384508936923 ], [ 89.436269686939568, 21.927876085357521 ], [ 89.43851547514987, 21.927876085357521 ] ] ] } },
{ "type": "Feature", "properties": { "protected_km2": 0.28921508447303862 }, "geometry": { "type": "Polygon", "coordinates": [ [ [ 89.472202298304353, 21.927876085357521 ], [ 89.472202298304353, 21.925630297147222 ], [ 89.46995651009405, 21.925630297147222 ], [ 89.46995651009405, 21.923384508936923 ], [ 89.467710721883748, 21.923384508936923 ], [ 89.467710721883748, 21.921138720726624 ], [ 89.465464933673445, 21.921138720726624 ], [ 89.465464933673445, 21.925630297147222 ], [ 89.467710721883748, 21.925630297147222 ], [ 89.467710721883748, 21.927876085357521 ], [ 89.472202298304353, 21.927876085357521 ] ] ] } },
{ "type": "Feature", "properties": { "protected_km2": 0.28906706499629614 }, "geometry": { "type": "Polygon", "coordinates": [ [ [ 89.766400553853487, 21.925630297147222 ], [ 89.766400553853487, 21.921138720726624 ], [ 89.764154765643198, 21.921138720726624 ], [ 89.764154765643198, 21.923384508936923 ], [ 89.75741740101229, 21.923384508936923 ], [ 89.75741740101229, 21.925630297147222 ], [ 89.766400553853487, 21.925630297147222 ] ] ] } },
{ "type": "Feature", "properties": { "protected_km2": 0.86773156903001902 }, "geometry": { "type": "Polygon", "coordinates": [ [ [ 89.425040745888069, 21.925630297147222 ], [ 89.425040745888069, 21.923384508936923 ], [ 89.427286534098371, 21.923384508936923 ], [ 89.427286534098371, 21.921138720726624 ], [ 89.429532322308674, 21.921138720726624 ], [ 89.429532322308674, 21.918892932516329 ], [ 89.431778110518962, 21.918892932516329 ], [ 89.431778110518962, 21.921138720726624 ], [ 89.434023898729265, 21.921138720726624 ], [ 89.434023898729265, 21.923384508936923 ], [ 89.436269686939568, 21.923384508936923 ], [ 89.436269686939568, 21.916647144306026 ], [ 89.427286534098371, 21.916647144306026 ], [ 89.427286534098371, 21.918892932516329 ], [ 89.42279495767778, 21.918892932516329 ], [ 89.42279495767778, 21.921138720726624 ], [ 89.420549169467478, 21.921138720726624 ], [ 89.420549169467478, 21.925630297147222 ], [ 89.425040745888069, 21.925630297147222 ] ] ] } },
{ "type": "Feature", "properties": { "protected_km2": 0.46266398400747821 }, "geometry": { "type": "Polygon", "coordinates": [ [ [ 89.575508555978089, 21.927876085357521 ], [ 89.575508555978089, 21.923384508936923 ], [ 89.573262767767801, 21.923384508936923 ], [ 89.573262767767801, 21.921138720726624 ], [ 89.575508555978089, 21.921138720726624 ], [ 89.575508555978089, 21.916647144306026 ], [ 89.571016979557498, 21.916647144306026 ], [ 89.571016979557498, 21.925630297147222 ], [ 89.573262767767801, 21.925630297147222 ], [ 89.573262767767801, 21.927876085357521 ], [ 89.575508555978089, 21.927876085357521 ] ] ] } },
{ "type": "Feature", "properties": { "protected_km2": 0.40518180747509175 }, "geometry": { "type": "Polygon", "coordinates": [ [ [ 89.128596702128633, 21.923384508936923 ], [ 89.128596702128633, 21.921138720726624 ], [ 89.133088278549224, 21.921138720726624 ], [ 89.133088278549224, 21.916647144306026 ], [ 89.130842490338935, 21.916647144306026 ], [ 89.130842490338935, 21.918892932516329 ], [ 89.124105125708027, 21.918892932516329 ], [ 89.124105125708027, 21.923384508936923 ], [ 89.128596702128633, 21.923384508936923 ] ] ] } },
{ "type": "Feature", "properties": { "protected_km2": 0.28925524349617837 }, "geometry": { "type": "Polygon", "coordinates": [ [ [ 89.420549169467478, 21.921138720726624 ], [ 89.420549169467478, 21.916647144306026 ], [ 89.416057593046872, 21.916647144306026 ], [ 89.416057593046872, 21.918892932516329 ], [ 89.413811804836584, 21.918892932516329 ], [ 89.413811804836584, 21.921138720726624 ], [ 89.420549169467478, 21.921138720726624 ] ] ] } },
{ "type": "Feature", "properties": { "protected_km2": 0.2892176086513798 }, "geometry": { "type": "Polygon", "coordinates": [ [ [ 89.48567702756614, 21.921138720726624 ], [ 89.48567702756614, 21.918892932516329 ], [ 89.487922815776443, 21.918892932516329 ], [ 89.487922815776443, 21.916647144306026 ], [ 89.481185451145549, 21.916647144306026 ], [ 89.481185451145549, 21.921138720726624 ], [ 89.48567702756614, 21.921138720726624 ] ] ] } },
{ "type": "Feature", "properties": { "protected_km2": 0.28916242777617135 }, "geometry": { "type": "Polygon", "coordinates": [ [ [ 89.586737497029588, 21.921138720726624 ], [ 89.586737497029588, 21.918892932516329 ], [ 89.588983285239891, 21.918892932516329 ], [ 89.588983285239891, 21.921138720726624 ], [ 89.591229073450179, 21.921138720726624 ], [ 89.591229073450179, 21.916647144306026 ], [ 89.584491708819286, 21.916647144306026 ], [ 89.584491708819286, 21.921138720726624 ], [ 89.586737497029588, 21.921138720726624 ] ] ] } },
{ "type": "Feature", "properties": { "protected_km2": 0.40464714599018109 }, "geometry": { "type": "Polygon", "coordinates": [ [ [ 89.85623208226545, 21.921138720726624 ], [ 89.85623208226545, 21.916647144306026 ], [ 89.853986294055147, 21.916647144306026 ], [ 89.853986294055147, 21.918892932516329 ], [ 89.851740505844845, 21.918892932516329 ], [ 89.851740505844845, 21.916647144306026 ], [ 89.849494717634542, 21.916647144306026 ], [ 89.849494717634542, 21.91440135609573 ], [ 89.847248929424254, 21.91440135609573 ], [ 89.847248929424254, 21.918892932516329 ], [ 89.849494717634542, 21.918892932516329 ], [ 89.849494717634542, 21.921138720726624 ], [ 89.85623208226545, 21.921138720726624 ] ] ] } },
{ "type": "Feature", "properties": { "protected_km2": 0.34711248713927256 }, "geometry": { "type": "Polygon", "coordinates": [ [ [ 89.413811804836584, 21.921138720726624 ], [ 89.413811804836584, 21.916647144306026 ], [ 89.411566016626281, 21.916647144306026 ], [ 89.411566016626281, 21.91440135609573 ], [ 89.407074440205676, 21.91440135609573 ], [ 89.407074440205676, 21.916647144306026 ], [ 89.409320228415979, 21.916647144306026 ], [ 89.409320228415979, 21.921138720726624 ], [ 89.413811804836584, 21.921138720726624 ] ] ] } },
{ "type": "Feature", "properties": { "protected_km2": 0.34707440721342098 }, "geometry": { "type": "Polygon", "coordinates": [ [ [ 89.472202298304353, 21.921138720726624 ], [ 89.472202298304353, 21.916647144306026 ], [ 89.46995651009405, 21.916647144306026 ], [ 89.46995651009405, 21.91440135609573 ], [ 89.465464933673445, 21.91440135609573 ], [ 89.465464933673445, 21.916647144306026 ], [ 89.467710721883748, 21.916647144306026 ], [ 89.467710721883748, 21.921138720726624 ], [ 89.472202298304353, 21.921138720726624 ] ] ] } },
{ "type": "Feature", "properties": { "protected_km2": 0.46257966637227083 }, "geometry": { "type": "Polygon", "coordinates": [ [ [ 89.690043754703339, 21.925630297147222 ], [ 89.690043754703339, 21.916647144306026 ], [ 89.687797966493036, 21.916647144306026 ], [ 89.687797966493036, 21.912155567885431 ], [ 89.685552178282734, 21.912155567885431 ], [ 89.685552178282734, 21.921138720726624 ], [ 89.687797966493036, 21.921138720726624 ], [ 89.687797966493036, 21.925630297147222 ], [ 89.690043754703339, 21.925630297147222 ] ] ] } },
{ "type": "Feature", "properties": { "protected_km2": 0.28947061752245029 }, "geometry": { "type": "Polygon", "coordinates": [ [ [ 89.056731479399076, 21.918892932516329 ], [ 89.056731479399076, 21.916647144306026 ], [ 89.054485691188773, 21.916647144306026 ], [ 89.054485691188773, 21.912155567885431 ], [ 89.049994114768168, 21.912155567885431 ], [ 89.049994114768168, 21.91440135609573 ], [ 89.052239902978471, 21.91440135609573 ], [ 89.052239902978471, 21.918892932516329 ], [ 89.056731479399076, 21.918892932516329 ] ] ] } },
{ "type": "Feature", "properties": { "protected_km2": 0.46264492646685834 }, "geometry": { "type": "Polygon", "coordinates": [ [ [ 89.615932743763466, 21.91440135609573 ], [ 89.615932743763466, 21.916647144306026 ], [ 89.618178531973768, 21.916647144306026 ], [ 89.618178531973768, 21.918892932516329 ], [ 89.624915896604662, 21.918892932516329 ], [ 89.624915896604662, 21.912155567885431 ], [ 89.620424320184071, 21.912155567885431 ], [ 89.620424320184071, 21.91440135609573 ], [ 89.615932743763466, 21.91440135609573 ] ], [ [ 89.622670108394374, 21.91440135609573 ], [ 89.622670108394374, 21.916647144306026 ], [ 89.620424320184071, 21.916647144306026 ], [ 89.620424320184071, 21.91440135609573 ], [ 89.622670108394374, 21.91440135609573 ] ] ] } },
{ "type": "Feature", "properties": { "protected_km2": 0.28908184827622657 }, "geometry": { "type": "Polygon", "coordinates": [ [ [ 89.761908977432896, 21.921138720726624 ], [ 89.761908977432896, 21.912155567885431 ], [ 89.75741740101229, 21.912155567885431 ], [ 89.75741740101229, 21.91440135609573 ], [ 89.759663189222593, 21.91440135609573 ], [ 89.759663189222593, 21.921138720726624 ], [ 89.761908977432896, 21.921138720726624 ] ] ] } },
{ "type": "Feature", "properties": { "protected_km2": 0.34694210253787672 }, "geometry": { "type": "Polygon", "coordinates": [ [ [ 89.69453533112393, 21.918892932516329 ], [ 89.69453533112393, 21.91440135609573 ], [ 89.696781119334233, 21.91440135609573 ], [ 89.696781119334233, 21.912155567885431 ], [ 89.69453533112393, 21.912155567885431 ], [ 89.69453533112393, 21.909909779675132 ], [ 89.692289542913628, 21.909909779675132 ], [ 89.692289542913628, 21.91440135609573 ], [ 89.690043754703339, 21.91440135609573 ], [ 89.690043754703339, 21.916647144306026 ], [ 89.692289542913628, 21.916647144306026 ], [ 89.692289542913628, 21.918892932516329 ], [ 89.69453533112393, 21.918892932516329 ] ] ] } },
{ "type": "Feature", "properties": { "protected_km2": 0.3472477430728087 }, "geometry": { "type": "Polygon", "coordinates": [ [ [ 89.229657171592081, 21.916647144306026 ], [ 89.229657171592081, 21.909909779675132 ], [ 89.222919806961187, 21.909909779675132 ], [ 89.222919806961187, 21.912155567885431 ], [ 89.225165595171475, 21.912155567885431 ], [ 89.225165595171475, 21.91440135609573 ], [ 89.227411383381778, 21.91440135609573 ], [ 89.227411383381778, 21.916647144306026 ], [ 89.229657171592081, 21.916647144306026 ] ] ] } },
{ "type": "Feature", "properties": { "protected_km2": 0.28930513066169189 }, "geometry": { "type": "Polygon", "coordinates": [ [ [ 89.346438158527619, 21.91440135609573 ], [ 89.346438158527619, 21.912155567885431 ], [ 89.35092973494821, 21.912155567885431 ], [ 89.35092973494821, 21.909909779675132 ], [ 89.341946582107013, 21.909909779675132 ], [ 89.341946582107013, 21.912155567885431 ], [ 89.344192370317316, 21.912155567885431 ], [ 89.344192370317316, 21.91440135609573 ], [ 89.346438158527619, 21.91440135609573 ] ] ] } },
{ "type": "Feature", "properties": { "protected_km2": 0.63636018549967088 }, "geometry": { "type": "Polygon", "coordinates": [ [ [ 89.443007051570461, 21.918892932516329 ], [ 89.443007051570461, 21.91440135609573 ], [ 89.440761263360159, 21.91440135609573 ], [ 89.440761263360159, 21.907663991464833 ], [ 89.436269686939568, 21.907663991464833 ], [ 89.436269686939568, 21.912155567885431 ], [ 89.434023898729265, 21.912155567885431 ], [ 89.434023898729265, 21.91440135609573 ], [ 89.436269686939568, 21.91440135609573 ], [ 89.436269686939568, 21.916647144306026 ], [ 89.440761263360159, 21.916647144306026 ], [ 89.440761263360159, 21.918892932516329 ], [ 89.443007051570461, 21.918892932516329 ] ] ] } },
{ "type": "Feature", "properties": { "protected_km2": 0.40516347882218973 }, "geometry": { "type": "Polygon", "coordinates": [ [ [ 89.193724560227295, 21.912155567885431 ], [ 89.193724560227295, 21.907663991464833 ], [ 89.186987195596402, 21.907663991464833 ], [ 89.186987195596402, 21.909909779675132 ], [ 89.184741407386099, 21.909909779675132 ], [ 89.184741407386099, 21.912155567885431 ], [ 89.193724560227295, 21.912155567885431 ] ] ] } },
{ "type": "Feature", "properties": { "protected_km2": 0.40527464478537273 }, "geometry": { "type": "Polygon", "coordinates": [ [ [ 89.049994114768168, 21.916647144306026 ], [ 89.049994114768168, 21.909909779675132 ], [ 89.04774832655788, 21.909909779675132 ], [ 89.04774832655788, 21.907663991464833 ], [ 89.043256750137274, 21.907663991464833 ], [ 89.043256750137274, 21.909909779675132 ], [ 89.045502538347577, 21.909909779675132 ], [ 89.045502538347577, 21.91440135609573 ], [ 89.04774832655788, 21.91440135609573 ], [ 89.04774832655788, 21.916647144306026 ], [ 89.049994114768168, 21.916647144306026 ] ] ] } },
{ "type": "Feature", "properties": { "protected_km2": 2.7181063668883216 }, "geometry": { "type": "Polygon", "coordinates": [ [ [ 89.613686955553177, 21.907663991464833 ], [ 89.609195379132572, 21.907663991464833 ], [ 89.609195379132572, 21.905418203254534 ], [ 89.604703802711981, 21.905418203254534 ], [ 89.604703802711981, 21.909909779675132 ], [ 89.600212226291376, 21.909909779675132 ], [ 89.600212226291376, 21.91440135609573 ], [ 89.597966438081087, 21.91440135609573 ], [ 89.597966438081087, 21.916647144306026 ], [ 89.595720649870785, 21.916647144306026 ], [ 89.595720649870785, 21.921138720726624 ], [ 89.597966438081087, 21.921138720726624 ], [ 89.597966438081087, 21.923384508936923 ], [ 89.600212226291376, 21.923384508936923 ], [ 89.600212226291376, 21.921138720726624 ], [ 89.602458014501678, 21.921138720726624 ], [ 89.602458014501678, 21.918892932516329 ], [ 89.604703802711981, 21.918892932516329 ], [ 89.604703802711981, 21.921138720726624 ], [ 89.60694959092227, 21.921138720726624 ], [ 89.60694959092227, 21.918892932516329 ], [ 89.609195379132572, 21.918892932516329 ], [ 89.609195379132572, 21.925630297147222 ], [ 89.613686955553177, 21.925630297147222 ], [ 89.613686955553177, 21.923384508936923 ], [ 89.615932743763466, 21.923384508936923 ], [ 89.615932743763466, 21.921138720726624 ], [ 89.611441167342875, 21.921138720726624 ], [ 89.611441167342875, 21.918892932516329 ], [ 89.615932743763466, 21.918892932516329 ], [ 89.615932743763466, 21.909909779675132 ], [ 89.613686955553177, 21.909909779675132 ], [ 89.613686955553177, 21.907663991464833 ] ], [ [ 89.613686955553177, 21.912155567885431 ], [ 89.611441167342875, 21.912155567885431 ], [ 89.611441167342875, 21.909909779675132 ], [ 89.613686955553177, 21.909909779675132 ], [ 89.613686955553177, 21.912155567885431 ] ] ] } },
{ "type": "Feature", "properties": { "protected_km2": 0.81056316617152602 }, "geometry": { "type": "Polygon", "coordinates": [ [ [ 89.038765173716683, 21.916647144306026 ], [ 89.038765173716683, 21.91440135609573 ], [ 89.041010961926972, 21.91440135609573 ], [ 89.041010961926972, 21.912155567885431 ], [ 89.043256750137274, 21.912155567885431 ], [ 89.043256750137274, 21.916647144306026 ], [ 89.045502538347577, 21.916647144306026 ], [ 89.045502538347577, 21.909909779675132 ], [ 89.043256750137274, 21.909909779675132 ], [ 89.043256750137274, 21.907663991464833 ], [ 89.041010961926972, 21.907663991464833 ], [ 89.041010961926972, 21.905418203254534 ], [ 89.036519385506381, 21.905418203254534 ], [ 89.036519385506381, 21.916647144306026 ], [ 89.038765173716683, 21.916647144306026 ] ] ] } },
{ "type": "Feature", "properties": { "protected_km2": 0.52068509996204215 }, "geometry": { "type": "Polygon", "coordinates": [ [ [ 89.427286534098371, 21.91440135609573 ], [ 89.427286534098371, 21.909909779675132 ], [ 89.425040745888069, 21.909909779675132 ], [ 89.425040745888069, 21.905418203254534 ], [ 89.42279495767778, 21.905418203254534 ], [ 89.42279495767778, 21.907663991464833 ], [ 89.416057593046872, 21.907663991464833 ], [ 89.416057593046872, 21.909909779675132 ], [ 89.42279495767778, 21.909909779675132 ], [ 89.42279495767778, 21.91440135609573 ], [ 89.427286534098371, 21.91440135609573 ] ] ] } },
{ "type": "Feature", "properties": { "protected_km2": 0.92619531041813707 }, "geometry": { "type": "Polygon", "coordinates": [ [ [ 89.130842490338935, 21.918892932516329 ], [ 89.130842490338935, 21.916647144306026 ], [ 89.128596702128633, 21.916647144306026 ], [ 89.128596702128633, 21.912155567885431 ], [ 89.133088278549224, 21.912155567885431 ], [ 89.133088278549224, 21.909909779675132 ], [ 89.12635091391833, 21.909909779675132 ], [ 89.12635091391833, 21.907663991464833 ], [ 89.124105125708027, 21.907663991464833 ], [ 89.124105125708027, 21.903172415044235 ], [ 89.121859337497739, 21.903172415044235 ], [ 89.121859337497739, 21.905418203254534 ], [ 89.119613549287436, 21.905418203254534 ], [ 89.119613549287436, 21.909909779675132 ], [ 89.121859337497739, 21.909909779675132 ], [ 89.121859337497739, 21.912155567885431 ], [ 89.12635091391833, 21.912155567885431 ], [ 89.12635091391833, 21.91440135609573 ], [ 89.124105125708027, 21.91440135609573 ], [ 89.124105125708027, 21.916647144306026 ], [ 89.12635091391833, 21.916647144306026 ], [ 89.12635091391833, 21.918892932516329 ], [ 89.130842490338935, 21.918892932516329 ] ] ] } },
{ "type": "Feature", "properties": { "protected_km2": 0.3473260201472142 }, "geometry": { "type": "Polygon", "coordinates": [ [ [ 89.139825643180131, 21.909909779675132 ], [ 89.139825643180131, 21.903172415044235 ], [ 89.135334066759526, 21.903172415044235 ], [ 89.135334066759526, 21.909909779675132 ], [ 89.139825643180131, 21.909909779675132 ] ] ] } },
{ "type": "Feature", "properties": { "protected_km2": 0.28912885847093928 }, "geometry": { "type": "Polygon", "coordinates": [ [ [ 89.705764272175429, 21.909909779675132 ], [ 89.705764272175429, 21.907663991464833 ], [ 89.703518483965127, 21.907663991464833 ], [ 89.703518483965127, 21.905418203254534 ], [ 89.705764272175429, 21.905418203254534 ], [ 89.705764272175429, 21.903172415044235 ], [ 89.701272695754824, 21.903172415044235 ], [ 89.701272695754824, 21.909909779675132 ], [ 89.705764272175429, 21.909909779675132 ] ] ] } },
{ "type": "Feature", "properties": { "protected_km2": 0.63593254293034229 }, "geometry": { "type": "Polygon", "coordinates": [ [ [ 89.838265776583057, 21.912155567885431 ], [ 89.838265776583057, 21.909909779675132 ], [ 89.840511564793346, 21.909909779675132 ], [ 89.840511564793346, 21.903172415044235 ], [ 89.838265776583057, 21.903172415044235 ], [ 89.838265776583057, 21.905418203254534 ], [ 89.831528411952164, 21.905418203254534 ], [ 89.831528411952164, 21.909909779675132 ], [ 89.833774200162452, 21.909909779675132 ], [ 89.833774200162452, 21.912155567885431 ], [ 89.838265776583057, 21.912155567885431 ] ] ] } },
{ "type": "Feature", "properties": { "protected_km2": 0.46314840089488929 }, "geometry": { "type": "Polygon", "coordinates": [ [ [ 89.092664090763847, 21.909909779675132 ], [ 89.092664090763847, 21.907663991464833 ], [ 89.09490987897415, 21.907663991464833 ], [ 89.09490987897415, 21.905418203254534 ], [ 89.092664090763847, 21.905418203254534 ], [ 89.092664090763847, 21.903172415044235 ], [ 89.088172514343256, 21.903172415044235 ], [ 89.088172514343256, 21.905418203254534 ], [ 89.083680937922651, 21.905418203254534 ], [ 89.083680937922651, 21.907663991464833 ], [ 89.090418302553545, 21.907663991464833 ], [ 89.090418302553545, 21.909909779675132 ], [ 89.092664090763847, 21.909909779675132 ] ] ] } },
{ "type": "Feature", "properties": { "protected_km2": 0.34729510146222875 }, "geometry": { "type": "Polygon", "coordinates": [ [ [ 89.193724560227295, 21.907663991464833 ], [ 89.193724560227295, 21.905418203254534 ], [ 89.189232983806704, 21.905418203254534 ], [ 89.189232983806704, 21.903172415044235 ], [ 89.184741407386099, 21.903172415044235 ], [ 89.184741407386099, 21.907663991464833 ], [ 89.193724560227295, 21.907663991464833 ] ] ] } },
{ "type": "Feature", "properties": { "protected_km2": 0.28927270771045516 }, "geometry": { "type": "Polygon", "coordinates": [ [ [ 89.43851547514987, 21.907663991464833 ], [ 89.43851547514987, 21.905418203254534 ], [ 89.436269686939568, 21.905418203254534 ], [ 89.436269686939568, 21.903172415044235 ], [ 89.431778110518962, 21.903172415044235 ], [ 89.431778110518962, 21.907663991464833 ], [ 89.43851547514987, 21.907663991464833 ] ] ] } },
{ "type": "Feature", "properties": { "protected_km2": 0.34696428418429398 }, "geometry": { "type": "Polygon", "coordinates": [ [ [ 89.69453533112393, 21.907663991464833 ], [ 89.69453533112393, 21.905418203254534 ], [ 89.696781119334233, 21.905418203254534 ], [ 89.696781119334233, 21.903172415044235 ], [ 89.690043754703339, 21.903172415044235 ], [ 89.690043754703339, 21.905418203254534 ], [ 89.687797966493036, 21.905418203254534 ], [ 89.687797966493036, 21.907663991464833 ], [ 89.69453533112393, 21.907663991464833 ] ] ] } },
{ "type": "Feature", "properties": { "protected_km2": 0.40528807734771533 }, "geometry": { "type": "Polygon", "coordinates": [ [ [ 89.052239902978471, 21.912155567885431 ], [ 89.052239902978471, 21.905418203254534 ], [ 89.049994114768168, 21.905418203254534 ], [ 89.049994114768168, 21.903172415044235 ], [ 89.052239902978471, 21.903172415044235 ], [ 89.052239902978471, 21.900926626833936 ], [ 89.04774832655788, 21.900926626833936 ], [ 89.04774832655788, 21.907663991464833 ], [ 89.049994114768168, 21.907663991464833 ], [ 89.049994114768168, 21.912155567885431 ], [ 89.052239902978471, 21.912155567885431 ] ] ] } },
{ "type": "Feature", "properties": { "protected_km2": 0.69460552649816998 }, "geometry": { "type": "Polygon", "coordinates": [ [ [ 89.182495619175796, 21.907663991464833 ], [ 89.182495619175796, 21.905418203254534 ], [ 89.184741407386099, 21.905418203254534 ], [ 89.184741407386099, 21.903172415044235 ], [ 89.182495619175796, 21.903172415044235 ], [ 89.182495619175796, 21.900926626833936 ], [ 89.178004042755205, 21.900926626833936 ], [ 89.178004042755205, 21.903172415044235 ], [ 89.171266678124312, 21.903172415044235 ], [ 89.171266678124312, 21.905418203254534 ], [ 89.173512466334614, 21.905418203254534 ], [ 89.173512466334614, 21.907663991464833 ], [ 89.182495619175796, 21.907663991464833 ] ] ] } },
{ "type": "Feature", "properties": { "protected_km2": 0.2894411690752734 }, "geometry": { "type": "Polygon", "coordinates": [ [ [ 89.144317219600723, 21.907663991464833 ], [ 89.144317219600723, 21.903172415044235 ], [ 89.14207143139042, 21.903172415044235 ], [ 89.14207143139042, 21.900926626833936 ], [ 89.137579854969829, 21.900926626833936 ], [ 89.137579854969829, 21.903172415044235 ], [ 89.139825643180131, 21.903172415044235 ], [ 89.139825643180131, 21.905418203254534 ], [ 89.14207143139042, 21.905418203254534 ], [ 89.14207143139042, 21.907663991464833 ], [ 89.144317219600723, 21.907663991464833 ] ] ] } },
{ "type": "Feature", "properties": { "protected_km2": 0.28947206338369208 }, "geometry": { "type": "Polygon", "coordinates": [ [ [ 89.097155667184452, 21.905418203254534 ], [ 89.097155667184452, 21.900926626833936 ], [ 89.09490987897415, 21.900926626833936 ], [ 89.09490987897415, 21.898680838623637 ], [ 89.092664090763847, 21.898680838623637 ], [ 89.092664090763847, 21.905418203254534 ], [ 89.097155667184452, 21.905418203254534 ] ] ] } },
{ "type": "Feature", "properties": { "protected_km2": 0.34740894331932837 }, "geometry": { "type": "Polygon", "coordinates": [ [ [ 89.04774832655788, 21.903172415044235 ], [ 89.04774832655788, 21.898680838623637 ], [ 89.043256750137274, 21.898680838623637 ], [ 89.043256750137274, 21.900926626833936 ], [ 89.038765173716683, 21.900926626833936 ], [ 89.038765173716683, 21.903172415044235 ], [ 89.04774832655788, 21.903172415044235 ] ] ] } },
{ "type": "Feature", "properties": { "protected_km2": 0.63641006682471979 }, "geometry": { "type": "Polygon", "coordinates": [ [ [ 89.431778110518962, 21.912155567885431 ], [ 89.431778110518962, 21.909909779675132 ], [ 89.429532322308674, 21.909909779675132 ], [ 89.429532322308674, 21.905418203254534 ], [ 89.427286534098371, 21.905418203254534 ], [ 89.427286534098371, 21.903172415044235 ], [ 89.42279495767778, 21.903172415044235 ], [ 89.42279495767778, 21.900926626833936 ], [ 89.420549169467478, 21.900926626833936 ], [ 89.420549169467478, 21.898680838623637 ], [ 89.418303381257175, 21.898680838623637 ], [ 89.418303381257175, 21.903172415044235 ], [ 89.420549169467478, 21.903172415044235 ], [ 89.420549169467478, 21.905418203254534 ], [ 89.425040745888069, 21.905418203254534 ], [ 89.425040745888069, 21.907663991464833 ], [ 89.427286534098371, 21.907663991464833 ], [ 89.427286534098371, 21.912155567885431 ], [ 89.431778110518962, 21.912155567885431 ] ] ] } },
{ "type": "Feature", "properties": { "protected_km2": 0.28908114403223156 }, "geometry": { "type": "Polygon", "coordinates": [ [ [ 89.822545259110967, 21.905418203254534 ], [ 89.822545259110967, 21.900926626833936 ], [ 89.820299470900665, 21.900926626833936 ], [ 89.820299470900665, 21.898680838623637 ], [ 89.815807894480059, 21.898680838623637 ], [ 89.815807894480059, 21.900926626833936 ], [ 89.818053682690362, 21.900926626833936 ], [ 89.818053682690362, 21.903172415044235 ], [ 89.820299470900665, 21.903172415044235 ], [ 89.820299470900665, 21.905418203254534 ], [ 89.822545259110967, 21.905418203254534 ] ] ] } },
{ "type": "Feature", "properties": { "protected_km2": 0.28937154079206701 }, "geometry": { "type": "Polygon", "coordinates": [ [ [ 89.276818724008351, 21.903172415044235 ], [ 89.276818724008351, 21.900926626833936 ], [ 89.279064512218653, 21.900926626833936 ], [ 89.279064512218653, 21.896435050413338 ], [ 89.274572935798048, 21.896435050413338 ], [ 89.274572935798048, 21.903172415044235 ], [ 89.276818724008351, 21.903172415044235 ] ] ] } },
{ "type": "Feature", "properties": { "protected_km2": 0.34716097747537866 }, "geometry": { "type": "Polygon", "coordinates": [ [ [ 89.402582863785085, 21.903172415044235 ], [ 89.402582863785085, 21.900926626833936 ], [ 89.404828651995388, 21.900926626833936 ], [ 89.404828651995388, 21.898680838623637 ], [ 89.407074440205676, 21.898680838623637 ], [ 89.407074440205676, 21.896435050413338 ], [ 89.402582863785085, 21.896435050413338 ], [ 89.402582863785085, 21.898680838623637 ], [ 89.400337075574782, 21.898680838623637 ], [ 89.400337075574782, 21.900926626833936 ], [ 89.398091287364494, 21.900926626833936 ], [ 89.398091287364494, 21.903172415044235 ], [ 89.402582863785085, 21.903172415044235 ] ] ] } },
{ "type": "Feature", "properties": { "protected_km2": 0.34734250330661343 }, "geometry": { "type": "Polygon", "coordinates": [ [ [ 89.144317219600723, 21.900926626833936 ], [ 89.144317219600723, 21.896435050413338 ], [ 89.137579854969829, 21.896435050413338 ], [ 89.137579854969829, 21.900926626833936 ], [ 89.144317219600723, 21.900926626833936 ] ] ] } },
{ "type": "Feature", "properties": { "protected_km2": 0.63645420315627921 }, "geometry": { "type": "Polygon", "coordinates": [ [ [ 89.404828651995388, 21.905418203254534 ], [ 89.404828651995388, 21.903172415044235 ], [ 89.409320228415979, 21.903172415044235 ], [ 89.409320228415979, 21.900926626833936 ], [ 89.411566016626281, 21.900926626833936 ], [ 89.411566016626281, 21.896435050413338 ], [ 89.413811804836584, 21.896435050413338 ], [ 89.413811804836584, 21.894189262203039 ], [ 89.409320228415979, 21.894189262203039 ], [ 89.409320228415979, 21.898680838623637 ], [ 89.404828651995388, 21.898680838623637 ], [ 89.404828651995388, 21.900926626833936 ], [ 89.402582863785085, 21.900926626833936 ], [ 89.402582863785085, 21.903172415044235 ], [ 89.400337075574782, 21.903172415044235 ], [ 89.400337075574782, 21.905418203254534 ], [ 89.404828651995388, 21.905418203254534 ] ] ] } },
{ "type": "Feature", "properties": { "protected_km2": 0.28838745917424147 }, "geometry": { "type": "Polygon", "coordinates": [ [ [ 92.054858740147978, 21.900926626833936 ], [ 92.054858740147978, 21.898680838623637 ], [ 92.057104528358266, 21.898680838623637 ], [ 92.057104528358266, 21.894189262203039 ], [ 92.052612951937675, 21.894189262203039 ], [ 92.052612951937675, 21.900926626833936 ], [ 92.054858740147978, 21.900926626833936 ] ] ] } },
{ "type": "Feature", "properties": { "protected_km2": 0.28950743425120273 }, "geometry": { "type": "Polygon", "coordinates": [ [ [ 89.054485691188773, 21.900926626833936 ], [ 89.054485691188773, 21.894189262203039 ], [ 89.049994114768168, 21.894189262203039 ], [ 89.049994114768168, 21.896435050413338 ], [ 89.052239902978471, 21.896435050413338 ], [ 89.052239902978471, 21.898680838623637 ], [ 89.049994114768168, 21.898680838623637 ], [ 89.049994114768168, 21.900926626833936 ], [ 89.054485691188773, 21.900926626833936 ] ] ] } },
{ "type": "Feature", "properties": { "protected_km2": 0.46274892355727471 }, "geometry": { "type": "Polygon", "coordinates": [ [ [ 89.566525403136893, 21.903172415044235 ], [ 89.566525403136893, 21.896435050413338 ], [ 89.568771191347196, 21.896435050413338 ], [ 89.568771191347196, 21.89194347399274 ], [ 89.564279614926605, 21.89194347399274 ], [ 89.564279614926605, 21.900926626833936 ], [ 89.562033826716302, 21.900926626833936 ], [ 89.562033826716302, 21.903172415044235 ], [ 89.566525403136893, 21.903172415044235 ] ] ] } },
{ "type": "Feature", "properties": { "protected_km2": 0.40517266840387528 }, "geometry": { "type": "Polygon", "coordinates": [ [ [ 89.229657171592081, 21.898680838623637 ], [ 89.229657171592081, 21.894189262203039 ], [ 89.227411383381778, 21.894189262203039 ], [ 89.227411383381778, 21.89194347399274 ], [ 89.222919806961187, 21.89194347399274 ], [ 89.222919806961187, 21.896435050413338 ], [ 89.225165595171475, 21.896435050413338 ], [ 89.225165595171475, 21.898680838623637 ], [ 89.229657171592081, 21.898680838623637 ] ] ] } },
{ "type": "Feature", "properties": { "protected_km2": 0.40515684838966803 }, "geometry": { "type": "Polygon", "coordinates": [ [ [ 89.254360841905367, 21.896435050413338 ], [ 89.254360841905367, 21.89194347399274 ], [ 89.25660663011567, 21.89194347399274 ], [ 89.25660663011567, 21.889697685782444 ], [ 89.247623477274473, 21.889697685782444 ], [ 89.247623477274473, 21.89194347399274 ], [ 89.249869265484762, 21.89194347399274 ], [ 89.249869265484762, 21.894189262203039 ], [ 89.252115053695064, 21.894189262203039 ], [ 89.252115053695064, 21.896435050413338 ], [ 89.254360841905367, 21.896435050413338 ] ] ] } },
{ "type": "Feature", "properties": { "protected_km2": 0.28910101371556141 }, "geometry": { "type": "Polygon", "coordinates": [ [ [ 89.820299470900665, 21.896435050413338 ], [ 89.820299470900665, 21.89194347399274 ], [ 89.818053682690362, 21.89194347399274 ], [ 89.818053682690362, 21.887451897572141 ], [ 89.815807894480059, 21.887451897572141 ], [ 89.815807894480059, 21.894189262203039 ], [ 89.818053682690362, 21.894189262203039 ], [ 89.818053682690362, 21.896435050413338 ], [ 89.820299470900665, 21.896435050413338 ] ] ] } },
{ "type": "Feature", "properties": { "protected_km2": 0.28911200878681265 }, "geometry": { "type": "Polygon", "coordinates": [ [ [ 89.800087377007969, 21.896435050413338 ], [ 89.800087377007969, 21.887451897572141 ], [ 89.797841588797681, 21.887451897572141 ], [ 89.797841588797681, 21.889697685782444 ], [ 89.795595800587378, 21.889697685782444 ], [ 89.795595800587378, 21.89194347399274 ], [ 89.797841588797681, 21.89194347399274 ], [ 89.797841588797681, 21.896435050413338 ], [ 89.800087377007969, 21.896435050413338 ] ] ] } },
{ "type": "Feature", "properties": { "protected_km2": 0.28952172448998847 }, "geometry": { "type": "Polygon", "coordinates": [ [ [ 89.054485691188773, 21.894189262203039 ], [ 89.054485691188773, 21.889697685782444 ], [ 89.052239902978471, 21.889697685782444 ], [ 89.052239902978471, 21.887451897572141 ], [ 89.04774832655788, 21.887451897572141 ], [ 89.04774832655788, 21.889697685782444 ], [ 89.049994114768168, 21.889697685782444 ], [ 89.049994114768168, 21.89194347399274 ], [ 89.052239902978471, 21.89194347399274 ], [ 89.052239902978471, 21.894189262203039 ], [ 89.054485691188773, 21.894189262203039 ] ] ] } },
{ "type": "Feature", "properties": { "protected_km2": 1.3893384008142167 }, "geometry": { "type": "Polygon", "coordinates": [ [ [ 89.178004042755205, 21.898680838623637 ], [ 89.178004042755205, 21.896435050413338 ], [ 89.180249830965508, 21.896435050413338 ], [ 89.180249830965508, 21.894189262203039 ], [ 89.182495619175796, 21.894189262203039 ], [ 89.182495619175796, 21.89194347399274 ], [ 89.175758254544903, 21.89194347399274 ], [ 89.175758254544903, 21.889697685782444 ], [ 89.169020889914009, 21.889697685782444 ], [ 89.169020889914009, 21.887451897572141 ], [ 89.155546160652221, 21.887451897572141 ], [ 89.155546160652221, 21.889697685782444 ], [ 89.15779194886251, 21.889697685782444 ], [ 89.15779194886251, 21.89194347399274 ], [ 89.162283525283115, 21.89194347399274 ], [ 89.162283525283115, 21.889697685782444 ], [ 89.164529313493418, 21.889697685782444 ], [ 89.164529313493418, 21.89194347399274 ], [ 89.169020889914009, 21.89194347399274 ], [ 89.169020889914009, 21.896435050413338 ], [ 89.175758254544903, 21.896435050413338 ], [ 89.175758254544903, 21.898680838623637 ], [ 89.178004042755205, 21.898680838623637 ] ], [ [ 89.171266678124312, 21.89194347399274 ], [ 89.173512466334614, 21.89194347399274 ], [ 89.173512466334614, 21.894189262203039 ], [ 89.171266678124312, 21.894189262203039 ], [ 89.171266678124312, 21.89194347399274 ] ] ] } },
{ "type": "Feature", "properties": { "protected_km2": 0.81001678536439692 }, "geometry": { "type": "Polygon", "coordinates": [ [ [ 89.440761263360159, 21.903172415044235 ], [ 89.440761263360159, 21.896435050413338 ], [ 89.443007051570461, 21.896435050413338 ], [ 89.443007051570461, 21.894189262203039 ], [ 89.440761263360159, 21.894189262203039 ], [ 89.440761263360159, 21.89194347399274 ], [ 89.43851547514987, 21.89194347399274 ], [ 89.43851547514987, 21.887451897572141 ], [ 89.431778110518962, 21.887451897572141 ], [ 89.431778110518962, 21.889697685782444 ], [ 89.434023898729265, 21.889697685782444 ], [ 89.434023898729265, 21.89194347399274 ], [ 89.436269686939568, 21.89194347399274 ], [ 89.436269686939568, 21.894189262203039 ], [ 89.43851547514987, 21.894189262203039 ], [ 89.43851547514987, 21.898680838623637 ], [ 89.434023898729265, 21.898680838623637 ], [ 89.434023898729265, 21.900926626833936 ], [ 89.43851547514987, 21.900926626833936 ], [ 89.43851547514987, 21.903172415044235 ], [ 89.440761263360159, 21.903172415044235 ] ] ] } },
{ "type": "Feature", "properties": { "protected_km2": 0.98356912431917021 }, "geometry": { "type": "Polygon", "coordinates": [ [ [ 89.456481780832263, 21.898680838623637 ], [ 89.456481780832263, 21.896435050413338 ], [ 89.460973357252854, 21.896435050413338 ], [ 89.460973357252854, 21.894189262203039 ], [ 89.456481780832263, 21.894189262203039 ], [ 89.456481780832263, 21.89194347399274 ], [ 89.458727569042551, 21.89194347399274 ], [ 89.458727569042551, 21.889697685782444 ], [ 89.456481780832263, 21.889697685782444 ], [ 89.456481780832263, 21.887451897572141 ], [ 89.451990204411658, 21.887451897572141 ], [ 89.451990204411658, 21.889697685782444 ], [ 89.45423599262196, 21.889697685782444 ], [ 89.45423599262196, 21.894189262203039 ], [ 89.451990204411658, 21.894189262203039 ], [ 89.451990204411658, 21.89194347399274 ], [ 89.447498627991067, 21.89194347399274 ], [ 89.447498627991067, 21.894189262203039 ], [ 89.445252839780764, 21.894189262203039 ], [ 89.445252839780764, 21.896435050413338 ], [ 89.449744416201355, 21.896435050413338 ], [ 89.449744416201355, 21.898680838623637 ], [ 89.456481780832263, 21.898680838623637 ] ] ] } },
{ "type": "Feature", "properties": { "protected_km2": 0.28919219800774193 }, "geometry": { "type": "Polygon", "coordinates": [ [ [ 89.642882202287055, 21.89194347399274 ], [ 89.642882202287055, 21.889697685782444 ], [ 89.645127990497357, 21.889697685782444 ], [ 89.645127990497357, 21.887451897572141 ], [ 89.636144837656161, 21.887451897572141 ], [ 89.636144837656161, 21.889697685782444 ], [ 89.640636414076752, 21.889697685782444 ], [ 89.640636414076752, 21.89194347399274 ], [ 89.642882202287055, 21.89194347399274 ] ] ] } },
{ "type": "Feature", "properties": { "protected_km2": 0.28931467285036772 }, "geometry": { "type": "Polygon", "coordinates": [ [ [ 89.418303381257175, 21.89194347399274 ], [ 89.418303381257175, 21.889697685782444 ], [ 89.420549169467478, 21.889697685782444 ], [ 89.420549169467478, 21.887451897572141 ], [ 89.42279495767778, 21.887451897572141 ], [ 89.42279495767778, 21.885206109361846 ], [ 89.418303381257175, 21.885206109361846 ], [ 89.418303381257175, 21.887451897572141 ], [ 89.416057593046872, 21.887451897572141 ], [ 89.416057593046872, 21.89194347399274 ], [ 89.418303381257175, 21.89194347399274 ] ] ] } },
{ "type": "Feature", "properties": { "protected_km2": 0.28932599561809336 }, "geometry": { "type": "Polygon", "coordinates": [ [ [ 89.400337075574782, 21.89194347399274 ], [ 89.400337075574782, 21.889697685782444 ], [ 89.398091287364494, 21.889697685782444 ], [ 89.398091287364494, 21.887451897572141 ], [ 89.395845499154191, 21.887451897572141 ], [ 89.395845499154191, 21.885206109361846 ], [ 89.393599710943889, 21.885206109361846 ], [ 89.393599710943889, 21.889697685782444 ], [ 89.395845499154191, 21.889697685782444 ], [ 89.395845499154191, 21.89194347399274 ], [ 89.400337075574782, 21.89194347399274 ] ] ] } },
{ "type": "Feature", "properties": { "protected_km2": 0.578946752687724 }, "geometry": { "type": "Polygon", "coordinates": [ [ [ 89.139825643180131, 21.89194347399274 ], [ 89.139825643180131, 21.889697685782444 ], [ 89.144317219600723, 21.889697685782444 ], [ 89.144317219600723, 21.887451897572141 ], [ 89.146563007811025, 21.887451897572141 ], [ 89.146563007811025, 21.882960321151547 ], [ 89.144317219600723, 21.882960321151547 ], [ 89.144317219600723, 21.885206109361846 ], [ 89.14207143139042, 21.885206109361846 ], [ 89.14207143139042, 21.887451897572141 ], [ 89.135334066759526, 21.887451897572141 ], [ 89.135334066759526, 21.889697685782444 ], [ 89.133088278549224, 21.889697685782444 ], [ 89.133088278549224, 21.89194347399274 ], [ 89.139825643180131, 21.89194347399274 ] ] ] } },
{ "type": "Feature", "properties": { "protected_km2": 0.4630936525796075 }, "geometry": { "type": "Polygon", "coordinates": [ [ [ 89.211690865909688, 21.89194347399274 ], [ 89.211690865909688, 21.889697685782444 ], [ 89.213936654119991, 21.889697685782444 ], [ 89.213936654119991, 21.887451897572141 ], [ 89.209445077699385, 21.887451897572141 ], [ 89.209445077699385, 21.882960321151547 ], [ 89.207199289489083, 21.882960321151547 ], [ 89.207199289489083, 21.885206109361846 ], [ 89.204953501278794, 21.885206109361846 ], [ 89.204953501278794, 21.887451897572141 ], [ 89.207199289489083, 21.887451897572141 ], [ 89.207199289489083, 21.89194347399274 ], [ 89.211690865909688, 21.89194347399274 ] ] ] } },
{ "type": "Feature", "properties": { "protected_km2": 0.2895301828345187 }, "geometry": { "type": "Polygon", "coordinates": [ [ [ 89.054485691188773, 21.889697685782444 ], [ 89.054485691188773, 21.887451897572141 ], [ 89.056731479399076, 21.887451897572141 ], [ 89.056731479399076, 21.880714532941248 ], [ 89.054485691188773, 21.880714532941248 ], [ 89.054485691188773, 21.885206109361846 ], [ 89.052239902978471, 21.885206109361846 ], [ 89.052239902978471, 21.889697685782444 ], [ 89.054485691188773, 21.889697685782444 ] ] ] } },
{ "type": "Feature", "properties": { "protected_km2": 0.34719060679105779 }, "geometry": { "type": "Polygon", "coordinates": [ [ [ 89.418303381257175, 21.887451897572141 ], [ 89.418303381257175, 21.880714532941248 ], [ 89.411566016626281, 21.880714532941248 ], [ 89.411566016626281, 21.885206109361846 ], [ 89.413811804836584, 21.885206109361846 ], [ 89.413811804836584, 21.882960321151547 ], [ 89.416057593046872, 21.882960321151547 ], [ 89.416057593046872, 21.887451897572141 ], [ 89.418303381257175, 21.887451897572141 ] ] ] } },
{ "type": "Feature", "properties": { "protected_km2": 0.34732219050540242 }, "geometry": { "type": "Polygon", "coordinates": [ [ [ 89.222919806961187, 21.887451897572141 ], [ 89.222919806961187, 21.882960321151547 ], [ 89.220674018750884, 21.882960321151547 ], [ 89.220674018750884, 21.880714532941248 ], [ 89.216182442330279, 21.880714532941248 ], [ 89.216182442330279, 21.882960321151547 ], [ 89.218428230540582, 21.882960321151547 ], [ 89.218428230540582, 21.887451897572141 ], [ 89.222919806961187, 21.887451897572141 ] ] ] } },
{ "type": "Feature", "properties": { "protected_km2": 0.57884926089367217 }, "geometry": { "type": "Polygon", "coordinates": [ [ [ 89.236394536222974, 21.889697685782444 ], [ 89.236394536222974, 21.887451897572141 ], [ 89.240886112643565, 21.887451897572141 ], [ 89.240886112643565, 21.885206109361846 ], [ 89.238640324433277, 21.885206109361846 ], [ 89.238640324433277, 21.882960321151547 ], [ 89.234148748012672, 21.882960321151547 ], [ 89.234148748012672, 21.878468744730949 ], [ 89.231902959802369, 21.878468744730949 ], [ 89.231902959802369, 21.887451897572141 ], [ 89.234148748012672, 21.887451897572141 ], [ 89.234148748012672, 21.889697685782444 ], [ 89.236394536222974, 21.889697685782444 ] ] ] } },
{ "type": "Feature", "properties": { "protected_km2": 0.40507679683437975 }, "geometry": { "type": "Polygon", "coordinates": [ [ [ 89.393599710943889, 21.887451897572141 ], [ 89.393599710943889, 21.885206109361846 ], [ 89.391353922733586, 21.885206109361846 ], [ 89.391353922733586, 21.882960321151547 ], [ 89.393599710943889, 21.882960321151547 ], [ 89.393599710943889, 21.878468744730949 ], [ 89.389108134523298, 21.878468744730949 ], [ 89.389108134523298, 21.887451897572141 ], [ 89.393599710943889, 21.887451897572141 ] ] ] } },
{ "type": "Feature", "properties": { "protected_km2": 0.69464535547080719 }, "geometry": { "type": "Polygon", "coordinates": [ [ [ 89.220674018750884, 21.89194347399274 ], [ 89.220674018750884, 21.889697685782444 ], [ 89.218428230540582, 21.889697685782444 ], [ 89.218428230540582, 21.887451897572141 ], [ 89.216182442330279, 21.887451897572141 ], [ 89.216182442330279, 21.878468744730949 ], [ 89.213936654119991, 21.878468744730949 ], [ 89.213936654119991, 21.880714532941248 ], [ 89.211690865909688, 21.880714532941248 ], [ 89.211690865909688, 21.882960321151547 ], [ 89.209445077699385, 21.882960321151547 ], [ 89.209445077699385, 21.885206109361846 ], [ 89.211690865909688, 21.885206109361846 ], [ 89.211690865909688, 21.887451897572141 ], [ 89.213936654119991, 21.887451897572141 ], [ 89.213936654119991, 21.889697685782444 ], [ 89.216182442330279, 21.889697685782444 ], [ 89.216182442330279, 21.89194347399274 ], [ 89.220674018750884, 21.89194347399274 ] ] ] } },
{ "type": "Feature", "properties": { "protected_km2": 0.69384965911524643 }, "geometry": { "type": "Polygon", "coordinates": [ [ [ 89.853986294055147, 21.887451897572141 ], [ 89.853986294055147, 21.880714532941248 ], [ 89.85623208226545, 21.880714532941248 ], [ 89.85623208226545, 21.878468744730949 ], [ 89.847248929424254, 21.878468744730949 ], [ 89.847248929424254, 21.880714532941248 ], [ 89.845003141213951, 21.880714532941248 ], [ 89.845003141213951, 21.882960321151547 ], [ 89.847248929424254, 21.882960321151547 ], [ 89.847248929424254, 21.885206109361846 ], [ 89.851740505844845, 21.885206109361846 ], [ 89.851740505844845, 21.887451897572141 ], [ 89.853986294055147, 21.887451897572141 ] ] ] } },
{ "type": "Feature", "properties": { "protected_km2": 0.28943806912005199 }, "geometry": { "type": "Polygon", "coordinates": [ [ [ 89.222919806961187, 21.882960321151547 ], [ 89.222919806961187, 21.880714532941248 ], [ 89.227411383381778, 21.880714532941248 ], [ 89.227411383381778, 21.878468744730949 ], [ 89.218428230540582, 21.878468744730949 ], [ 89.218428230540582, 21.880714532941248 ], [ 89.220674018750884, 21.880714532941248 ], [ 89.220674018750884, 21.882960321151547 ], [ 89.222919806961187, 21.882960321151547 ] ] ] } },
{ "type": "Feature", "properties": { "protected_km2": 0.28920982773055209 }, "geometry": { "type": "Polygon", "coordinates": [ [ [ 89.642882202287055, 21.885206109361846 ], [ 89.642882202287055, 21.880714532941248 ], [ 89.645127990497357, 21.880714532941248 ], [ 89.645127990497357, 21.878468744730949 ], [ 89.638390625866464, 21.878468744730949 ], [ 89.638390625866464, 21.880714532941248 ], [ 89.640636414076752, 21.880714532941248 ], [ 89.640636414076752, 21.885206109361846 ], [ 89.642882202287055, 21.885206109361846 ] ] ] } },
{ "type": "Feature", "properties": { "protected_km2": 0.52104794821804112 }, "geometry": { "type": "Polygon", "coordinates": [ [ [ 89.175758254544903, 21.885206109361846 ], [ 89.175758254544903, 21.882960321151547 ], [ 89.171266678124312, 21.882960321151547 ], [ 89.171266678124312, 21.880714532941248 ], [ 89.169020889914009, 21.880714532941248 ], [ 89.169020889914009, 21.878468744730949 ], [ 89.166775101703706, 21.878468744730949 ], [ 89.166775101703706, 21.87622295652065 ], [ 89.164529313493418, 21.87622295652065 ], [ 89.164529313493418, 21.880714532941248 ], [ 89.166775101703706, 21.880714532941248 ], [ 89.166775101703706, 21.885206109361846 ], [ 89.175758254544903, 21.885206109361846 ] ] ] } },
{ "type": "Feature", "properties": { "protected_km2": 0.40525927503509868 }, "geometry": { "type": "Polygon", "coordinates": [ [ [ 89.178004042755205, 21.882960321151547 ], [ 89.178004042755205, 21.880714532941248 ], [ 89.175758254544903, 21.880714532941248 ], [ 89.175758254544903, 21.878468744730949 ], [ 89.171266678124312, 21.878468744730949 ], [ 89.171266678124312, 21.87622295652065 ], [ 89.169020889914009, 21.87622295652065 ], [ 89.169020889914009, 21.880714532941248 ], [ 89.171266678124312, 21.880714532941248 ], [ 89.171266678124312, 21.882960321151547 ], [ 89.178004042755205, 21.882960321151547 ] ] ] } },
{ "type": "Feature", "properties": { "protected_km2": 0.92587518096087795 }, "geometry": { "type": "Polygon", "coordinates": [ [ [ 89.411566016626281, 21.887451897572141 ], [ 89.411566016626281, 21.885206109361846 ], [ 89.409320228415979, 21.885206109361846 ], [ 89.409320228415979, 21.882960321151547 ], [ 89.402582863785085, 21.882960321151547 ], [ 89.402582863785085, 21.878468744730949 ], [ 89.398091287364494, 21.878468744730949 ], [ 89.398091287364494, 21.87622295652065 ], [ 89.395845499154191, 21.87622295652065 ], [ 89.395845499154191, 21.878468744730949 ], [ 89.393599710943889, 21.878468744730949 ], [ 89.393599710943889, 21.880714532941248 ], [ 89.395845499154191, 21.880714532941248 ], [ 89.395845499154191, 21.882960321151547 ], [ 89.400337075574782, 21.882960321151547 ], [ 89.400337075574782, 21.885206109361846 ], [ 89.402582863785085, 21.885206109361846 ], [ 89.402582863785085, 21.887451897572141 ], [ 89.411566016626281, 21.887451897572141 ] ] ] } },
{ "type": "Feature", "properties": { "protected_km2": 0.34727968430209188 }, "geometry": { "type": "Polygon", "coordinates": [ [ [ 89.306013970742242, 21.880714532941248 ], [ 89.306013970742242, 21.878468744730949 ], [ 89.30376818253194, 21.878468744730949 ], [ 89.30376818253194, 21.87622295652065 ], [ 89.297030817901046, 21.87622295652065 ], [ 89.297030817901046, 21.878468744730949 ], [ 89.299276606111334, 21.878468744730949 ], [ 89.299276606111334, 21.880714532941248 ], [ 89.306013970742242, 21.880714532941248 ] ] ] } },
{ "type": "Feature", "properties": { "protected_km2": 0.2893269502469511 }, "geometry": { "type": "Polygon", "coordinates": [ [ [ 89.436269686939568, 21.880714532941248 ], [ 89.436269686939568, 21.878468744730949 ], [ 89.434023898729265, 21.878468744730949 ], [ 89.434023898729265, 21.87622295652065 ], [ 89.427286534098371, 21.87622295652065 ], [ 89.427286534098371, 21.878468744730949 ], [ 89.431778110518962, 21.878468744730949 ], [ 89.431778110518962, 21.880714532941248 ], [ 89.436269686939568, 21.880714532941248 ] ] ] } },
{ "type": "Feature", "properties": { "protected_km2": 0.75272054427022372 }, "geometry": { "type": "Polygon", "coordinates": [ [ [ 89.11063039644624, 21.882960321151547 ], [ 89.11063039644624, 21.880714532941248 ], [ 89.112876184656542, 21.880714532941248 ], [ 89.112876184656542, 21.882960321151547 ], [ 89.119613549287436, 21.882960321151547 ], [ 89.119613549287436, 21.880714532941248 ], [ 89.117367761077134, 21.880714532941248 ], [ 89.117367761077134, 21.878468744730949 ], [ 89.115121972866845, 21.878468744730949 ], [ 89.115121972866845, 21.87622295652065 ], [ 89.11063039644624, 21.87622295652065 ], [ 89.11063039644624, 21.873977168310351 ], [ 89.108384608235937, 21.873977168310351 ], [ 89.108384608235937, 21.878468744730949 ], [ 89.106138820025649, 21.878468744730949 ], [ 89.106138820025649, 21.880714532941248 ], [ 89.108384608235937, 21.880714532941248 ], [ 89.108384608235937, 21.882960321151547 ], [ 89.11063039644624, 21.882960321151547 ] ] ] } },
{ "type": "Feature", "properties": { "protected_km2": 0.28947149410867168 }, "geometry": { "type": "Polygon", "coordinates": [ [ [ 89.182495619175796, 21.880714532941248 ], [ 89.182495619175796, 21.878468744730949 ], [ 89.180249830965508, 21.878468744730949 ], [ 89.180249830965508, 21.87622295652065 ], [ 89.182495619175796, 21.87622295652065 ], [ 89.182495619175796, 21.873977168310351 ], [ 89.178004042755205, 21.873977168310351 ], [ 89.178004042755205, 21.880714532941248 ], [ 89.182495619175796, 21.880714532941248 ] ] ] } },
{ "type": "Feature", "properties": { "protected_km2": 0.52096542833760595 }, "geometry": { "type": "Polygon", "coordinates": [ [ [ 89.254360841905367, 21.885206109361846 ], [ 89.254360841905367, 21.878468744730949 ], [ 89.25660663011567, 21.878468744730949 ], [ 89.25660663011567, 21.873977168310351 ], [ 89.254360841905367, 21.873977168310351 ], [ 89.254360841905367, 21.87622295652065 ], [ 89.252115053695064, 21.87622295652065 ], [ 89.252115053695064, 21.878468744730949 ], [ 89.247623477274473, 21.878468744730949 ], [ 89.247623477274473, 21.880714532941248 ], [ 89.249869265484762, 21.880714532941248 ], [ 89.249869265484762, 21.882960321151547 ], [ 89.252115053695064, 21.882960321151547 ], [ 89.252115053695064, 21.885206109361846 ], [ 89.254360841905367, 21.885206109361846 ] ] ] } },
{ "type": "Feature", "properties": { "protected_km2": 0.40496556859529653 }, "geometry": { "type": "Polygon", "coordinates": [ [ [ 89.557542250295697, 21.885206109361846 ], [ 89.557542250295697, 21.873977168310351 ], [ 89.553050673875106, 21.873977168310351 ], [ 89.553050673875106, 21.878468744730949 ], [ 89.555296462085408, 21.878468744730949 ], [ 89.555296462085408, 21.885206109361846 ], [ 89.557542250295697, 21.885206109361846 ] ] ] } },
{ "type": "Feature", "properties": { "protected_km2": 0.52081563778233908 }, "geometry": { "type": "Polygon", "coordinates": [ [ [ 89.416057593046872, 21.880714532941248 ], [ 89.416057593046872, 21.87622295652065 ], [ 89.418303381257175, 21.87622295652065 ], [ 89.418303381257175, 21.871731380100051 ], [ 89.411566016626281, 21.871731380100051 ], [ 89.411566016626281, 21.878468744730949 ], [ 89.413811804836584, 21.878468744730949 ], [ 89.413811804836584, 21.880714532941248 ], [ 89.416057593046872, 21.880714532941248 ] ] ] } },
{ "type": "Feature", "properties": { "protected_km2": 0.289332658573214 }, "geometry": { "type": "Polygon", "coordinates": [ [ [ 89.443007051570461, 21.87622295652065 ], [ 89.443007051570461, 21.871731380100051 ], [ 89.43851547514987, 21.871731380100051 ], [ 89.43851547514987, 21.873977168310351 ], [ 89.436269686939568, 21.873977168310351 ], [ 89.436269686939568, 21.87622295652065 ], [ 89.443007051570461, 21.87622295652065 ] ] ] } },
{ "type": "Feature", "properties": { "protected_km2": 0.28943456484889785 }, "geometry": { "type": "Polygon", "coordinates": [ [ [ 89.265589782956852, 21.873977168310351 ], [ 89.265589782956852, 21.871731380100051 ], [ 89.254360841905367, 21.871731380100051 ], [ 89.254360841905367, 21.873977168310351 ], [ 89.265589782956852, 21.873977168310351 ] ] ] } },
{ "type": "Feature", "properties": { "protected_km2": 0.63653914607754125 }, "geometry": { "type": "Polygon", "coordinates": [ [ [ 89.429532322308674, 21.882960321151547 ], [ 89.429532322308674, 21.880714532941248 ], [ 89.427286534098371, 21.880714532941248 ], [ 89.427286534098371, 21.87622295652065 ], [ 89.42279495767778, 21.87622295652065 ], [ 89.42279495767778, 21.871731380100051 ], [ 89.418303381257175, 21.871731380100051 ], [ 89.418303381257175, 21.873977168310351 ], [ 89.420549169467478, 21.873977168310351 ], [ 89.420549169467478, 21.87622295652065 ], [ 89.416057593046872, 21.87622295652065 ], [ 89.416057593046872, 21.878468744730949 ], [ 89.425040745888069, 21.878468744730949 ], [ 89.425040745888069, 21.882960321151547 ], [ 89.429532322308674, 21.882960321151547 ] ] ] } },
{ "type": "Feature", "properties": { "protected_km2": 1.042039400537732 }, "geometry": { "type": "Polygon", "coordinates": [ [ [ 89.216182442330279, 21.878468744730949 ], [ 89.216182442330279, 21.87622295652065 ], [ 89.218428230540582, 21.87622295652065 ], [ 89.218428230540582, 21.878468744730949 ], [ 89.222919806961187, 21.878468744730949 ], [ 89.222919806961187, 21.87622295652065 ], [ 89.227411383381778, 21.87622295652065 ], [ 89.227411383381778, 21.873977168310351 ], [ 89.222919806961187, 21.873977168310351 ], [ 89.222919806961187, 21.871731380100051 ], [ 89.218428230540582, 21.871731380100051 ], [ 89.218428230540582, 21.869485591889752 ], [ 89.216182442330279, 21.869485591889752 ], [ 89.216182442330279, 21.873977168310351 ], [ 89.211690865909688, 21.873977168310351 ], [ 89.211690865909688, 21.87622295652065 ], [ 89.209445077699385, 21.87622295652065 ], [ 89.209445077699385, 21.873977168310351 ], [ 89.207199289489083, 21.873977168310351 ], [ 89.207199289489083, 21.878468744730949 ], [ 89.216182442330279, 21.878468744730949 ] ] ] } },
{ "type": "Feature", "properties": { "protected_km2": 0.92621231550253413 }, "geometry": { "type": "Polygon", "coordinates": [ [ [ 89.234148748012672, 21.873977168310351 ], [ 89.234148748012672, 21.87622295652065 ], [ 89.236394536222974, 21.87622295652065 ], [ 89.236394536222974, 21.878468744730949 ], [ 89.245377689064171, 21.878468744730949 ], [ 89.245377689064171, 21.87622295652065 ], [ 89.247623477274473, 21.87622295652065 ], [ 89.247623477274473, 21.878468744730949 ], [ 89.249869265484762, 21.878468744730949 ], [ 89.249869265484762, 21.873977168310351 ], [ 89.247623477274473, 21.873977168310351 ], [ 89.247623477274473, 21.871731380100051 ], [ 89.243131900853868, 21.871731380100051 ], [ 89.243131900853868, 21.869485591889752 ], [ 89.240886112643565, 21.869485591889752 ], [ 89.240886112643565, 21.871731380100051 ], [ 89.238640324433277, 21.871731380100051 ], [ 89.238640324433277, 21.873977168310351 ], [ 89.234148748012672, 21.873977168310351 ] ], [ [ 89.240886112643565, 21.873977168310351 ], [ 89.240886112643565, 21.87622295652065 ], [ 89.238640324433277, 21.87622295652065 ], [ 89.238640324433277, 21.873977168310351 ], [ 89.240886112643565, 21.873977168310351 ] ] ] } },
{ "type": "Feature", "properties": { "protected_km2": 0.28926371201301537 }, "geometry": { "type": "Polygon", "coordinates": [ [ [ 89.586737497029588, 21.871731380100051 ], [ 89.586737497029588, 21.867239803679453 ], [ 89.577754344188392, 21.867239803679453 ], [ 89.577754344188392, 21.869485591889752 ], [ 89.584491708819286, 21.869485591889752 ], [ 89.584491708819286, 21.871731380100051 ], [ 89.586737497029588, 21.871731380100051 ] ] ] } },
{ "type": "Feature", "properties": { "protected_km2": 0.40529876299639145 }, "geometry": { "type": "Polygon", "coordinates": [ [ [ 89.164529313493418, 21.871731380100051 ], [ 89.164529313493418, 21.869485591889752 ], [ 89.162283525283115, 21.869485591889752 ], [ 89.162283525283115, 21.867239803679453 ], [ 89.169020889914009, 21.867239803679453 ], [ 89.169020889914009, 21.864994015469158 ], [ 89.160037737072813, 21.864994015469158 ], [ 89.160037737072813, 21.871731380100051 ], [ 89.164529313493418, 21.871731380100051 ] ] ] } },
{ "type": "Feature", "properties": { "protected_km2": 0.63693273370309567 }, "geometry": { "type": "Polygon", "coordinates": [ [ [ 89.14207143139042, 21.873977168310351 ], [ 89.14207143139042, 21.871731380100051 ], [ 89.139825643180131, 21.871731380100051 ], [ 89.139825643180131, 21.867239803679453 ], [ 89.14207143139042, 21.867239803679453 ], [ 89.14207143139042, 21.862748227258855 ], [ 89.139825643180131, 21.862748227258855 ], [ 89.139825643180131, 21.864994015469158 ], [ 89.137579854969829, 21.864994015469158 ], [ 89.137579854969829, 21.871731380100051 ], [ 89.135334066759526, 21.871731380100051 ], [ 89.135334066759526, 21.869485591889752 ], [ 89.133088278549224, 21.869485591889752 ], [ 89.133088278549224, 21.871731380100051 ], [ 89.130842490338935, 21.871731380100051 ], [ 89.130842490338935, 21.873977168310351 ], [ 89.14207143139042, 21.873977168310351 ] ] ] } },
{ "type": "Feature", "properties": { "protected_km2": 0.69486447115457517 }, "geometry": { "type": "Polygon", "coordinates": [ [ [ 89.117367761077134, 21.87622295652065 ], [ 89.117367761077134, 21.869485591889752 ], [ 89.119613549287436, 21.869485591889752 ], [ 89.119613549287436, 21.864994015469158 ], [ 89.121859337497739, 21.864994015469158 ], [ 89.121859337497739, 21.862748227258855 ], [ 89.117367761077134, 21.862748227258855 ], [ 89.117367761077134, 21.867239803679453 ], [ 89.115121972866845, 21.867239803679453 ], [ 89.115121972866845, 21.864994015469158 ], [ 89.112876184656542, 21.864994015469158 ], [ 89.112876184656542, 21.867239803679453 ], [ 89.11063039644624, 21.867239803679453 ], [ 89.11063039644624, 21.869485591889752 ], [ 89.112876184656542, 21.869485591889752 ], [ 89.112876184656542, 21.871731380100051 ], [ 89.115121972866845, 21.871731380100051 ], [ 89.115121972866845, 21.87622295652065 ], [ 89.117367761077134, 21.87622295652065 ] ] ] } },
{ "type": "Feature", "properties": { "protected_km2": 0.57871379644625975 }, "geometry": { "type": "Polygon", "coordinates": [ [ [ 89.42279495767778, 21.871731380100051 ], [ 89.42279495767778, 21.867239803679453 ], [ 89.418303381257175, 21.867239803679453 ], [ 89.418303381257175, 21.862748227258855 ], [ 89.413811804836584, 21.862748227258855 ], [ 89.413811804836584, 21.869485591889752 ], [ 89.418303381257175, 21.869485591889752 ], [ 89.418303381257175, 21.871731380100051 ], [ 89.42279495767778, 21.871731380100051 ] ] ] } },
{ "type": "Feature", "properties": { "protected_km2": 0.34733953220325381 }, "geometry": { "type": "Polygon", "coordinates": [ [ [ 89.265589782956852, 21.867239803679453 ], [ 89.265589782956852, 21.864994015469158 ], [ 89.263343994746563, 21.864994015469158 ], [ 89.263343994746563, 21.862748227258855 ], [ 89.25660663011567, 21.862748227258855 ], [ 89.25660663011567, 21.864994015469158 ], [ 89.258852418325958, 21.864994015469158 ], [ 89.258852418325958, 21.867239803679453 ], [ 89.265589782956852, 21.867239803679453 ] ] ] } },
{ "type": "Feature", "properties": { "protected_km2": 0.28934420962077312 }, "geometry": { "type": "Polygon", "coordinates": [ [ [ 89.451990204411658, 21.867239803679453 ], [ 89.451990204411658, 21.862748227258855 ], [ 89.445252839780764, 21.862748227258855 ], [ 89.445252839780764, 21.864994015469158 ], [ 89.447498627991067, 21.864994015469158 ], [ 89.447498627991067, 21.867239803679453 ], [ 89.451990204411658, 21.867239803679453 ] ] ] } },
{ "type": "Feature", "properties": { "protected_km2": 0.86834265029173585 }, "geometry": { "type": "Polygon", "coordinates": [ [ [ 89.254360841905367, 21.873977168310351 ], [ 89.254360841905367, 21.871731380100051 ], [ 89.261098206536261, 21.871731380100051 ], [ 89.261098206536261, 21.867239803679453 ], [ 89.258852418325958, 21.867239803679453 ], [ 89.258852418325958, 21.864994015469158 ], [ 89.25660663011567, 21.864994015469158 ], [ 89.25660663011567, 21.862748227258855 ], [ 89.261098206536261, 21.862748227258855 ], [ 89.261098206536261, 21.86050243904856 ], [ 89.254360841905367, 21.86050243904856 ], [ 89.254360841905367, 21.867239803679453 ], [ 89.252115053695064, 21.867239803679453 ], [ 89.252115053695064, 21.873977168310351 ], [ 89.254360841905367, 21.873977168310351 ] ] ] } },
{ "type": "Feature", "properties": { "protected_km2": 1.0995692532650243 }, "geometry": { "type": "Polygon", "coordinates": [ [ [ 89.407074440205676, 21.87622295652065 ], [ 89.407074440205676, 21.871731380100051 ], [ 89.418303381257175, 21.871731380100051 ], [ 89.418303381257175, 21.869485591889752 ], [ 89.413811804836584, 21.869485591889752 ], [ 89.413811804836584, 21.86050243904856 ], [ 89.411566016626281, 21.86050243904856 ], [ 89.411566016626281, 21.864994015469158 ], [ 89.402582863785085, 21.864994015469158 ], [ 89.402582863785085, 21.867239803679453 ], [ 89.404828651995388, 21.867239803679453 ], [ 89.404828651995388, 21.87622295652065 ], [ 89.407074440205676, 21.87622295652065 ] ] ] } },
{ "type": "Feature", "properties": { "protected_km2": 0.34737772470208339 }, "geometry": { "type": "Polygon", "coordinates": [ [ [ 89.229657171592081, 21.862748227258855 ], [ 89.229657171592081, 21.86050243904856 ], [ 89.227411383381778, 21.86050243904856 ], [ 89.227411383381778, 21.858256650838257 ], [ 89.222919806961187, 21.858256650838257 ], [ 89.222919806961187, 21.86050243904856 ], [ 89.220674018750884, 21.86050243904856 ], [ 89.220674018750884, 21.862748227258855 ], [ 89.229657171592081, 21.862748227258855 ] ] ] } },
{ "type": "Feature", "properties": { "protected_km2": 0.40509259332330677 }, "geometry": { "type": "Polygon", "coordinates": [ [ [ 89.447498627991067, 21.862748227258855 ], [ 89.447498627991067, 21.86050243904856 ], [ 89.449744416201355, 21.86050243904856 ], [ 89.449744416201355, 21.862748227258855 ], [ 89.45423599262196, 21.862748227258855 ], [ 89.45423599262196, 21.86050243904856 ], [ 89.451990204411658, 21.86050243904856 ], [ 89.451990204411658, 21.858256650838257 ], [ 89.443007051570461, 21.858256650838257 ], [ 89.443007051570461, 21.86050243904856 ], [ 89.445252839780764, 21.86050243904856 ], [ 89.445252839780764, 21.862748227258855 ], [ 89.447498627991067, 21.862748227258855 ] ] ] } },
{ "type": "Feature", "properties": { "protected_km2": 0.46327007669886405 }, "geometry": { "type": "Polygon", "coordinates": [ [ [ 89.124105125708027, 21.862748227258855 ], [ 89.124105125708027, 21.856010862627961 ], [ 89.121859337497739, 21.856010862627961 ], [ 89.121859337497739, 21.853765074417662 ], [ 89.119613549287436, 21.853765074417662 ], [ 89.119613549287436, 21.86050243904856 ], [ 89.117367761077134, 21.86050243904856 ], [ 89.117367761077134, 21.862748227258855 ], [ 89.124105125708027, 21.862748227258855 ] ] ] } },
{ "type": "Feature", "properties": { "protected_km2": 1.5057570531584776 }, "geometry": { "type": "Polygon", "coordinates": [ [ [ 89.06346884402997, 21.858256650838257 ], [ 89.06346884402997, 21.862748227258855 ], [ 89.065714632240258, 21.862748227258855 ], [ 89.065714632240258, 21.864994015469158 ], [ 89.061223055819667, 21.864994015469158 ], [ 89.061223055819667, 21.867239803679453 ], [ 89.06346884402997, 21.867239803679453 ], [ 89.06346884402997, 21.869485591889752 ], [ 89.061223055819667, 21.869485591889752 ], [ 89.061223055819667, 21.871731380100051 ], [ 89.067960420450561, 21.871731380100051 ], [ 89.067960420450561, 21.864994015469158 ], [ 89.070206208660863, 21.864994015469158 ], [ 89.070206208660863, 21.862748227258855 ], [ 89.074697785081455, 21.862748227258855 ], [ 89.074697785081455, 21.86050243904856 ], [ 89.076943573291757, 21.86050243904856 ], [ 89.076943573291757, 21.856010862627961 ], [ 89.072451996871166, 21.856010862627961 ], [ 89.072451996871166, 21.851519286207363 ], [ 89.070206208660863, 21.851519286207363 ], [ 89.070206208660863, 21.856010862627961 ], [ 89.065714632240258, 21.856010862627961 ], [ 89.065714632240258, 21.858256650838257 ], [ 89.06346884402997, 21.858256650838257 ] ], [ [ 89.072451996871166, 21.86050243904856 ], [ 89.072451996871166, 21.858256650838257 ], [ 89.074697785081455, 21.858256650838257 ], [ 89.074697785081455, 21.86050243904856 ], [ 89.072451996871166, 21.86050243904856 ] ], [ [ 89.067960420450561, 21.858256650838257 ], [ 89.067960420450561, 21.86050243904856 ], [ 89.065714632240258, 21.86050243904856 ], [ 89.065714632240258, 21.858256650838257 ], [ 89.067960420450561, 21.858256650838257 ] ] ] } },
{ "type": "Feature", "properties": { "protected_km2": 0.4052969775243242 }, "geometry": { "type": "Polygon", "coordinates": [ [ [ 89.218428230540582, 21.858256650838257 ], [ 89.218428230540582, 21.856010862627961 ], [ 89.211690865909688, 21.856010862627961 ], [ 89.211690865909688, 21.853765074417662 ], [ 89.209445077699385, 21.853765074417662 ], [ 89.209445077699385, 21.851519286207363 ], [ 89.207199289489083, 21.851519286207363 ], [ 89.207199289489083, 21.856010862627961 ], [ 89.209445077699385, 21.856010862627961 ], [ 89.209445077699385, 21.858256650838257 ], [ 89.218428230540582, 21.858256650838257 ] ] ] } },
{ "type": "Feature", "properties": { "protected_km2": 0.34736965966360028 }, "geometry": { "type": "Polygon", "coordinates": [ [ [ 89.265589782956852, 21.856010862627961 ], [ 89.265589782956852, 21.853765074417662 ], [ 89.263343994746563, 21.853765074417662 ], [ 89.263343994746563, 21.851519286207363 ], [ 89.261098206536261, 21.851519286207363 ], [ 89.261098206536261, 21.853765074417662 ], [ 89.258852418325958, 21.853765074417662 ], [ 89.258852418325958, 21.851519286207363 ], [ 89.25660663011567, 21.851519286207363 ], [ 89.25660663011567, 21.856010862627961 ], [ 89.265589782956852, 21.856010862627961 ] ] ] } },
{ "type": "Feature", "properties": { "protected_km2": 0.46298527178010507 }, "geometry": { "type": "Polygon", "coordinates": [ [ [ 89.43851547514987, 21.862748227258855 ], [ 89.43851547514987, 21.86050243904856 ], [ 89.443007051570461, 21.86050243904856 ], [ 89.443007051570461, 21.858256650838257 ], [ 89.440761263360159, 21.858256650838257 ], [ 89.440761263360159, 21.851519286207363 ], [ 89.43851547514987, 21.851519286207363 ], [ 89.43851547514987, 21.853765074417662 ], [ 89.436269686939568, 21.853765074417662 ], [ 89.436269686939568, 21.856010862627961 ], [ 89.43851547514987, 21.856010862627961 ], [ 89.43851547514987, 21.858256650838257 ], [ 89.436269686939568, 21.858256650838257 ], [ 89.436269686939568, 21.862748227258855 ], [ 89.43851547514987, 21.862748227258855 ] ] ] } },
{ "type": "Feature", "properties": { "protected_km2": 1.6214913658780739 }, "geometry": { "type": "Polygon", "coordinates": [ [ [ 89.112876184656542, 21.862748227258855 ], [ 89.112876184656542, 21.858256650838257 ], [ 89.119613549287436, 21.858256650838257 ], [ 89.119613549287436, 21.853765074417662 ], [ 89.121859337497739, 21.853765074417662 ], [ 89.121859337497739, 21.856010862627961 ], [ 89.124105125708027, 21.856010862627961 ], [ 89.124105125708027, 21.858256650838257 ], [ 89.12635091391833, 21.858256650838257 ], [ 89.12635091391833, 21.851519286207363 ], [ 89.128596702128633, 21.851519286207363 ], [ 89.128596702128633, 21.849273497997064 ], [ 89.115121972866845, 21.849273497997064 ], [ 89.115121972866845, 21.853765074417662 ], [ 89.112876184656542, 21.853765074417662 ], [ 89.112876184656542, 21.851519286207363 ], [ 89.11063039644624, 21.851519286207363 ], [ 89.11063039644624, 21.853765074417662 ], [ 89.108384608235937, 21.853765074417662 ], [ 89.108384608235937, 21.86050243904856 ], [ 89.11063039644624, 21.86050243904856 ], [ 89.11063039644624, 21.862748227258855 ], [ 89.112876184656542, 21.862748227258855 ] ] ] } },
{ "type": "Feature", "properties": { "protected_km2": 1.4475861113711987 }, "geometry": { "type": "Polygon", "coordinates": [ [ [ 89.175758254544903, 21.864994015469158 ], [ 89.175758254544903, 21.862748227258855 ], [ 89.180249830965508, 21.862748227258855 ], [ 89.180249830965508, 21.86050243904856 ], [ 89.175758254544903, 21.86050243904856 ], [ 89.175758254544903, 21.858256650838257 ], [ 89.178004042755205, 21.858256650838257 ], [ 89.178004042755205, 21.856010862627961 ], [ 89.175758254544903, 21.856010862627961 ], [ 89.175758254544903, 21.851519286207363 ], [ 89.173512466334614, 21.851519286207363 ], [ 89.173512466334614, 21.849273497997064 ], [ 89.166775101703706, 21.849273497997064 ], [ 89.166775101703706, 21.856010862627961 ], [ 89.169020889914009, 21.856010862627961 ], [ 89.169020889914009, 21.858256650838257 ], [ 89.166775101703706, 21.858256650838257 ], [ 89.166775101703706, 21.86050243904856 ], [ 89.173512466334614, 21.86050243904856 ], [ 89.173512466334614, 21.862748227258855 ], [ 89.169020889914009, 21.862748227258855 ], [ 89.169020889914009, 21.864994015469158 ], [ 89.175758254544903, 21.864994015469158 ] ] ] } },
{ "type": "Feature", "properties": { "protected_km2": 0.40530978741720025 }, "geometry": { "type": "Polygon", "coordinates": [ [ [ 89.207199289489083, 21.856010862627961 ], [ 89.207199289489083, 21.851519286207363 ], [ 89.209445077699385, 21.851519286207363 ], [ 89.209445077699385, 21.849273497997064 ], [ 89.202707713068492, 21.849273497997064 ], [ 89.202707713068492, 21.851519286207363 ], [ 89.200461924858189, 21.851519286207363 ], [ 89.200461924858189, 21.853765074417662 ], [ 89.204953501278794, 21.853765074417662 ], [ 89.204953501278794, 21.856010862627961 ], [ 89.207199289489083, 21.856010862627961 ] ] ] } },
{ "type": "Feature", "properties": { "protected_km2": 0.34740357654942339 }, "geometry": { "type": "Polygon", "coordinates": [ [ [ 89.218428230540582, 21.853765074417662 ], [ 89.218428230540582, 21.849273497997064 ], [ 89.211690865909688, 21.849273497997064 ], [ 89.211690865909688, 21.853765074417662 ], [ 89.218428230540582, 21.853765074417662 ] ] ] } },
{ "type": "Feature", "properties": { "protected_km2": 0.40516283512506329 }, "geometry": { "type": "Polygon", "coordinates": [ [ [ 89.389108134523298, 21.858256650838257 ], [ 89.389108134523298, 21.856010862627961 ], [ 89.386862346312995, 21.856010862627961 ], [ 89.386862346312995, 21.853765074417662 ], [ 89.384616558102692, 21.853765074417662 ], [ 89.384616558102692, 21.849273497997064 ], [ 89.38237076989239, 21.849273497997064 ], [ 89.38237076989239, 21.851519286207363 ], [ 89.380124981682101, 21.851519286207363 ], [ 89.380124981682101, 21.853765074417662 ], [ 89.38237076989239, 21.853765074417662 ], [ 89.38237076989239, 21.856010862627961 ], [ 89.384616558102692, 21.856010862627961 ], [ 89.384616558102692, 21.858256650838257 ], [ 89.389108134523298, 21.858256650838257 ] ] ] } },
{ "type": "Feature", "properties": { "protected_km2": 0.28947658605825927 }, "geometry": { "type": "Polygon", "coordinates": [ [ [ 89.267835571167154, 21.853765074417662 ], [ 89.267835571167154, 21.847027709786765 ], [ 89.265589782956852, 21.847027709786765 ], [ 89.265589782956852, 21.849273497997064 ], [ 89.261098206536261, 21.849273497997064 ], [ 89.261098206536261, 21.851519286207363 ], [ 89.265589782956852, 21.851519286207363 ], [ 89.265589782956852, 21.853765074417662 ], [ 89.267835571167154, 21.853765074417662 ] ] ] } },
{ "type": "Feature", "properties": { "protected_km2": 0.46285836251354867 }, "geometry": { "type": "Polygon", "coordinates": [ [ [ 89.622670108394374, 21.853765074417662 ], [ 89.622670108394374, 21.849273497997064 ], [ 89.620424320184071, 21.849273497997064 ], [ 89.620424320184071, 21.847027709786765 ], [ 89.622670108394374, 21.847027709786765 ], [ 89.622670108394374, 21.842536133366167 ], [ 89.620424320184071, 21.842536133366167 ], [ 89.620424320184071, 21.844781921576466 ], [ 89.618178531973768, 21.844781921576466 ], [ 89.618178531973768, 21.853765074417662 ], [ 89.622670108394374, 21.853765074417662 ] ] ] } },
{ "type": "Feature", "properties": { "protected_km2": 0.28944461638687524 }, "geometry": { "type": "Polygon", "coordinates": [ [ [ 89.337455005686422, 21.847027709786765 ], [ 89.337455005686422, 21.844781921576466 ], [ 89.341946582107013, 21.844781921576466 ], [ 89.341946582107013, 21.842536133366167 ], [ 89.332963429265817, 21.842536133366167 ], [ 89.332963429265817, 21.844781921576466 ], [ 89.33520921747612, 21.844781921576466 ], [ 89.33520921747612, 21.847027709786765 ], [ 89.337455005686422, 21.847027709786765 ] ] ] } },
{ "type": "Feature", "properties": { "protected_km2": 0.28940847287040844 }, "geometry": { "type": "Polygon", "coordinates": [ [ [ 89.411566016626281, 21.847027709786765 ], [ 89.411566016626281, 21.844781921576466 ], [ 89.413811804836584, 21.844781921576466 ], [ 89.413811804836584, 21.842536133366167 ], [ 89.411566016626281, 21.842536133366167 ], [ 89.411566016626281, 21.840290345155868 ], [ 89.409320228415979, 21.840290345155868 ], [ 89.409320228415979, 21.842536133366167 ], [ 89.407074440205676, 21.842536133366167 ], [ 89.407074440205676, 21.844781921576466 ], [ 89.409320228415979, 21.844781921576466 ], [ 89.409320228415979, 21.847027709786765 ], [ 89.411566016626281, 21.847027709786765 ] ] ] } },
{ "type": "Feature", "properties": { "protected_km2": 0.46306958305889556 }, "geometry": { "type": "Polygon", "coordinates": [ [ [ 89.395845499154191, 21.847027709786765 ], [ 89.395845499154191, 21.844781921576466 ], [ 89.398091287364494, 21.844781921576466 ], [ 89.398091287364494, 21.842536133366167 ], [ 89.393599710943889, 21.842536133366167 ], [ 89.393599710943889, 21.840290345155868 ], [ 89.386862346312995, 21.840290345155868 ], [ 89.386862346312995, 21.842536133366167 ], [ 89.389108134523298, 21.842536133366167 ], [ 89.389108134523298, 21.844781921576466 ], [ 89.393599710943889, 21.844781921576466 ], [ 89.393599710943889, 21.847027709786765 ], [ 89.395845499154191, 21.847027709786765 ] ] ] } },
{ "type": "Feature", "properties": { "protected_km2": 0.63706924243409702 }, "geometry": { "type": "Polygon", "coordinates": [ [ [ 89.133088278549224, 21.844781921576466 ], [ 89.133088278549224, 21.842536133366167 ], [ 89.130842490338935, 21.842536133366167 ], [ 89.130842490338935, 21.840290345155868 ], [ 89.12635091391833, 21.840290345155868 ], [ 89.12635091391833, 21.838044556945569 ], [ 89.121859337497739, 21.838044556945569 ], [ 89.121859337497739, 21.844781921576466 ], [ 89.133088278549224, 21.844781921576466 ] ] ] } },
{ "type": "Feature", "properties": { "protected_km2": 0.40534351519310458 }, "geometry": { "type": "Polygon", "coordinates": [ [ [ 89.211690865909688, 21.842536133366167 ], [ 89.211690865909688, 21.838044556945569 ], [ 89.204953501278794, 21.838044556945569 ], [ 89.204953501278794, 21.840290345155868 ], [ 89.202707713068492, 21.840290345155868 ], [ 89.202707713068492, 21.842536133366167 ], [ 89.211690865909688, 21.842536133366167 ] ] ] } },
{ "type": "Feature", "properties": { "protected_km2": 0.40524098034825129 }, "geometry": { "type": "Polygon", "coordinates": [ [ [ 89.328471852845226, 21.842536133366167 ], [ 89.328471852845226, 21.840290345155868 ], [ 89.330717641055529, 21.840290345155868 ], [ 89.330717641055529, 21.842536133366167 ], [ 89.332963429265817, 21.842536133366167 ], [ 89.332963429265817, 21.840290345155868 ], [ 89.33520921747612, 21.840290345155868 ], [ 89.33520921747612, 21.838044556945569 ], [ 89.326226064634923, 21.838044556945569 ], [ 89.326226064634923, 21.840290345155868 ], [ 89.323980276424621, 21.840290345155868 ], [ 89.323980276424621, 21.842536133366167 ], [ 89.328471852845226, 21.842536133366167 ] ] ] } },
{ "type": "Feature", "properties": { "protected_km2": 0.28940390734287569 }, "geometry": { "type": "Polygon", "coordinates": [ [ [ 89.429532322308674, 21.844781921576466 ], [ 89.429532322308674, 21.842536133366167 ], [ 89.427286534098371, 21.842536133366167 ], [ 89.427286534098371, 21.838044556945569 ], [ 89.425040745888069, 21.838044556945569 ], [ 89.425040745888069, 21.840290345155868 ], [ 89.42279495767778, 21.840290345155868 ], [ 89.42279495767778, 21.842536133366167 ], [ 89.425040745888069, 21.842536133366167 ], [ 89.425040745888069, 21.844781921576466 ], [ 89.429532322308674, 21.844781921576466 ] ] ] } },
{ "type": "Feature", "properties": { "protected_km2": 0.75248842192202992 }, "geometry": { "type": "Polygon", "coordinates": [ [ [ 89.402582863785085, 21.844781921576466 ], [ 89.402582863785085, 21.840290345155868 ], [ 89.404828651995388, 21.840290345155868 ], [ 89.404828651995388, 21.844781921576466 ], [ 89.407074440205676, 21.844781921576466 ], [ 89.407074440205676, 21.840290345155868 ], [ 89.409320228415979, 21.840290345155868 ], [ 89.409320228415979, 21.838044556945569 ], [ 89.407074440205676, 21.838044556945569 ], [ 89.407074440205676, 21.835798768735273 ], [ 89.402582863785085, 21.835798768735273 ], [ 89.402582863785085, 21.838044556945569 ], [ 89.400337075574782, 21.838044556945569 ], [ 89.400337075574782, 21.840290345155868 ], [ 89.395845499154191, 21.840290345155868 ], [ 89.395845499154191, 21.842536133366167 ], [ 89.398091287364494, 21.842536133366167 ], [ 89.398091287364494, 21.844781921576466 ], [ 89.402582863785085, 21.844781921576466 ] ] ] } },
{ "type": "Feature", "properties": { "protected_km2": 0.28925809224343052 }, "geometry": { "type": "Polygon", "coordinates": [ [ [ 89.716993213226914, 21.842536133366167 ], [ 89.716993213226914, 21.835798768735273 ], [ 89.712501636806323, 21.835798768735273 ], [ 89.712501636806323, 21.840290345155868 ], [ 89.714747425016625, 21.840290345155868 ], [ 89.714747425016625, 21.842536133366167 ], [ 89.716993213226914, 21.842536133366167 ] ] ] } },
{ "type": "Feature", "properties": { "protected_km2": 0.520911498967217 }, "geometry": { "type": "Polygon", "coordinates": [ [ [ 89.447498627991067, 21.844781921576466 ], [ 89.447498627991067, 21.842536133366167 ], [ 89.45423599262196, 21.842536133366167 ], [ 89.45423599262196, 21.840290345155868 ], [ 89.449744416201355, 21.840290345155868 ], [ 89.449744416201355, 21.838044556945569 ], [ 89.447498627991067, 21.838044556945569 ], [ 89.447498627991067, 21.835798768735273 ], [ 89.443007051570461, 21.835798768735273 ], [ 89.443007051570461, 21.838044556945569 ], [ 89.445252839780764, 21.838044556945569 ], [ 89.445252839780764, 21.844781921576466 ], [ 89.447498627991067, 21.844781921576466 ] ] ] } },
{ "type": "Feature", "properties": { "protected_km2": 0.46309404725215331 }, "geometry": { "type": "Polygon", "coordinates": [ [ [ 89.389108134523298, 21.838044556945569 ], [ 89.389108134523298, 21.835798768735273 ], [ 89.395845499154191, 21.835798768735273 ], [ 89.395845499154191, 21.833552980524971 ], [ 89.384616558102692, 21.833552980524971 ], [ 89.384616558102692, 21.835798768735273 ], [ 89.38237076989239, 21.835798768735273 ], [ 89.38237076989239, 21.838044556945569 ], [ 89.389108134523298, 21.838044556945569 ] ] ] } },
{ "type": "Feature", "properties": { "protected_km2": 0.3473211640729526 }, "geometry": { "type": "Polygon", "coordinates": [ [ [ 89.411566016626281, 21.833552980524971 ], [ 89.411566016626281, 21.829061404104376 ], [ 89.404828651995388, 21.829061404104376 ], [ 89.404828651995388, 21.833552980524971 ], [ 89.411566016626281, 21.833552980524971 ] ] ] } },
{ "type": "Feature", "properties": { "protected_km2": 0.34718280337934115 }, "geometry": { "type": "Polygon", "coordinates": [ [ [ 89.63165326123557, 21.833552980524971 ], [ 89.63165326123557, 21.831307192314675 ], [ 89.636144837656161, 21.831307192314675 ], [ 89.636144837656161, 21.829061404104376 ], [ 89.633899049445859, 21.829061404104376 ], [ 89.633899049445859, 21.824569827683778 ], [ 89.63165326123557, 21.824569827683778 ], [ 89.63165326123557, 21.829061404104376 ], [ 89.629407473025267, 21.829061404104376 ], [ 89.629407473025267, 21.833552980524971 ], [ 89.63165326123557, 21.833552980524971 ] ] ] } },
{ "type": "Feature", "properties": { "protected_km2": 0.34745574765989995 }, "geometry": { "type": "Polygon", "coordinates": [ [ [ 89.220674018750884, 21.831307192314675 ], [ 89.220674018750884, 21.829061404104376 ], [ 89.222919806961187, 21.829061404104376 ], [ 89.222919806961187, 21.826815615894077 ], [ 89.225165595171475, 21.826815615894077 ], [ 89.225165595171475, 21.824569827683778 ], [ 89.218428230540582, 21.824569827683778 ], [ 89.218428230540582, 21.831307192314675 ], [ 89.220674018750884, 21.831307192314675 ] ] ] } },
{ "type": "Feature", "properties": { "protected_km2": 0.28933221147242894 }, "geometry": { "type": "Polygon", "coordinates": [ [ [ 89.615932743763466, 21.829061404104376 ], [ 89.615932743763466, 21.826815615894077 ], [ 89.620424320184071, 21.826815615894077 ], [ 89.620424320184071, 21.824569827683778 ], [ 89.613686955553177, 21.824569827683778 ], [ 89.613686955553177, 21.826815615894077 ], [ 89.611441167342875, 21.826815615894077 ], [ 89.611441167342875, 21.829061404104376 ], [ 89.615932743763466, 21.829061404104376 ] ] ] } },
{ "type": "Feature", "properties": { "protected_km2": 0.5210194948725716 }, "geometry": { "type": "Polygon", "coordinates": [ [ [ 89.393599710943889, 21.831307192314675 ], [ 89.393599710943889, 21.829061404104376 ], [ 89.386862346312995, 21.829061404104376 ], [ 89.386862346312995, 21.826815615894077 ], [ 89.384616558102692, 21.826815615894077 ], [ 89.384616558102692, 21.822324039473479 ], [ 89.38237076989239, 21.822324039473479 ], [ 89.38237076989239, 21.831307192314675 ], [ 89.393599710943889, 21.831307192314675 ] ] ] } },
{ "type": "Feature", "properties": { "protected_km2": 0.57887306703650687 }, "geometry": { "type": "Polygon", "coordinates": [ [ [ 89.42279495767778, 21.833552980524971 ], [ 89.42279495767778, 21.831307192314675 ], [ 89.420549169467478, 21.831307192314675 ], [ 89.420549169467478, 21.826815615894077 ], [ 89.418303381257175, 21.826815615894077 ], [ 89.418303381257175, 21.822324039473479 ], [ 89.416057593046872, 21.822324039473479 ], [ 89.416057593046872, 21.824569827683778 ], [ 89.413811804836584, 21.824569827683778 ], [ 89.413811804836584, 21.826815615894077 ], [ 89.411566016626281, 21.826815615894077 ], [ 89.411566016626281, 21.829061404104376 ], [ 89.418303381257175, 21.829061404104376 ], [ 89.418303381257175, 21.833552980524971 ], [ 89.42279495767778, 21.833552980524971 ] ] ] } },
{ "type": "Feature", "properties": { "protected_km2": 0.4053357427321293 }, "geometry": { "type": "Polygon", "coordinates": [ [ [ 89.263343994746563, 21.831307192314675 ], [ 89.263343994746563, 21.829061404104376 ], [ 89.265589782956852, 21.829061404104376 ], [ 89.265589782956852, 21.82007825126318 ], [ 89.263343994746563, 21.82007825126318 ], [ 89.263343994746563, 21.826815615894077 ], [ 89.258852418325958, 21.826815615894077 ], [ 89.258852418325958, 21.829061404104376 ], [ 89.261098206536261, 21.829061404104376 ], [ 89.261098206536261, 21.831307192314675 ], [ 89.263343994746563, 21.831307192314675 ] ] ] } },
{ "type": "Feature", "properties": { "protected_km2": 0.46313377383459892 }, "geometry": { "type": "Polygon", "coordinates": [ [ [ 89.391353922733586, 21.829061404104376 ], [ 89.391353922733586, 21.822324039473479 ], [ 89.393599710943889, 21.822324039473479 ], [ 89.393599710943889, 21.82007825126318 ], [ 89.386862346312995, 21.82007825126318 ], [ 89.386862346312995, 21.826815615894077 ], [ 89.389108134523298, 21.826815615894077 ], [ 89.389108134523298, 21.829061404104376 ], [ 89.391353922733586, 21.829061404104376 ] ] ] } },
{ "type": "Feature", "properties": { "protected_km2": 0.34734593391822233 }, "geometry": { "type": "Polygon", "coordinates": [ [ [ 89.404828651995388, 21.826815615894077 ], [ 89.404828651995388, 21.824569827683778 ], [ 89.402582863785085, 21.824569827683778 ], [ 89.402582863785085, 21.82007825126318 ], [ 89.404828651995388, 21.82007825126318 ], [ 89.404828651995388, 21.817832463052881 ], [ 89.400337075574782, 21.817832463052881 ], [ 89.400337075574782, 21.826815615894077 ], [ 89.404828651995388, 21.826815615894077 ] ] ] } },
{ "type": "Feature", "properties": { "protected_km2": 0.46320090319815693 }, "geometry": { "type": "Polygon", "coordinates": [ [ [ 89.330717641055529, 21.824569827683778 ], [ 89.330717641055529, 21.82007825126318 ], [ 89.33520921747612, 21.82007825126318 ], [ 89.33520921747612, 21.817832463052881 ], [ 89.332963429265817, 21.817832463052881 ], [ 89.332963429265817, 21.815586674842582 ], [ 89.330717641055529, 21.815586674842582 ], [ 89.330717641055529, 21.817832463052881 ], [ 89.326226064634923, 21.817832463052881 ], [ 89.326226064634923, 21.822324039473479 ], [ 89.328471852845226, 21.822324039473479 ], [ 89.328471852845226, 21.824569827683778 ], [ 89.330717641055529, 21.824569827683778 ] ] ] } },
{ "type": "Feature", "properties": { "protected_km2": 1.3893247698419768 }, "geometry": { "type": "Polygon", "coordinates": [ [ [ 89.429532322308674, 21.831307192314675 ], [ 89.429532322308674, 21.822324039473479 ], [ 89.427286534098371, 21.822324039473479 ], [ 89.427286534098371, 21.824569827683778 ], [ 89.425040745888069, 21.824569827683778 ], [ 89.425040745888069, 21.82007825126318 ], [ 89.427286534098371, 21.82007825126318 ], [ 89.427286534098371, 21.817832463052881 ], [ 89.42279495767778, 21.817832463052881 ], [ 89.42279495767778, 21.815586674842582 ], [ 89.416057593046872, 21.815586674842582 ], [ 89.416057593046872, 21.822324039473479 ], [ 89.418303381257175, 21.822324039473479 ], [ 89.418303381257175, 21.824569827683778 ], [ 89.42279495767778, 21.824569827683778 ], [ 89.42279495767778, 21.826815615894077 ], [ 89.420549169467478, 21.826815615894077 ], [ 89.420549169467478, 21.829061404104376 ], [ 89.425040745888069, 21.829061404104376 ], [ 89.425040745888069, 21.831307192314675 ], [ 89.429532322308674, 21.831307192314675 ] ], [ [ 89.420549169467478, 21.82007825126318 ], [ 89.42279495767778, 21.82007825126318 ], [ 89.42279495767778, 21.822324039473479 ], [ 89.420549169467478, 21.822324039473479 ], [ 89.420549169467478, 21.82007825126318 ] ] ] } },
{ "type": "Feature", "properties": { "protected_km2": 0.28947531705261664 }, "geometry": { "type": "Polygon", "coordinates": [ [ [ 89.38237076989239, 21.822324039473479 ], [ 89.38237076989239, 21.817832463052881 ], [ 89.380124981682101, 21.817832463052881 ], [ 89.380124981682101, 21.815586674842582 ], [ 89.375633405261496, 21.815586674842582 ], [ 89.375633405261496, 21.817832463052881 ], [ 89.377879193471799, 21.817832463052881 ], [ 89.377879193471799, 21.82007825126318 ], [ 89.380124981682101, 21.82007825126318 ], [ 89.380124981682101, 21.822324039473479 ], [ 89.38237076989239, 21.822324039473479 ] ] ] } },
{ "type": "Feature", "properties": { "protected_km2": 1.1578121520235469 }, "geometry": { "type": "Polygon", "coordinates": [ [ [ 89.400337075574782, 21.838044556945569 ], [ 89.400337075574782, 21.817832463052881 ], [ 89.398091287364494, 21.817832463052881 ], [ 89.398091287364494, 21.815586674842582 ], [ 89.393599710943889, 21.815586674842582 ], [ 89.393599710943889, 21.817832463052881 ], [ 89.395845499154191, 21.817832463052881 ], [ 89.395845499154191, 21.822324039473479 ], [ 89.393599710943889, 21.822324039473479 ], [ 89.393599710943889, 21.826815615894077 ], [ 89.395845499154191, 21.826815615894077 ], [ 89.395845499154191, 21.831307192314675 ], [ 89.398091287364494, 21.831307192314675 ], [ 89.398091287364494, 21.833552980524971 ], [ 89.395845499154191, 21.833552980524971 ], [ 89.395845499154191, 21.835798768735273 ], [ 89.398091287364494, 21.835798768735273 ], [ 89.398091287364494, 21.838044556945569 ], [ 89.400337075574782, 21.838044556945569 ] ] ] } },
{ "type": "Feature", "properties": { "protected_km2": 1.1577551378753113 }, "geometry": { "type": "Polygon", "coordinates": [ [ [ 89.434023898729265, 21.833552980524971 ], [ 89.434023898729265, 21.829061404104376 ], [ 89.431778110518962, 21.829061404104376 ], [ 89.431778110518962, 21.826815615894077 ], [ 89.434023898729265, 21.826815615894077 ], [ 89.434023898729265, 21.82007825126318 ], [ 89.436269686939568, 21.82007825126318 ], [ 89.436269686939568, 21.817832463052881 ], [ 89.440761263360159, 21.817832463052881 ], [ 89.440761263360159, 21.815586674842582 ], [ 89.436269686939568, 21.815586674842582 ], [ 89.436269686939568, 21.813340886632282 ], [ 89.434023898729265, 21.813340886632282 ], [ 89.434023898729265, 21.817832463052881 ], [ 89.427286534098371, 21.817832463052881 ], [ 89.427286534098371, 21.82007825126318 ], [ 89.425040745888069, 21.82007825126318 ], [ 89.425040745888069, 21.822324039473479 ], [ 89.429532322308674, 21.822324039473479 ], [ 89.429532322308674, 21.831307192314675 ], [ 89.431778110518962, 21.831307192314675 ], [ 89.431778110518962, 21.833552980524971 ], [ 89.434023898729265, 21.833552980524971 ] ] ] } },
{ "type": "Feature", "properties": { "protected_km2": 0.52129866105207112 }, "geometry": { "type": "Polygon", "coordinates": [ [ [ 89.151054584231616, 21.822324039473479 ], [ 89.151054584231616, 21.82007825126318 ], [ 89.148808796021314, 21.82007825126318 ], [ 89.148808796021314, 21.817832463052881 ], [ 89.146563007811025, 21.817832463052881 ], [ 89.146563007811025, 21.815586674842582 ], [ 89.14207143139042, 21.815586674842582 ], [ 89.14207143139042, 21.813340886632282 ], [ 89.139825643180131, 21.813340886632282 ], [ 89.139825643180131, 21.82007825126318 ], [ 89.14207143139042, 21.82007825126318 ], [ 89.14207143139042, 21.817832463052881 ], [ 89.144317219600723, 21.817832463052881 ], [ 89.144317219600723, 21.82007825126318 ], [ 89.146563007811025, 21.82007825126318 ], [ 89.146563007811025, 21.822324039473479 ], [ 89.151054584231616, 21.822324039473479 ] ] ] } },
{ "type": "Feature", "properties": { "protected_km2": 0.4052442117057154 }, "geometry": { "type": "Polygon", "coordinates": [ [ [ 89.411566016626281, 21.822324039473479 ], [ 89.411566016626281, 21.82007825126318 ], [ 89.413811804836584, 21.82007825126318 ], [ 89.413811804836584, 21.817832463052881 ], [ 89.411566016626281, 21.817832463052881 ], [ 89.411566016626281, 21.813340886632282 ], [ 89.407074440205676, 21.813340886632282 ], [ 89.407074440205676, 21.815586674842582 ], [ 89.409320228415979, 21.815586674842582 ], [ 89.409320228415979, 21.817832463052881 ], [ 89.407074440205676, 21.817832463052881 ], [ 89.407074440205676, 21.82007825126318 ], [ 89.409320228415979, 21.82007825126318 ], [ 89.409320228415979, 21.822324039473479 ], [ 89.411566016626281, 21.822324039473479 ] ] ] } },
{ "type": "Feature", "properties": { "protected_km2": 0.40509390195693584 }, "geometry": { "type": "Polygon", "coordinates": [ [ [ 89.620424320184071, 21.817832463052881 ], [ 89.620424320184071, 21.815586674842582 ], [ 89.622670108394374, 21.815586674842582 ], [ 89.622670108394374, 21.817832463052881 ], [ 89.624915896604662, 21.817832463052881 ], [ 89.624915896604662, 21.815586674842582 ], [ 89.627161684814965, 21.815586674842582 ], [ 89.627161684814965, 21.813340886632282 ], [ 89.622670108394374, 21.813340886632282 ], [ 89.622670108394374, 21.811095098421983 ], [ 89.620424320184071, 21.811095098421983 ], [ 89.620424320184071, 21.813340886632282 ], [ 89.618178531973768, 21.813340886632282 ], [ 89.618178531973768, 21.817832463052881 ], [ 89.620424320184071, 21.817832463052881 ] ] ] } },
{ "type": "Feature", "properties": { "protected_km2": 0.28937823436113486 }, "geometry": { "type": "Polygon", "coordinates": [ [ [ 89.584491708819286, 21.815586674842582 ], [ 89.584491708819286, 21.813340886632282 ], [ 89.582245920608983, 21.813340886632282 ], [ 89.582245920608983, 21.811095098421983 ], [ 89.577754344188392, 21.811095098421983 ], [ 89.577754344188392, 21.815586674842582 ], [ 89.584491708819286, 21.815586674842582 ] ] ] } },
{ "type": "Feature", "properties": { "protected_km2": 0.28934457886942649 }, "geometry": { "type": "Polygon", "coordinates": [ [ [ 89.640636414076752, 21.815586674842582 ], [ 89.640636414076752, 21.813340886632282 ], [ 89.64737377870766, 21.813340886632282 ], [ 89.64737377870766, 21.811095098421983 ], [ 89.638390625866464, 21.811095098421983 ], [ 89.638390625866464, 21.815586674842582 ], [ 89.640636414076752, 21.815586674842582 ] ] ] } },
{ "type": "Feature", "properties": { "protected_km2": 0.40523263314077734 }, "geometry": { "type": "Polygon", "coordinates": [ [ [ 89.443007051570461, 21.815586674842582 ], [ 89.443007051570461, 21.811095098421983 ], [ 89.434023898729265, 21.811095098421983 ], [ 89.434023898729265, 21.813340886632282 ], [ 89.436269686939568, 21.813340886632282 ], [ 89.436269686939568, 21.815586674842582 ], [ 89.443007051570461, 21.815586674842582 ] ] ] } },
{ "type": "Feature", "properties": { "protected_km2": 0.28967024587396112 }, "geometry": { "type": "Polygon", "coordinates": [ [ [ 89.065714632240258, 21.815586674842582 ], [ 89.065714632240258, 21.811095098421983 ], [ 89.067960420450561, 21.811095098421983 ], [ 89.067960420450561, 21.808849310211684 ], [ 89.06346884402997, 21.808849310211684 ], [ 89.06346884402997, 21.813340886632282 ], [ 89.061223055819667, 21.813340886632282 ], [ 89.061223055819667, 21.815586674842582 ], [ 89.065714632240258, 21.815586674842582 ] ] ] } },
{ "type": "Feature", "properties": { "protected_km2": 0.34750879236083304 }, "geometry": { "type": "Polygon", "coordinates": [ [ [ 89.200461924858189, 21.815586674842582 ], [ 89.200461924858189, 21.811095098421983 ], [ 89.202707713068492, 21.811095098421983 ], [ 89.202707713068492, 21.808849310211684 ], [ 89.1982161366479, 21.808849310211684 ], [ 89.1982161366479, 21.811095098421983 ], [ 89.195970348437598, 21.811095098421983 ], [ 89.195970348437598, 21.815586674842582 ], [ 89.200461924858189, 21.815586674842582 ] ] ] } },
{ "type": "Feature", "properties": { "protected_km2": 0.3475030694290544 }, "geometry": { "type": "Polygon", "coordinates": [ [ [ 89.204953501278794, 21.813340886632282 ], [ 89.204953501278794, 21.811095098421983 ], [ 89.209445077699385, 21.811095098421983 ], [ 89.209445077699385, 21.813340886632282 ], [ 89.211690865909688, 21.813340886632282 ], [ 89.211690865909688, 21.808849310211684 ], [ 89.202707713068492, 21.808849310211684 ], [ 89.202707713068492, 21.813340886632282 ], [ 89.204953501278794, 21.813340886632282 ] ] ] } },
{ "type": "Feature", "properties": { "protected_km2": 0.40546814907314321 }, "geometry": { "type": "Polygon", "coordinates": [ [ [ 89.162283525283115, 21.813340886632282 ], [ 89.162283525283115, 21.808849310211684 ], [ 89.155546160652221, 21.808849310211684 ], [ 89.155546160652221, 21.806603522001389 ], [ 89.151054584231616, 21.806603522001389 ], [ 89.151054584231616, 21.808849310211684 ], [ 89.153300372441919, 21.808849310211684 ], [ 89.153300372441919, 21.811095098421983 ], [ 89.160037737072813, 21.811095098421983 ], [ 89.160037737072813, 21.813340886632282 ], [ 89.162283525283115, 21.813340886632282 ] ] ] } },
{ "type": "Feature", "properties": { "protected_km2": 0.28962669694086352 }, "geometry": { "type": "Polygon", "coordinates": [ [ [ 89.164529313493418, 21.808849310211684 ], [ 89.164529313493418, 21.806603522001389 ], [ 89.162283525283115, 21.806603522001389 ], [ 89.162283525283115, 21.804357733791086 ], [ 89.160037737072813, 21.804357733791086 ], [ 89.160037737072813, 21.806603522001389 ], [ 89.155546160652221, 21.806603522001389 ], [ 89.155546160652221, 21.808849310211684 ], [ 89.164529313493418, 21.808849310211684 ] ] ] } },
{ "type": "Feature", "properties": { "protected_km2": 0.40529661448515941 }, "geometry": { "type": "Polygon", "coordinates": [ [ [ 89.384616558102692, 21.808849310211684 ], [ 89.384616558102692, 21.806603522001389 ], [ 89.389108134523298, 21.806603522001389 ], [ 89.389108134523298, 21.802111945580791 ], [ 89.386862346312995, 21.802111945580791 ], [ 89.386862346312995, 21.804357733791086 ], [ 89.380124981682101, 21.804357733791086 ], [ 89.380124981682101, 21.808849310211684 ], [ 89.384616558102692, 21.808849310211684 ] ] ] } },
{ "type": "Feature", "properties": { "protected_km2": 0.2894639548406493 }, "geometry": { "type": "Polygon", "coordinates": [ [ [ 89.456481780832263, 21.806603522001389 ], [ 89.456481780832263, 21.802111945580791 ], [ 89.451990204411658, 21.802111945580791 ], [ 89.451990204411658, 21.804357733791086 ], [ 89.449744416201355, 21.804357733791086 ], [ 89.449744416201355, 21.806603522001389 ], [ 89.456481780832263, 21.806603522001389 ] ] ] } },
{ "type": "Feature", "properties": { "protected_km2": 0.2894858986207004 }, "geometry": { "type": "Polygon", "coordinates": [ [ [ 89.416057593046872, 21.806603522001389 ], [ 89.416057593046872, 21.804357733791086 ], [ 89.418303381257175, 21.804357733791086 ], [ 89.418303381257175, 21.802111945580791 ], [ 89.420549169467478, 21.802111945580791 ], [ 89.420549169467478, 21.799866157370491 ], [ 89.416057593046872, 21.799866157370491 ], [ 89.416057593046872, 21.802111945580791 ], [ 89.413811804836584, 21.802111945580791 ], [ 89.413811804836584, 21.806603522001389 ], [ 89.416057593046872, 21.806603522001389 ] ] ] } },
{ "type": "Feature", "properties": { "protected_km2": 1.1576601073354513 }, "geometry": { "type": "Polygon", "coordinates": [ [ [ 89.584491708819286, 21.799866157370491 ], [ 89.588983285239891, 21.799866157370491 ], [ 89.588983285239891, 21.795374580949893 ], [ 89.591229073450179, 21.795374580949893 ], [ 89.591229073450179, 21.793128792739594 ], [ 89.588983285239891, 21.793128792739594 ], [ 89.588983285239891, 21.790883004529295 ], [ 89.586737497029588, 21.790883004529295 ], [ 89.586737497029588, 21.793128792739594 ], [ 89.584491708819286, 21.793128792739594 ], [ 89.584491708819286, 21.790883004529295 ], [ 89.582245920608983, 21.790883004529295 ], [ 89.582245920608983, 21.788637216318996 ], [ 89.573262767767801, 21.788637216318996 ], [ 89.573262767767801, 21.790883004529295 ], [ 89.577754344188392, 21.790883004529295 ], [ 89.577754344188392, 21.793128792739594 ], [ 89.575508555978089, 21.793128792739594 ], [ 89.575508555978089, 21.795374580949893 ], [ 89.580000132398695, 21.795374580949893 ], [ 89.580000132398695, 21.797620369160192 ], [ 89.584491708819286, 21.797620369160192 ], [ 89.584491708819286, 21.799866157370491 ] ], [ [ 89.584491708819286, 21.795374580949893 ], [ 89.586737497029588, 21.795374580949893 ], [ 89.586737497029588, 21.797620369160192 ], [ 89.584491708819286, 21.797620369160192 ], [ 89.584491708819286, 21.795374580949893 ] ] ] } },
{ "type": "Feature", "properties": { "protected_km2": 0.46309940672856253 }, "geometry": { "type": "Polygon", "coordinates": [ [ [ 89.555296462085408, 21.795374580949893 ], [ 89.555296462085408, 21.790883004529295 ], [ 89.557542250295697, 21.790883004529295 ], [ 89.557542250295697, 21.788637216318996 ], [ 89.555296462085408, 21.788637216318996 ], [ 89.555296462085408, 21.786391428108697 ], [ 89.550804885664803, 21.786391428108697 ], [ 89.550804885664803, 21.793128792739594 ], [ 89.553050673875106, 21.793128792739594 ], [ 89.553050673875106, 21.795374580949893 ], [ 89.555296462085408, 21.795374580949893 ] ] ] } },
{ "type": "Feature", "properties": { "protected_km2": 0.34743738048104739 }, "geometry": { "type": "Polygon", "coordinates": [ [ [ 89.395845499154191, 21.790883004529295 ], [ 89.395845499154191, 21.788637216318996 ], [ 89.393599710943889, 21.788637216318996 ], [ 89.393599710943889, 21.786391428108697 ], [ 89.391353922733586, 21.786391428108697 ], [ 89.391353922733586, 21.788637216318996 ], [ 89.389108134523298, 21.788637216318996 ], [ 89.389108134523298, 21.786391428108697 ], [ 89.386862346312995, 21.786391428108697 ], [ 89.386862346312995, 21.790883004529295 ], [ 89.395845499154191, 21.790883004529295 ] ] ] } },
{ "type": "Feature", "properties": { "protected_km2": 0.28971904039296853 }, "geometry": { "type": "Polygon", "coordinates": [ [ [ 89.067960420450561, 21.790883004529295 ], [ 89.067960420450561, 21.788637216318996 ], [ 89.065714632240258, 21.788637216318996 ], [ 89.065714632240258, 21.784145639898398 ], [ 89.06346884402997, 21.784145639898398 ], [ 89.06346884402997, 21.786391428108697 ], [ 89.061223055819667, 21.786391428108697 ], [ 89.061223055819667, 21.788637216318996 ], [ 89.06346884402997, 21.788637216318996 ], [ 89.06346884402997, 21.790883004529295 ], [ 89.067960420450561, 21.790883004529295 ] ] ] } },
{ "type": "Feature", "properties": { "protected_km2": 0.46353096319703713 }, "geometry": { "type": "Polygon", "coordinates": [ [ [ 89.081435149712362, 21.793128792739594 ], [ 89.081435149712362, 21.790883004529295 ], [ 89.085926726132953, 21.790883004529295 ], [ 89.085926726132953, 21.788637216318996 ], [ 89.07918936150206, 21.788637216318996 ], [ 89.07918936150206, 21.784145639898398 ], [ 89.076943573291757, 21.784145639898398 ], [ 89.076943573291757, 21.786391428108697 ], [ 89.074697785081455, 21.786391428108697 ], [ 89.074697785081455, 21.788637216318996 ], [ 89.076943573291757, 21.788637216318996 ], [ 89.076943573291757, 21.790883004529295 ], [ 89.07918936150206, 21.790883004529295 ], [ 89.07918936150206, 21.793128792739594 ], [ 89.081435149712362, 21.793128792739594 ] ] ] } },
{ "type": "Feature", "properties": { "protected_km2": 0.636938447515908 }, "geometry": { "type": "Polygon", "coordinates": [ [ [ 89.409320228415979, 21.795374580949893 ], [ 89.409320228415979, 21.793128792739594 ], [ 89.411566016626281, 21.793128792739594 ], [ 89.411566016626281, 21.790883004529295 ], [ 89.409320228415979, 21.790883004529295 ], [ 89.409320228415979, 21.788637216318996 ], [ 89.413811804836584, 21.788637216318996 ], [ 89.413811804836584, 21.786391428108697 ], [ 89.411566016626281, 21.786391428108697 ], [ 89.411566016626281, 21.784145639898398 ], [ 89.409320228415979, 21.784145639898398 ], [ 89.409320228415979, 21.786391428108697 ], [ 89.402582863785085, 21.786391428108697 ], [ 89.402582863785085, 21.788637216318996 ], [ 89.404828651995388, 21.788637216318996 ], [ 89.404828651995388, 21.790883004529295 ], [ 89.407074440205676, 21.790883004529295 ], [ 89.407074440205676, 21.795374580949893 ], [ 89.409320228415979, 21.795374580949893 ] ] ] } },
{ "type": "Feature", "properties": { "protected_km2": 0.52136696147152317 }, "geometry": { "type": "Polygon", "coordinates": [ [ [ 89.202707713068492, 21.786391428108697 ], [ 89.202707713068492, 21.784145639898398 ], [ 89.209445077699385, 21.784145639898398 ], [ 89.209445077699385, 21.781899851688099 ], [ 89.207199289489083, 21.781899851688099 ], [ 89.207199289489083, 21.7796540634778 ], [ 89.209445077699385, 21.7796540634778 ], [ 89.209445077699385, 21.777408275267504 ], [ 89.204953501278794, 21.777408275267504 ], [ 89.204953501278794, 21.7796540634778 ], [ 89.202707713068492, 21.7796540634778 ], [ 89.202707713068492, 21.781899851688099 ], [ 89.200461924858189, 21.781899851688099 ], [ 89.200461924858189, 21.786391428108697 ], [ 89.202707713068492, 21.786391428108697 ] ] ] } },
{ "type": "Feature", "properties": { "protected_km2": 0.28944457597694406 }, "geometry": { "type": "Polygon", "coordinates": [ [ [ 89.580000132398695, 21.784145639898398 ], [ 89.580000132398695, 21.7796540634778 ], [ 89.577754344188392, 21.7796540634778 ], [ 89.577754344188392, 21.777408275267504 ], [ 89.575508555978089, 21.777408275267504 ], [ 89.575508555978089, 21.7796540634778 ], [ 89.573262767767801, 21.7796540634778 ], [ 89.573262767767801, 21.781899851688099 ], [ 89.577754344188392, 21.781899851688099 ], [ 89.577754344188392, 21.784145639898398 ], [ 89.580000132398695, 21.784145639898398 ] ] ] } },
{ "type": "Feature", "properties": { "protected_km2": 0.40521780607147651 }, "geometry": { "type": "Polygon", "coordinates": [ [ [ 89.595720649870785, 21.781899851688099 ], [ 89.595720649870785, 21.7796540634778 ], [ 89.593474861660482, 21.7796540634778 ], [ 89.593474861660482, 21.775162487057202 ], [ 89.584491708819286, 21.775162487057202 ], [ 89.584491708819286, 21.777408275267504 ], [ 89.591229073450179, 21.777408275267504 ], [ 89.591229073450179, 21.781899851688099 ], [ 89.595720649870785, 21.781899851688099 ] ] ] } },
{ "type": "Feature", "properties": { "protected_km2": 0.28954685516761641 }, "geometry": { "type": "Polygon", "coordinates": [ [ [ 89.411566016626281, 21.777408275267504 ], [ 89.411566016626281, 21.775162487057202 ], [ 89.409320228415979, 21.775162487057202 ], [ 89.409320228415979, 21.772916698846906 ], [ 89.404828651995388, 21.772916698846906 ], [ 89.404828651995388, 21.777408275267504 ], [ 89.411566016626281, 21.777408275267504 ] ] ] } },
{ "type": "Feature", "properties": { "protected_km2": 0.34767379922787339 }, "geometry": { "type": "Polygon", "coordinates": [ [ [ 89.097155667184452, 21.777408275267504 ], [ 89.097155667184452, 21.772916698846906 ], [ 89.09490987897415, 21.772916698846906 ], [ 89.09490987897415, 21.770670910636607 ], [ 89.092664090763847, 21.770670910636607 ], [ 89.092664090763847, 21.772916698846906 ], [ 89.090418302553545, 21.772916698846906 ], [ 89.090418302553545, 21.775162487057202 ], [ 89.092664090763847, 21.775162487057202 ], [ 89.092664090763847, 21.777408275267504 ], [ 89.097155667184452, 21.777408275267504 ] ] ] } },
{ "type": "Feature", "properties": { "protected_km2": 0.34766884820042238 }, "geometry": { "type": "Polygon", "coordinates": [ [ [ 89.103893031815346, 21.7796540634778 ], [ 89.103893031815346, 21.772916698846906 ], [ 89.101647243605044, 21.772916698846906 ], [ 89.101647243605044, 21.768425122426308 ], [ 89.099401455394741, 21.768425122426308 ], [ 89.099401455394741, 21.775162487057202 ], [ 89.101647243605044, 21.775162487057202 ], [ 89.101647243605044, 21.7796540634778 ], [ 89.103893031815346, 21.7796540634778 ] ] ] } },
{ "type": "Feature", "properties": { "protected_km2": 0.40561059027585733 }, "geometry": { "type": "Polygon", "coordinates": [ [ [ 89.115121972866845, 21.775162487057202 ], [ 89.115121972866845, 21.770670910636607 ], [ 89.108384608235937, 21.770670910636607 ], [ 89.108384608235937, 21.768425122426308 ], [ 89.106138820025649, 21.768425122426308 ], [ 89.106138820025649, 21.772916698846906 ], [ 89.11063039644624, 21.772916698846906 ], [ 89.11063039644624, 21.775162487057202 ], [ 89.115121972866845, 21.775162487057202 ] ] ] } },
{ "type": "Feature", "properties": { "protected_km2": 0.34759755578634649 }, "geometry": { "type": "Polygon", "coordinates": [ [ [ 89.213936654119991, 21.775162487057202 ], [ 89.213936654119991, 21.772916698846906 ], [ 89.216182442330279, 21.772916698846906 ], [ 89.216182442330279, 21.766179334216009 ], [ 89.213936654119991, 21.766179334216009 ], [ 89.213936654119991, 21.768425122426308 ], [ 89.211690865909688, 21.768425122426308 ], [ 89.211690865909688, 21.775162487057202 ], [ 89.213936654119991, 21.775162487057202 ] ] ] } },
{ "type": "Feature", "properties": { "protected_km2": 0.46341916712490455 }, "geometry": { "type": "Polygon", "coordinates": [ [ [ 89.263343994746563, 21.775162487057202 ], [ 89.263343994746563, 21.770670910636607 ], [ 89.265589782956852, 21.770670910636607 ], [ 89.265589782956852, 21.766179334216009 ], [ 89.263343994746563, 21.766179334216009 ], [ 89.263343994746563, 21.768425122426308 ], [ 89.261098206536261, 21.768425122426308 ], [ 89.261098206536261, 21.770670910636607 ], [ 89.254360841905367, 21.770670910636607 ], [ 89.254360841905367, 21.772916698846906 ], [ 89.261098206536261, 21.772916698846906 ], [ 89.261098206536261, 21.775162487057202 ], [ 89.263343994746563, 21.775162487057202 ] ] ] } },
{ "type": "Feature", "properties": { "protected_km2": 0.28956866647249319 }, "geometry": { "type": "Polygon", "coordinates": [ [ [ 89.391353922733586, 21.770670910636607 ], [ 89.391353922733586, 21.768425122426308 ], [ 89.393599710943889, 21.768425122426308 ], [ 89.393599710943889, 21.766179334216009 ], [ 89.386862346312995, 21.766179334216009 ], [ 89.386862346312995, 21.770670910636607 ], [ 89.391353922733586, 21.770670910636607 ] ] ] } },
{ "type": "Feature", "properties": { "protected_km2": 0.34732888465555267 }, "geometry": { "type": "Polygon", "coordinates": [ [ [ 89.638390625866464, 21.770670910636607 ], [ 89.638390625866464, 21.768425122426308 ], [ 89.636144837656161, 21.768425122426308 ], [ 89.636144837656161, 21.766179334216009 ], [ 89.633899049445859, 21.766179334216009 ], [ 89.633899049445859, 21.76393354600571 ], [ 89.63165326123557, 21.76393354600571 ], [ 89.63165326123557, 21.770670910636607 ], [ 89.638390625866464, 21.770670910636607 ] ] ] } },
{ "type": "Feature", "properties": { "protected_km2": 0.40564092255998635 }, "geometry": { "type": "Polygon", "coordinates": [ [ [ 89.09490987897415, 21.770670910636607 ], [ 89.09490987897415, 21.768425122426308 ], [ 89.097155667184452, 21.768425122426308 ], [ 89.097155667184452, 21.766179334216009 ], [ 89.099401455394741, 21.766179334216009 ], [ 89.099401455394741, 21.76393354600571 ], [ 89.097155667184452, 21.76393354600571 ], [ 89.097155667184452, 21.761687757795411 ], [ 89.09490987897415, 21.761687757795411 ], [ 89.09490987897415, 21.76393354600571 ], [ 89.092664090763847, 21.76393354600571 ], [ 89.092664090763847, 21.770670910636607 ], [ 89.09490987897415, 21.770670910636607 ] ] ] } },
{ "type": "Feature", "properties": { "protected_km2": 0.81044741590943714 }, "geometry": { "type": "Polygon", "coordinates": [ [ [ 89.627161684814965, 21.772916698846906 ], [ 89.627161684814965, 21.770670910636607 ], [ 89.63165326123557, 21.770670910636607 ], [ 89.63165326123557, 21.768425122426308 ], [ 89.629407473025267, 21.768425122426308 ], [ 89.629407473025267, 21.76393354600571 ], [ 89.627161684814965, 21.76393354600571 ], [ 89.627161684814965, 21.761687757795411 ], [ 89.624915896604662, 21.761687757795411 ], [ 89.624915896604662, 21.76393354600571 ], [ 89.620424320184071, 21.76393354600571 ], [ 89.620424320184071, 21.768425122426308 ], [ 89.624915896604662, 21.768425122426308 ], [ 89.624915896604662, 21.770670910636607 ], [ 89.622670108394374, 21.770670910636607 ], [ 89.622670108394374, 21.772916698846906 ], [ 89.627161684814965, 21.772916698846906 ] ] ] } },
{ "type": "Feature", "properties": { "protected_km2": 0.28965847349569968 }, "geometry": { "type": "Polygon", "coordinates": [ [ [ 89.252115053695064, 21.766179334216009 ], [ 89.252115053695064, 21.761687757795411 ], [ 89.247623477274473, 21.761687757795411 ], [ 89.247623477274473, 21.76393354600571 ], [ 89.245377689064171, 21.76393354600571 ], [ 89.245377689064171, 21.766179334216009 ], [ 89.252115053695064, 21.766179334216009 ] ] ] } },
{ "type": "Feature", "properties": { "protected_km2": 0.52118334966757829 }, "geometry": { "type": "Polygon", "coordinates": [ [ [ 89.445252839780764, 21.770670910636607 ], [ 89.445252839780764, 21.766179334216009 ], [ 89.443007051570461, 21.766179334216009 ], [ 89.443007051570461, 21.76393354600571 ], [ 89.440761263360159, 21.76393354600571 ], [ 89.440761263360159, 21.761687757795411 ], [ 89.436269686939568, 21.761687757795411 ], [ 89.436269686939568, 21.766179334216009 ], [ 89.440761263360159, 21.766179334216009 ], [ 89.440761263360159, 21.770670910636607 ], [ 89.445252839780764, 21.770670910636607 ] ] ] } },
{ "type": "Feature", "properties": { "protected_km2": 0.52153239086566172 }, "geometry": { "type": "Polygon", "coordinates": [ [ [ 89.108384608235937, 21.766179334216009 ], [ 89.108384608235937, 21.76393354600571 ], [ 89.11063039644624, 21.76393354600571 ], [ 89.11063039644624, 21.766179334216009 ], [ 89.115121972866845, 21.766179334216009 ], [ 89.115121972866845, 21.761687757795411 ], [ 89.11063039644624, 21.761687757795411 ], [ 89.11063039644624, 21.759441969585112 ], [ 89.108384608235937, 21.759441969585112 ], [ 89.108384608235937, 21.761687757795411 ], [ 89.103893031815346, 21.761687757795411 ], [ 89.103893031815346, 21.76393354600571 ], [ 89.106138820025649, 21.76393354600571 ], [ 89.106138820025649, 21.766179334216009 ], [ 89.108384608235937, 21.766179334216009 ] ] ] } },
{ "type": "Feature", "properties": { "protected_km2": 0.34770368462448703 }, "geometry": { "type": "Polygon", "coordinates": [ [ [ 89.108384608235937, 21.761687757795411 ], [ 89.108384608235937, 21.757196181374812 ], [ 89.106138820025649, 21.757196181374812 ], [ 89.106138820025649, 21.754950393164513 ], [ 89.101647243605044, 21.754950393164513 ], [ 89.101647243605044, 21.757196181374812 ], [ 89.103893031815346, 21.757196181374812 ], [ 89.103893031815346, 21.761687757795411 ], [ 89.108384608235937, 21.761687757795411 ] ] ] } },
{ "type": "Feature", "properties": { "protected_km2": 0.2896687644364021 }, "geometry": { "type": "Polygon", "coordinates": [ [ [ 89.265589782956852, 21.757196181374812 ], [ 89.265589782956852, 21.754950393164513 ], [ 89.267835571167154, 21.754950393164513 ], [ 89.267835571167154, 21.752704604954214 ], [ 89.263343994746563, 21.752704604954214 ], [ 89.263343994746563, 21.750458816743915 ], [ 89.261098206536261, 21.750458816743915 ], [ 89.261098206536261, 21.754950393164513 ], [ 89.263343994746563, 21.754950393164513 ], [ 89.263343994746563, 21.757196181374812 ], [ 89.265589782956852, 21.757196181374812 ] ] ] } },
{ "type": "Feature", "properties": { "protected_km2": 0.34739799734076421 }, "geometry": { "type": "Polygon", "coordinates": [ [ [ 89.584491708819286, 21.757196181374812 ], [ 89.584491708819286, 21.74821302853362 ], [ 89.582245920608983, 21.74821302853362 ], [ 89.582245920608983, 21.750458816743915 ], [ 89.577754344188392, 21.750458816743915 ], [ 89.577754344188392, 21.752704604954214 ], [ 89.582245920608983, 21.752704604954214 ], [ 89.582245920608983, 21.757196181374812 ], [ 89.584491708819286, 21.757196181374812 ] ] ] } },
{ "type": "Feature", "properties": { "protected_km2": 0.28967178900775459 }, "geometry": { "type": "Polygon", "coordinates": [ [ [ 89.279064512218653, 21.752704604954214 ], [ 89.279064512218653, 21.74821302853362 ], [ 89.276818724008351, 21.74821302853362 ], [ 89.276818724008351, 21.745967240323317 ], [ 89.27232714758776, 21.745967240323317 ], [ 89.27232714758776, 21.74821302853362 ], [ 89.274572935798048, 21.74821302853362 ], [ 89.274572935798048, 21.750458816743915 ], [ 89.276818724008351, 21.750458816743915 ], [ 89.276818724008351, 21.752704604954214 ], [ 89.279064512218653, 21.752704604954214 ] ] ] } },
{ "type": "Feature", "properties": { "protected_km2": 0.28967897411980215 }, "geometry": { "type": "Polygon", "coordinates": [ [ [ 89.27232714758776, 21.750458816743915 ], [ 89.27232714758776, 21.74821302853362 ], [ 89.270081359377457, 21.74821302853362 ], [ 89.270081359377457, 21.745967240323317 ], [ 89.27232714758776, 21.745967240323317 ], [ 89.27232714758776, 21.743721452113022 ], [ 89.267835571167154, 21.743721452113022 ], [ 89.267835571167154, 21.750458816743915 ], [ 89.27232714758776, 21.750458816743915 ] ] ] } },
{ "type": "Feature", "properties": { "protected_km2": 0.5793866998296312 }, "geometry": { "type": "Polygon", "coordinates": [ [ [ 89.243131900853868, 21.752704604954214 ], [ 89.243131900853868, 21.750458816743915 ], [ 89.249869265484762, 21.750458816743915 ], [ 89.249869265484762, 21.74821302853362 ], [ 89.247623477274473, 21.74821302853362 ], [ 89.247623477274473, 21.745967240323317 ], [ 89.245377689064171, 21.745967240323317 ], [ 89.245377689064171, 21.74821302853362 ], [ 89.243131900853868, 21.74821302853362 ], [ 89.243131900853868, 21.741475663902722 ], [ 89.240886112643565, 21.741475663902722 ], [ 89.240886112643565, 21.74821302853362 ], [ 89.238640324433277, 21.74821302853362 ], [ 89.238640324433277, 21.750458816743915 ], [ 89.240886112643565, 21.750458816743915 ], [ 89.240886112643565, 21.752704604954214 ], [ 89.243131900853868, 21.752704604954214 ] ] ] } },
{ "type": "Feature", "properties": { "protected_km2": 0.40555629449772129 }, "geometry": { "type": "Polygon", "coordinates": [ [ [ 89.267835571167154, 21.750458816743915 ], [ 89.267835571167154, 21.745967240323317 ], [ 89.263343994746563, 21.745967240323317 ], [ 89.263343994746563, 21.741475663902722 ], [ 89.261098206536261, 21.741475663902722 ], [ 89.261098206536261, 21.74821302853362 ], [ 89.263343994746563, 21.74821302853362 ], [ 89.263343994746563, 21.750458816743915 ], [ 89.267835571167154, 21.750458816743915 ] ] ] } },
{ "type": "Feature", "properties": { "protected_km2": 0.92725377982359058 }, "geometry": { "type": "Polygon", "coordinates": [ [ [ 89.124105125708027, 21.752704604954214 ], [ 89.124105125708027, 21.74821302853362 ], [ 89.12635091391833, 21.74821302853362 ], [ 89.12635091391833, 21.745967240323317 ], [ 89.130842490338935, 21.745967240323317 ], [ 89.130842490338935, 21.741475663902722 ], [ 89.124105125708027, 21.741475663902722 ], [ 89.124105125708027, 21.745967240323317 ], [ 89.119613549287436, 21.745967240323317 ], [ 89.119613549287436, 21.741475663902722 ], [ 89.117367761077134, 21.741475663902722 ], [ 89.117367761077134, 21.743721452113022 ], [ 89.115121972866845, 21.743721452113022 ], [ 89.115121972866845, 21.745967240323317 ], [ 89.117367761077134, 21.745967240323317 ], [ 89.117367761077134, 21.74821302853362 ], [ 89.119613549287436, 21.74821302853362 ], [ 89.119613549287436, 21.750458816743915 ], [ 89.121859337497739, 21.750458816743915 ], [ 89.121859337497739, 21.752704604954214 ], [ 89.124105125708027, 21.752704604954214 ] ] ] } },
{ "type": "Feature", "properties": { "protected_km2": 0.28963429535176138 }, "geometry": { "type": "Polygon", "coordinates": [ [ [ 89.38237076989239, 21.741475663902722 ], [ 89.38237076989239, 21.739229875692423 ], [ 89.380124981682101, 21.739229875692423 ], [ 89.380124981682101, 21.736984087482124 ], [ 89.375633405261496, 21.736984087482124 ], [ 89.375633405261496, 21.741475663902722 ], [ 89.38237076989239, 21.741475663902722 ] ] ] } },
{ "type": "Feature", "properties": { "protected_km2": 0.34742226224639955 }, "geometry": { "type": "Polygon", "coordinates": [ [ [ 89.586737497029588, 21.745967240323317 ], [ 89.586737497029588, 21.743721452113022 ], [ 89.588983285239891, 21.743721452113022 ], [ 89.588983285239891, 21.734738299271825 ], [ 89.586737497029588, 21.734738299271825 ], [ 89.586737497029588, 21.741475663902722 ], [ 89.584491708819286, 21.741475663902722 ], [ 89.584491708819286, 21.745967240323317 ], [ 89.586737497029588, 21.745967240323317 ] ] ] } },
{ "type": "Feature", "properties": { "protected_km2": 0.34772311302117631 }, "geometry": { "type": "Polygon", "coordinates": [ [ [ 89.14207143139042, 21.743721452113022 ], [ 89.14207143139042, 21.739229875692423 ], [ 89.144317219600723, 21.739229875692423 ], [ 89.144317219600723, 21.736984087482124 ], [ 89.14207143139042, 21.736984087482124 ], [ 89.14207143139042, 21.734738299271825 ], [ 89.139825643180131, 21.734738299271825 ], [ 89.139825643180131, 21.741475663902722 ], [ 89.137579854969829, 21.741475663902722 ], [ 89.137579854969829, 21.743721452113022 ], [ 89.14207143139042, 21.743721452113022 ] ] ] } },
{ "type": "Feature", "properties": { "protected_km2": 0.28972192256464052 }, "geometry": { "type": "Polygon", "coordinates": [ [ [ 89.240886112643565, 21.736984087482124 ], [ 89.240886112643565, 21.734738299271825 ], [ 89.243131900853868, 21.734738299271825 ], [ 89.243131900853868, 21.732492511061526 ], [ 89.238640324433277, 21.732492511061526 ], [ 89.238640324433277, 21.734738299271825 ], [ 89.234148748012672, 21.734738299271825 ], [ 89.234148748012672, 21.736984087482124 ], [ 89.240886112643565, 21.736984087482124 ] ] ] } },
{ "type": "Feature", "properties": { "protected_km2": 1.1587935114067065 }, "geometry": { "type": "Polygon", "coordinates": [ [ [ 89.25660663011567, 21.74821302853362 ], [ 89.25660663011567, 21.745967240323317 ], [ 89.258852418325958, 21.745967240323317 ], [ 89.258852418325958, 21.741475663902722 ], [ 89.263343994746563, 21.741475663902722 ], [ 89.263343994746563, 21.739229875692423 ], [ 89.265589782956852, 21.739229875692423 ], [ 89.265589782956852, 21.732492511061526 ], [ 89.267835571167154, 21.732492511061526 ], [ 89.267835571167154, 21.730246722851227 ], [ 89.263343994746563, 21.730246722851227 ], [ 89.263343994746563, 21.736984087482124 ], [ 89.261098206536261, 21.736984087482124 ], [ 89.261098206536261, 21.739229875692423 ], [ 89.252115053695064, 21.739229875692423 ], [ 89.252115053695064, 21.741475663902722 ], [ 89.249869265484762, 21.741475663902722 ], [ 89.249869265484762, 21.745967240323317 ], [ 89.254360841905367, 21.745967240323317 ], [ 89.254360841905367, 21.74821302853362 ], [ 89.25660663011567, 21.74821302853362 ] ] ] } },
{ "type": "Feature", "properties": { "protected_km2": 0.69489470508927653 }, "geometry": { "type": "Polygon", "coordinates": [ [ [ 89.566525403136893, 21.741475663902722 ], [ 89.566525403136893, 21.736984087482124 ], [ 89.568771191347196, 21.736984087482124 ], [ 89.568771191347196, 21.734738299271825 ], [ 89.566525403136893, 21.734738299271825 ], [ 89.566525403136893, 21.730246722851227 ], [ 89.562033826716302, 21.730246722851227 ], [ 89.562033826716302, 21.736984087482124 ], [ 89.559788038505999, 21.736984087482124 ], [ 89.559788038505999, 21.739229875692423 ], [ 89.562033826716302, 21.739229875692423 ], [ 89.562033826716302, 21.741475663902722 ], [ 89.566525403136893, 21.741475663902722 ] ] ] } },
{ "type": "Feature", "properties": { "protected_km2": 0.75342458167381299 }, "geometry": { "type": "Polygon", "coordinates": [ [ [ 89.135334066759526, 21.741475663902722 ], [ 89.135334066759526, 21.739229875692423 ], [ 89.137579854969829, 21.739229875692423 ], [ 89.137579854969829, 21.741475663902722 ], [ 89.139825643180131, 21.741475663902722 ], [ 89.139825643180131, 21.736984087482124 ], [ 89.133088278549224, 21.736984087482124 ], [ 89.133088278549224, 21.734738299271825 ], [ 89.130842490338935, 21.734738299271825 ], [ 89.130842490338935, 21.732492511061526 ], [ 89.128596702128633, 21.732492511061526 ], [ 89.128596702128633, 21.730246722851227 ], [ 89.12635091391833, 21.730246722851227 ], [ 89.12635091391833, 21.734738299271825 ], [ 89.128596702128633, 21.734738299271825 ], [ 89.128596702128633, 21.739229875692423 ], [ 89.130842490338935, 21.739229875692423 ], [ 89.130842490338935, 21.741475663902722 ], [ 89.135334066759526, 21.741475663902722 ] ] ] } },
{ "type": "Feature", "properties": { "protected_km2": 0.28970877350708057 }, "geometry": { "type": "Polygon", "coordinates": [ [ [ 89.283556088639244, 21.732492511061526 ], [ 89.283556088639244, 21.730246722851227 ], [ 89.276818724008351, 21.730246722851227 ], [ 89.276818724008351, 21.728000934640928 ], [ 89.274572935798048, 21.728000934640928 ], [ 89.274572935798048, 21.732492511061526 ], [ 89.283556088639244, 21.732492511061526 ] ] ] } },
{ "type": "Feature", "properties": { "protected_km2": 0.46367575067364453 }, "geometry": { "type": "Polygon", "coordinates": [ [ [ 89.130842490338935, 21.732492511061526 ], [ 89.130842490338935, 21.730246722851227 ], [ 89.133088278549224, 21.730246722851227 ], [ 89.133088278549224, 21.725755146430629 ], [ 89.12635091391833, 21.725755146430629 ], [ 89.12635091391833, 21.728000934640928 ], [ 89.124105125708027, 21.728000934640928 ], [ 89.124105125708027, 21.730246722851227 ], [ 89.128596702128633, 21.730246722851227 ], [ 89.128596702128633, 21.732492511061526 ], [ 89.130842490338935, 21.732492511061526 ] ] ] } },
{ "type": "Feature", "properties": { "protected_km2": 0.28964413045407811 }, "geometry": { "type": "Polygon", "coordinates": [ [ [ 89.404828651995388, 21.730246722851227 ], [ 89.404828651995388, 21.728000934640928 ], [ 89.402582863785085, 21.728000934640928 ], [ 89.402582863785085, 21.725755146430629 ], [ 89.398091287364494, 21.725755146430629 ], [ 89.398091287364494, 21.730246722851227 ], [ 89.404828651995388, 21.730246722851227 ] ] ] } },
{ "type": "Feature", "properties": { "protected_km2": 0.34776245115350457 }, "geometry": { "type": "Polygon", "coordinates": [ [ [ 89.124105125708027, 21.732492511061526 ], [ 89.124105125708027, 21.728000934640928 ], [ 89.121859337497739, 21.728000934640928 ], [ 89.121859337497739, 21.72350935822033 ], [ 89.119613549287436, 21.72350935822033 ], [ 89.119613549287436, 21.732492511061526 ], [ 89.124105125708027, 21.732492511061526 ] ] ] } },
{ "type": "Feature", "properties": { "protected_km2": 0.52152078977178451 }, "geometry": { "type": "Polygon", "coordinates": [ [ [ 89.252115053695064, 21.730246722851227 ], [ 89.252115053695064, 21.728000934640928 ], [ 89.247623477274473, 21.728000934640928 ], [ 89.247623477274473, 21.725755146430629 ], [ 89.249869265484762, 21.725755146430629 ], [ 89.249869265484762, 21.721263570010031 ], [ 89.247623477274473, 21.721263570010031 ], [ 89.247623477274473, 21.72350935822033 ], [ 89.243131900853868, 21.72350935822033 ], [ 89.243131900853868, 21.728000934640928 ], [ 89.245377689064171, 21.728000934640928 ], [ 89.245377689064171, 21.730246722851227 ], [ 89.252115053695064, 21.730246722851227 ] ] ] } },
{ "type": "Feature", "properties": { "protected_km2": 0.40561853948647419 }, "geometry": { "type": "Polygon", "coordinates": [ [ [ 89.270081359377457, 21.728000934640928 ], [ 89.270081359377457, 21.72350935822033 ], [ 89.267835571167154, 21.72350935822033 ], [ 89.267835571167154, 21.721263570010031 ], [ 89.263343994746563, 21.721263570010031 ], [ 89.263343994746563, 21.72350935822033 ], [ 89.261098206536261, 21.72350935822033 ], [ 89.261098206536261, 21.725755146430629 ], [ 89.267835571167154, 21.725755146430629 ], [ 89.267835571167154, 21.728000934640928 ], [ 89.270081359377457, 21.728000934640928 ] ] ] } },
{ "type": "Feature", "properties": { "protected_km2": 0.28955631509724183 }, "geometry": { "type": "Polygon", "coordinates": [ [ [ 89.582245920608983, 21.725755146430629 ], [ 89.582245920608983, 21.72350935822033 ], [ 89.584491708819286, 21.72350935822033 ], [ 89.584491708819286, 21.721263570010031 ], [ 89.580000132398695, 21.721263570010031 ], [ 89.580000132398695, 21.72350935822033 ], [ 89.575508555978089, 21.72350935822033 ], [ 89.575508555978089, 21.725755146430629 ], [ 89.582245920608983, 21.725755146430629 ] ] ] } },
{ "type": "Feature", "properties": { "protected_km2": 0.46355097750111046 }, "geometry": { "type": "Polygon", "coordinates": [ [ [ 89.279064512218653, 21.730246722851227 ], [ 89.279064512218653, 21.725755146430629 ], [ 89.276818724008351, 21.725755146430629 ], [ 89.276818724008351, 21.721263570010031 ], [ 89.270081359377457, 21.721263570010031 ], [ 89.270081359377457, 21.72350935822033 ], [ 89.27232714758776, 21.72350935822033 ], [ 89.27232714758776, 21.725755146430629 ], [ 89.274572935798048, 21.725755146430629 ], [ 89.274572935798048, 21.728000934640928 ], [ 89.276818724008351, 21.728000934640928 ], [ 89.276818724008351, 21.730246722851227 ], [ 89.279064512218653, 21.730246722851227 ] ] ] } },
{ "type": "Feature", "properties": { "protected_km2": 0.40537889996446069 }, "geometry": { "type": "Polygon", "coordinates": [ [ [ 89.588983285239891, 21.72350935822033 ], [ 89.588983285239891, 21.719017781799735 ], [ 89.575508555978089, 21.719017781799735 ], [ 89.575508555978089, 21.721263570010031 ], [ 89.586737497029588, 21.721263570010031 ], [ 89.586737497029588, 21.72350935822033 ], [ 89.588983285239891, 21.72350935822033 ] ] ] } },
{ "type": "Feature", "properties": { "protected_km2": 0.40565383090883028 }, "geometry": { "type": "Polygon", "coordinates": [ [ [ 89.240886112643565, 21.72350935822033 ], [ 89.240886112643565, 21.719017781799735 ], [ 89.238640324433277, 21.719017781799735 ], [ 89.238640324433277, 21.714526205379137 ], [ 89.236394536222974, 21.714526205379137 ], [ 89.236394536222974, 21.716771993589433 ], [ 89.234148748012672, 21.716771993589433 ], [ 89.234148748012672, 21.719017781799735 ], [ 89.236394536222974, 21.719017781799735 ], [ 89.236394536222974, 21.72350935822033 ], [ 89.240886112643565, 21.72350935822033 ] ] ] } },
{ "type": "Feature", "properties": { "protected_km2": 0.34770292263624231 }, "geometry": { "type": "Polygon", "coordinates": [ [ [ 89.245377689064171, 21.721263570010031 ], [ 89.245377689064171, 21.716771993589433 ], [ 89.240886112643565, 21.716771993589433 ], [ 89.240886112643565, 21.714526205379137 ], [ 89.238640324433277, 21.714526205379137 ], [ 89.238640324433277, 21.719017781799735 ], [ 89.240886112643565, 21.719017781799735 ], [ 89.240886112643565, 21.721263570010031 ], [ 89.245377689064171, 21.721263570010031 ] ] ] } },
{ "type": "Feature", "properties": { "protected_km2": 0.34769239426523024 }, "geometry": { "type": "Polygon", "coordinates": [ [ [ 89.265589782956852, 21.719017781799735 ], [ 89.265589782956852, 21.716771993589433 ], [ 89.267835571167154, 21.716771993589433 ], [ 89.267835571167154, 21.714526205379137 ], [ 89.27232714758776, 21.714526205379137 ], [ 89.27232714758776, 21.712280417168838 ], [ 89.265589782956852, 21.712280417168838 ], [ 89.265589782956852, 21.714526205379137 ], [ 89.263343994746563, 21.714526205379137 ], [ 89.263343994746563, 21.719017781799735 ], [ 89.265589782956852, 21.719017781799735 ] ] ] } },
{ "type": "Feature", "properties": { "protected_km2": 0.28975685423682201 }, "geometry": { "type": "Polygon", "coordinates": [ [ [ 89.254360841905367, 21.716771993589433 ], [ 89.254360841905367, 21.710034628958539 ], [ 89.249869265484762, 21.710034628958539 ], [ 89.249869265484762, 21.714526205379137 ], [ 89.252115053695064, 21.714526205379137 ], [ 89.252115053695064, 21.716771993589433 ], [ 89.254360841905367, 21.716771993589433 ] ] ] } },
{ "type": "Feature", "properties": { "protected_km2": 0.46367322259003901 }, "geometry": { "type": "Polygon", "coordinates": [ [ [ 89.263343994746563, 21.694314111486445 ], [ 89.263343994746563, 21.692068323276146 ], [ 89.258852418325958, 21.692068323276146 ], [ 89.258852418325958, 21.689822535065851 ], [ 89.263343994746563, 21.689822535065851 ], [ 89.263343994746563, 21.687576746855548 ], [ 89.254360841905367, 21.687576746855548 ], [ 89.254360841905367, 21.689822535065851 ], [ 89.25660663011567, 21.689822535065851 ], [ 89.25660663011567, 21.694314111486445 ], [ 89.263343994746563, 21.694314111486445 ] ] ] } },
{ "type": "Feature", "properties": { "protected_km2": 0.34778180025553923 }, "geometry": { "type": "Polygon", "coordinates": [ [ [ 89.234148748012672, 21.692068323276146 ], [ 89.234148748012672, 21.689822535065851 ], [ 89.231902959802369, 21.689822535065851 ], [ 89.231902959802369, 21.687576746855548 ], [ 89.229657171592081, 21.687576746855548 ], [ 89.229657171592081, 21.685330958645253 ], [ 89.225165595171475, 21.685330958645253 ], [ 89.225165595171475, 21.687576746855548 ], [ 89.227411383381778, 21.687576746855548 ], [ 89.227411383381778, 21.689822535065851 ], [ 89.229657171592081, 21.689822535065851 ], [ 89.229657171592081, 21.692068323276146 ], [ 89.234148748012672, 21.692068323276146 ] ] ] } },
{ "type": "Feature", "properties": { "protected_km2": 0.46370829736247998 }, "geometry": { "type": "Polygon", "coordinates": [ [ [ 89.261098206536261, 21.687576746855548 ], [ 89.261098206536261, 21.685330958645253 ], [ 89.258852418325958, 21.685330958645253 ], [ 89.258852418325958, 21.683085170434953 ], [ 89.25660663011567, 21.683085170434953 ], [ 89.25660663011567, 21.685330958645253 ], [ 89.254360841905367, 21.685330958645253 ], [ 89.254360841905367, 21.683085170434953 ], [ 89.252115053695064, 21.683085170434953 ], [ 89.252115053695064, 21.685330958645253 ], [ 89.247623477274473, 21.685330958645253 ], [ 89.247623477274473, 21.687576746855548 ], [ 89.261098206536261, 21.687576746855548 ] ] ] } },
{ "type": "Feature", "properties": { "protected_km2": 0.52169943255175699 }, "geometry": { "type": "Polygon", "coordinates": [ [ [ 89.240886112643565, 21.680839382224654 ], [ 89.240886112643565, 21.678593594014355 ], [ 89.243131900853868, 21.678593594014355 ], [ 89.243131900853868, 21.680839382224654 ], [ 89.245377689064171, 21.680839382224654 ], [ 89.245377689064171, 21.674102017593757 ], [ 89.238640324433277, 21.674102017593757 ], [ 89.238640324433277, 21.678593594014355 ], [ 89.236394536222974, 21.678593594014355 ], [ 89.236394536222974, 21.680839382224654 ], [ 89.240886112643565, 21.680839382224654 ] ] ] } },
{ "type": "Feature", "properties": { "protected_km2": 0.1156272755351508 }, "geometry": { "type": "Polygon", "coordinates": [ [ [ 92.068333469409765, 21.678593594014355 ], [ 92.072825045830356, 21.678593594014355 ], [ 92.072825045830356, 21.676347805804056 ], [ 92.071841892152491, 21.676347805804056 ], [ 92.071821785089952, 21.676466128228572 ], [ 92.070880894202134, 21.676738145389791 ], [ 92.07040824932848, 21.676671265904403 ], [ 92.069592241744886, 21.677068121044638 ], [ 92.068731589834158, 21.677313306732007 ], [ 92.067906711125744, 21.678209569090011 ], [ 92.067585650638279, 21.678289839719966 ], [ 92.067220009539241, 21.678200711083004 ], [ 92.066997020805047, 21.678379062676221 ], [ 92.066898953988655, 21.678624337902164 ], [ 92.067549969081696, 21.679627611848293 ], [ 92.068187603543109, 21.680256319807512 ], [ 92.068333469409765, 21.680441270940978 ], [ 92.068333469409765, 21.678593594014355 ] ] ] } },
{ "type": "Feature", "properties": { "protected_km2": 0.81154133666117123 }, "geometry": { "type": "Polygon", "coordinates": [ [ [ 89.229657171592081, 21.685330958645253 ], [ 89.229657171592081, 21.683085170434953 ], [ 89.238640324433277, 21.683085170434953 ], [ 89.238640324433277, 21.680839382224654 ], [ 89.236394536222974, 21.680839382224654 ], [ 89.236394536222974, 21.678593594014355 ], [ 89.238640324433277, 21.678593594014355 ], [ 89.238640324433277, 21.674102017593757 ], [ 89.236394536222974, 21.674102017593757 ], [ 89.236394536222974, 21.671856229383458 ], [ 89.234148748012672, 21.671856229383458 ], [ 89.234148748012672, 21.674102017593757 ], [ 89.231902959802369, 21.674102017593757 ], [ 89.231902959802369, 21.676347805804056 ], [ 89.234148748012672, 21.676347805804056 ], [ 89.234148748012672, 21.680839382224654 ], [ 89.231902959802369, 21.680839382224654 ], [ 89.231902959802369, 21.678593594014355 ], [ 89.229657171592081, 21.678593594014355 ], [ 89.229657171592081, 21.680839382224654 ], [ 89.227411383381778, 21.680839382224654 ], [ 89.227411383381778, 21.685330958645253 ], [ 89.229657171592081, 21.685330958645253 ] ] ] } },
{ "type": "Feature", "properties": { "protected_km2": 0.28982087565061182 }, "geometry": { "type": "Polygon", "coordinates": [ [ [ 89.274572935798048, 21.678593594014355 ], [ 89.274572935798048, 21.671856229383458 ], [ 89.270081359377457, 21.671856229383458 ], [ 89.270081359377457, 21.676347805804056 ], [ 89.27232714758776, 21.676347805804056 ], [ 89.27232714758776, 21.678593594014355 ], [ 89.274572935798048, 21.678593594014355 ] ] ] } },
{ "type": "Feature", "properties": { "protected_km2": 0.34781249735943265 }, "geometry": { "type": "Polygon", "coordinates": [ [ [ 89.247623477274473, 21.674102017593757 ], [ 89.247623477274473, 21.671856229383458 ], [ 89.249869265484762, 21.671856229383458 ], [ 89.249869265484762, 21.669610441173159 ], [ 89.247623477274473, 21.669610441173159 ], [ 89.247623477274473, 21.66736465296286 ], [ 89.245377689064171, 21.66736465296286 ], [ 89.245377689064171, 21.669610441173159 ], [ 89.243131900853868, 21.669610441173159 ], [ 89.243131900853868, 21.674102017593757 ], [ 89.247623477274473, 21.674102017593757 ] ] ] } },
{ "type": "Feature", "properties": { "protected_km2": 0.69568103009631399 }, "geometry": { "type": "Polygon", "coordinates": [ [ [ 89.229657171592081, 21.66736465296286 ], [ 89.229657171592081, 21.665118864752561 ], [ 89.227411383381778, 21.665118864752561 ], [ 89.227411383381778, 21.662873076542262 ], [ 89.222919806961187, 21.662873076542262 ], [ 89.222919806961187, 21.660627288331966 ], [ 89.220674018750884, 21.660627288331966 ], [ 89.220674018750884, 21.662873076542262 ], [ 89.218428230540582, 21.662873076542262 ], [ 89.218428230540582, 21.66736465296286 ], [ 89.220674018750884, 21.66736465296286 ], [ 89.220674018750884, 21.671856229383458 ], [ 89.222919806961187, 21.671856229383458 ], [ 89.222919806961187, 21.669610441173159 ], [ 89.225165595171475, 21.669610441173159 ], [ 89.225165595171475, 21.66736465296286 ], [ 89.229657171592081, 21.66736465296286 ] ], [ [ 89.222919806961187, 21.66736465296286 ], [ 89.222919806961187, 21.665118864752561 ], [ 89.225165595171475, 21.665118864752561 ], [ 89.225165595171475, 21.66736465296286 ], [ 89.222919806961187, 21.66736465296286 ] ] ] } },
{ "type": "Feature", "properties": { "protected_km2": 0.0072255951863252907 }, "geometry": { "type": "Polygon", "coordinates": [ [ [ 92.155919209611426, 21.530371572134634 ], [ 92.155919209611426, 21.532342774230901 ], [ 92.155991747047281, 21.532191883426741 ], [ 92.156067598398039, 21.531986776319563 ], [ 92.156165635708973, 21.531768290467841 ], [ 92.156196890768186, 21.531683508032302 ], [ 92.156241487353114, 21.531558727872714 ], [ 92.156344022190098, 21.531300085144977 ], [ 92.156473315355157, 21.530947806842956 ], [ 92.15650007346531, 21.530867537635757 ], [ 92.156504570628243, 21.530849658044264 ], [ 92.156549167518378, 21.530720422399682 ], [ 92.156517912214269, 21.53071591412235 ], [ 92.156513490002737, 21.530715970971862 ], [ 92.156326183510132, 21.530666913838733 ], [ 92.156174555016221, 21.530600030765207 ], [ 92.156152294227482, 21.530461743449923 ], [ 92.156138877797858, 21.530385991469146 ], [ 92.156040840545273, 21.530466176550984 ], [ 92.156045262710307, 21.530497398760659 ], [ 92.156031921264542, 21.530475111149251 ], [ 92.156014082708424, 21.530448425889453 ], [ 92.156018504870829, 21.530394903708519 ], [ 92.156023001985602, 21.530381479573684 ], [ 92.156024408298649, 21.530371572134634 ], [ 92.155919209611426, 21.530371572134634 ] ] ] } },
{ "type": "Feature", "properties": { "protected_km2": 0.034331630740470097 }, "geometry": { "type": "Polygon", "coordinates": [ [ [ 91.998714034890497, 21.433802679091784 ], [ 91.998714034890497, 21.436048467302083 ], [ 91.998959512172561, 21.436048467302083 ], [ 91.998977926330696, 21.435955533272917 ], [ 91.999481781188408, 21.435402679617194 ], [ 92.000177373188265, 21.434903197947889 ], [ 92.000360217175057, 21.434497465669544 ], [ 92.000944381866134, 21.434140705704092 ], [ 92.00124237237813, 21.433802679091784 ], [ 91.998714034890497, 21.433802679091784 ] ] ] } },
{ "type": "Feature", "properties": { "protected_km2": 0.28962186224910286 }, "geometry": { "type": "Polygon", "coordinates": [ [ [ 92.084053986881855, 21.265368563319374 ], [ 92.084053986881855, 21.258631198688477 ], [ 92.081808198671553, 21.258631198688477 ], [ 92.081808198671553, 21.260876986898779 ], [ 92.079562410461264, 21.260876986898779 ], [ 92.079562410461264, 21.265368563319374 ], [ 92.084053986881855, 21.265368563319374 ] ] ] } },
{ "type": "Feature", "properties": { "protected_km2": 0.52189328321805006 }, "geometry": { "type": "Polygon", "coordinates": [ [ [ 92.189606032765894, 21.092442871126366 ], [ 92.189606032765894, 21.085705506495472 ], [ 92.187360244555606, 21.085705506495472 ], [ 92.187360244555606, 21.083459718285173 ], [ 92.185114456345303, 21.083459718285173 ], [ 92.185114456345303, 21.087951294705768 ], [ 92.182868668135001, 21.087951294705768 ], [ 92.182868668135001, 21.092442871126366 ], [ 92.189606032765894, 21.092442871126366 ] ] ] } },
{ "type": "Feature", "properties": { "protected_km2": 0.047913350246490398 }, "geometry": { "type": "MultiPolygon", "coordinates": [ [ [ [ 92.22553864413068, 21.01159449555561 ], [ 92.226523947373096, 21.01159449555561 ], [ 92.226267222532385, 21.010673308916953 ], [ 92.225965103479211, 21.00934870734531 ], [ 92.22553864413068, 21.00934870734531 ], [ 92.22553864413068, 21.01159449555561 ] ] ], [ [ [ 92.227792195868702, 21.015364281236259 ], [ 92.227943840215815, 21.015275033411864 ], [ 92.22826484745255, 21.015243852322115 ], [ 92.228545768190855, 21.015306283921159 ], [ 92.228813327673706, 21.015489071131807 ], [ 92.228973834094205, 21.015417706984636 ], [ 92.229410837858381, 21.014525920500152 ], [ 92.229393045318901, 21.013865970165789 ], [ 92.229263693016676, 21.013750019368274 ], [ 92.228095409999824, 21.013571693378942 ], [ 92.227784432340982, 21.013218123177761 ], [ 92.227784432340982, 21.01538341711527 ], [ 92.227792195868702, 21.015364281236259 ] ] ] ] } },
{ "type": "Feature", "properties": { "protected_km2": 0.57541458616197805 }, "geometry": { "type": "Polygon", "coordinates": [ [ [ 92.25697967907486, 20.948712425667242 ], [ 92.259225467285162, 20.948712425667242 ], [ 92.259225467285162, 20.946466637456943 ], [ 92.25697967907486, 20.946466637456943 ], [ 92.25697967907486, 20.941975061036345 ], [ 92.254733890864571, 20.941975061036345 ], [ 92.254733890864571, 20.944220849246648 ], [ 92.252488102654269, 20.944220849246648 ], [ 92.252488102654269, 20.946466637456943 ], [ 92.254733890864571, 20.946466637456943 ], [ 92.254733890864571, 20.948712425667242 ], [ 92.250242314443966, 20.948712425667242 ], [ 92.250242314443966, 20.953204002087841 ], [ 92.254733890864571, 20.953204002087841 ], [ 92.254733890864571, 20.950958213877541 ], [ 92.256210367740096, 20.950958213877541 ], [ 92.256294797961317, 20.950528890418077 ], [ 92.256789757322252, 20.950243573549223 ], [ 92.25697967907486, 20.950285115979071 ], [ 92.25697967907486, 20.948712425667242 ] ] ] } },
{ "type": "Feature", "properties": { "protected_km2": 0.29027598932524851 }, "geometry": { "type": "Polygon", "coordinates": [ [ [ 92.254733890864571, 20.910534026092165 ], [ 92.254733890864571, 20.908288237881866 ], [ 92.247996526233663, 20.908288237881866 ], [ 92.247996526233663, 20.906042449671567 ], [ 92.245750738023375, 20.906042449671567 ], [ 92.245750738023375, 20.910534026092165 ], [ 92.254733890864571, 20.910534026092165 ] ] ] } }
]
}
